ano,mes,data,plataforma,perfil,categoria,tipo_conteudo,seguidores,curtidas,comentarios,compartilhamentos,visualizacoes,alcance,taxa_engajamento,horario_publicacao
2015,1,2015-01-01,LinkedIn,EducaOnline,Entretenimento,Vídeo,608562,60519,4204,8462,46688,601986,3.31,08:00
2015,1,2015-01-01,TikTok,GamesBR,Tecnologia,Imagem,733755,77926,199,7096,1635721,1798994,7.68,08:00
2015,1,2015-01-01,LinkedIn,GamesBR,Educação,Stories,986048,48692,4437,2047,1799255,2354880,4.79,18:00
2015,1,2015-01-01,YouTube,ModaHoje,Games,Imagem,814782,49169,3738,1740,195735,2072736,3.26,12:00
2015,1,2015-01-01,Facebook,TechBrasil,Tecnologia,Live,270513,585,2480,7029,1096820,2457502,3.48,21:00
2015,1,2015-01-01,X,GamesBR,Educação,Carrossel,454371,19908,1616,1405,1273884,2468620,4.62,08:00
2015,1,2015-01-01,LinkedIn,EducaOnline,Tecnologia,Vídeo,630088,16843,1610,2150,785073,1294005,2.71,12:00
2015,1,2015-01-01,LinkedIn,GamesBR,Educação,Carrossel,514971,29055,599,7205,1473184,1503174,9.78,12:00
2015,1,2015-01-01,TikTok,TechBrasil,Games,Imagem,482804,55134,3800,7065,1944415,2078107,10.99,08:00
2015,1,2015-01-01,TikTok,ModaHoje,Educação,Live,439707,30433,3830,4746,1166288,1548904,2.81,21:00
2015,1,2015-01-01,Instagram,TechBrasil,Games,Carrossel,400342,16859,1611,8245,374683,314432,8.42,12:00
2015,1,2015-01-01,Facebook,EducaOnline,Entretenimento,Live,622362,75001,3833,7832,903665,266530,3.42,18:00
2015,1,2015-01-01,X,GamesBR,Tecnologia,Carrossel,845420,62477,2621,219,1929410,1893592,11.53,12:00
2015,1,2015-01-01,YouTube,ModaHoje,Tecnologia,Stories,107124,9495,866,5898,1331502,1846476,10.78,21:00
2015,1,2015-01-01,X,GamesBR,Entretenimento,Carrossel,496985,19422,1256,4155,1563482,616637,6.56,18:00
2015,1,2015-01-01,LinkedIn,TechBrasil,Tecnologia,Vídeo,897432,69390,536,6698,1470146,2348824,4.53,12:00
2015,1,2015-01-01,YouTube,GamesBR,Tecnologia,Live,722130,9039,907,2051,1062950,2138920,7.99,18:00
2015,1,2015-01-01,Facebook,TechBrasil,Tecnologia,Imagem,18649,72584,3345,6924,582974,817579,6.6,21:00
2015,1,2015-01-01,TikTok,EducaOnline,Entretenimento,Imagem,40776,76262,1521,4413,218363,1602332,4.48,08:00
2015,1,2015-01-01,X,EducaOnline,Tecnologia,Vídeo,827736,65921,4456,9075,1226158,1418010,6.42,18:00
2015,1,2015-01-01,Instagram,EducaOnline,Entretenimento,Live,33994,39783,1153,9055,818443,577722,7.13,08:00
2015,1,2015-01-01,LinkedIn,GamesBR,Entretenimento,Imagem,183807,16092,4951,1353,1687120,2416012,2.75,21:00
2015,1,2015-01-01,YouTube,GamesBR,Games,Live,101772,2810,2809,1974,993893,48459,3.27,18:00
2015,1,2015-01-01,YouTube,EducaOnline,Educação,Stories,306916,65839,4144,6861,983430,1257375,8.89,12:00
2015,1,2015-01-01,Facebook,EducaOnline,Tecnologia,Imagem,213065,49616,873,8442,1808202,1815809,0.69,21:00
2015,1,2015-01-01,X,TechBrasil,Tecnologia,Live,672604,24605,3798,864,312199,576938,10.21,08:00
2015,1,2015-01-01,Facebook,GamesBR,Entretenimento,Live,201389,43403,3091,6631,1611886,1267383,6.21,08:00
2015,1,2015-01-01,Facebook,TechBrasil,Educação,Stories,768962,78753,1785,6641,1127333,2313898,3.74,12:00
2015,1,2015-01-01,X,TechBrasil,Educação,Live,396282,45172,3861,6391,1082226,1939512,0.87,12:00
2015,1,2015-01-01,Instagram,EducaOnline,Tecnologia,Carrossel,775039,59802,2863,4426,1425767,26513,4.52,12:00
2015,1,2015-01-01,YouTube,ModaHoje,Tecnologia,Vídeo,315331,20799,3623,2002,1406643,1636195,8.18,08:00
2015,1,2015-01-01,YouTube,EducaOnline,Educação,Imagem,909156,60176,4949,9444,14442,1674166,4.03,21:00
2015,1,2015-01-01,X,GamesBR,Entretenimento,Live,561477,75643,255,2720,441994,293774,7.49,21:00
2015,1,2015-01-01,X,TechBrasil,Games,Imagem,208480,49705,399,7779,990567,951105,3.42,12:00
2015,1,2015-01-01,LinkedIn,TechBrasil,Entretenimento,Stories,980313,22593,1141,6565,266880,874293,4.07,08:00
2015,1,2015-01-01,Facebook,ModaHoje,Entretenimento,Live,172918,78878,2395,7623,1880203,2070349,9.36,18:00
2015,1,2015-01-01,Instagram,ModaHoje,Tecnologia,Live,66869,79092,2859,4801,1971161,1135964,3.25,12:00
2015,2,2015-02-01,Facebook,ModaHoje,Educação,Imagem,30217,76874,4910,4154,1938003,914957,1.2,21:00
2015,2,2015-02-01,TikTok,ModaHoje,Educação,Imagem,835544,69819,1414,773,573050,420237,6.12,18:00
2015,2,2015-02-01,Facebook,TechBrasil,Entretenimento,Stories,208155,41027,3056,6859,1976607,1415037,11.66,08:00
2015,2,2015-02-01,X,GamesBR,Games,Imagem,667430,30642,1641,258,1892911,2360132,8.17,08:00
2015,2,2015-02-01,Instagram,GamesBR,Educação,Vídeo,335934,54131,457,941,675413,794320,1.83,18:00
2015,2,2015-02-01,YouTube,TechBrasil,Games,Imagem,550845,65605,649,505,425026,2460507,1.26,12:00
2015,2,2015-02-01,Facebook,EducaOnline,Educação,Carrossel,180481,17930,469,4772,88590,334004,9.74,21:00
2015,2,2015-02-01,YouTube,GamesBR,Educação,Imagem,380979,50308,673,4597,1140951,1572700,3.96,18:00
2015,2,2015-02-01,YouTube,ModaHoje,Educação,Stories,891670,60903,4337,6382,112449,151774,5.91,08:00
2015,2,2015-02-01,LinkedIn,ModaHoje,Games,Carrossel,100781,10119,2175,2188,1969702,1506887,10.42,12:00
2015,2,2015-02-01,Facebook,EducaOnline,Tecnologia,Imagem,51006,64287,2309,6010,1630243,2464093,11.6,18:00
2015,2,2015-02-01,Instagram,TechBrasil,Educação,Carrossel,560825,10901,4560,8795,758786,1067558,4.85,18:00
2015,2,2015-02-01,LinkedIn,EducaOnline,Tecnologia,Stories,284037,31530,112,7333,1028785,1388561,1.05,18:00
2015,2,2015-02-01,YouTube,ModaHoje,Tecnologia,Imagem,222054,18842,4737,7636,37313,2408507,11.02,12:00
2015,2,2015-02-01,Facebook,EducaOnline,Educação,Vídeo,778005,64955,865,2634,1824485,1264818,5.86,08:00
2015,2,2015-02-01,Facebook,GamesBR,Educação,Imagem,611642,1488,2151,9655,19226,1484524,5.76,12:00
2015,2,2015-02-01,X,EducaOnline,Entretenimento,Live,463845,59471,1087,1911,35386,190052,1.76,08:00
2015,2,2015-02-01,Instagram,ModaHoje,Tecnologia,Imagem,85827,20987,3533,7792,1513992,509098,10.31,08:00
2015,2,2015-02-01,Instagram,TechBrasil,Tecnologia,Imagem,510104,41573,4553,7034,1830377,1975457,4.26,08:00
2015,2,2015-02-01,TikTok,TechBrasil,Tecnologia,Carrossel,402896,31617,2481,4929,1566234,2468631,10.43,08:00
2015,2,2015-02-01,Instagram,ModaHoje,Tecnologia,Live,159861,54452,1234,6345,1901150,1386589,2.08,08:00
2015,2,2015-02-01,LinkedIn,TechBrasil,Games,Live,386584,16505,2814,3187,1751276,382251,10.53,21:00
2015,2,2015-02-01,Facebook,ModaHoje,Games,Live,649498,16257,3920,5534,1628481,1396405,2.05,18:00
2015,2,2015-02-01,TikTok,GamesBR,Entretenimento,Live,654246,74350,1081,1998,459283,1956343,8.63,21:00
2015,2,2015-02-01,YouTube,EducaOnline,Educação,Live,571243,24918,2191,4242,388914,1298111,1.45,08:00
2015,2,2015-02-01,Instagram,EducaOnline,Entretenimento,Vídeo,865237,63503,4582,1015,1455733,212237,0.92,21:00
2015,2,2015-02-01,LinkedIn,EducaOnline,Games,Vídeo,902428,47679,101,2314,368961,2169695,8.58,08:00
2015,2,2015-02-01,Instagram,ModaHoje,Tecnologia,Stories,50109,12305,649,5850,1184619,2347553,7.61,21:00
2015,2,2015-02-01,Facebook,EducaOnline,Entretenimento,Stories,387794,18552,4125,8245,304186,2205361,5.14,21:00
2015,2,2015-02-01,TikTok,ModaHoje,Tecnologia,Live,194900,5863,2421,2467,1148216,1929960,5.87,18:00
2015,2,2015-02-01,YouTube,TechBrasil,Entretenimento,Vídeo,137334,27394,1457,2159,895065,1780368,5.14,21:00
2015,2,2015-02-01,TikTok,GamesBR,Tecnologia,Stories,943446,50640,4024,8624,122537,1830764,3.73,21:00
2015,2,2015-02-01,X,ModaHoje,Educação,Carrossel,93674,14913,1999,7213,1368620,1978032,2.65,18:00
2015,2,2015-02-01,Instagram,EducaOnline,Educação,Stories,961596,66351,1649,2555,786783,2343987,1.91,12:00
2015,2,2015-02-01,TikTok,ModaHoje,Entretenimento,Stories,70556,31966,2681,9394,1459692,2021855,5.64,21:00
2015,2,2015-02-01,Instagram,GamesBR,Games,Live,933650,73056,188,154,1695082,1558927,7.92,18:00
2015,2,2015-02-01,YouTube,EducaOnline,Tecnologia,Live,26206,36544,2635,974,446348,1285815,8.2,08:00
2015,3,2015-03-01,Instagram,GamesBR,Entretenimento,Live,159158,52435,4542,8517,113205,1688535,8.92,21:00
2015,3,2015-03-01,Facebook,GamesBR,Educação,Stories,999006,60332,3126,7177,324826,629591,11.83,21:00
2015,3,2015-03-01,TikTok,GamesBR,Games,Stories,87571,18755,2771,9081,712149,291422,8.35,18:00
2015,3,2015-03-01,Instagram,EducaOnline,Educação,Live,368615,34856,1238,9426,906476,2119859,3.13,21:00
2015,3,2015-03-01,Instagram,EducaOnline,Entretenimento,Live,750047,28304,4360,9639,727631,2119415,5.7,12:00
2015,3,2015-03-01,Instagram,TechBrasil,Entretenimento,Carrossel,788666,68827,1564,404,687608,215355,1.14,08:00
2015,3,2015-03-01,Facebook,EducaOnline,Educação,Vídeo,632138,62218,1920,1217,1502609,1596820,1.94,12:00
2015,3,2015-03-01,YouTube,TechBrasil,Games,Stories,331034,38793,1209,659,1067215,2383483,2.53,18:00
2015,3,2015-03-01,YouTube,GamesBR,Tecnologia,Stories,421513,17821,1592,6003,694047,1676303,10.1,08:00
2015,3,2015-03-01,Instagram,TechBrasil,Entretenimento,Carrossel,176174,6971,4157,1467,360377,2389303,4.13,18:00
2015,3,2015-03-01,LinkedIn,EducaOnline,Entretenimento,Carrossel,649056,51210,3701,50,1406112,2280422,1.97,12:00
2015,3,2015-03-01,LinkedIn,GamesBR,Tecnologia,Imagem,189979,39316,248,7497,732612,1765827,10.94,21:00
2015,3,2015-03-01,LinkedIn,EducaOnline,Games,Carrossel,787011,19940,1918,7099,1653355,944989,4.66,08:00
2015,3,2015-03-01,Facebook,ModaHoje,Games,Stories,493389,49233,2906,8411,248499,381607,10.56,18:00
2015,3,2015-03-01,X,GamesBR,Games,Stories,215171,54588,881,3267,161204,813548,1.43,08:00
2015,3,2015-03-01,Facebook,EducaOnline,Entretenimento,Stories,15062,54934,4841,1861,1888589,1748463,11.8,21:00
2015,3,2015-03-01,X,TechBrasil,Educação,Live,143300,30094,363,8665,249762,898435,6.34,12:00
2015,3,2015-03-01,LinkedIn,EducaOnline,Games,Vídeo,66295,36722,2684,9327,1021196,706483,6.94,18:00
2015,3,2015-03-01,TikTok,ModaHoje,Educação,Vídeo,293726,46666,465,6311,1441219,1548112,2.62,08:00
2015,3,2015-03-01,X,ModaHoje,Entretenimento,Carrossel,344000,5165,3315,2638,138088,1970875,11.63,12:00
2015,3,2015-03-01,YouTube,TechBrasil,Tecnologia,Stories,454643,14373,1368,4597,1655124,588328,3.54,08:00
2015,3,2015-03-01,X,GamesBR,Tecnologia,Carrossel,178689,30232,1580,1394,668334,451766,5.93,18:00
2015,3,2015-03-01,Facebook,TechBrasil,Educação,Carrossel,170617,65153,2745,9204,232051,2236505,11.93,18:00
2015,3,2015-03-01,Instagram,ModaHoje,Entretenimento,Live,6515,41143,889,1715,286712,2366622,1.22,18:00
2015,3,2015-03-01,Facebook,GamesBR,Entretenimento,Carrossel,21773,29262,4538,7818,370852,2362714,2.32,12:00
2015,3,2015-03-01,TikTok,TechBrasil,Entretenimento,Imagem,88718,65057,1752,8494,1684800,1131834,1.01,12:00
2015,3,2015-03-01,LinkedIn,TechBrasil,Games,Stories,367324,32725,1413,7844,1567714,941519,4.28,12:00
2015,3,2015-03-01,Facebook,TechBrasil,Entretenimento,Stories,766381,75475,2830,2584,1448136,1095382,0.91,08:00
2015,3,2015-03-01,LinkedIn,GamesBR,Games,Imagem,669823,62902,2551,6766,1876238,2223219,11.65,12:00
2015,3,2015-03-01,LinkedIn,TechBrasil,Entretenimento,Carrossel,190530,38517,2660,9954,1416998,1333706,5.29,12:00
2015,3,2015-03-01,X,TechBrasil,Games,Live,327867,76450,1469,7570,930704,1467725,6.21,18:00
2015,3,2015-03-01,Instagram,TechBrasil,Games,Live,193042,72297,1355,5758,388241,1634678,10.66,21:00
2015,3,2015-03-01,Instagram,EducaOnline,Entretenimento,Stories,430552,70916,3784,2647,988939,1839608,2.44,08:00
2015,3,2015-03-01,LinkedIn,GamesBR,Educação,Carrossel,970646,19909,1288,4210,250079,447376,3.17,18:00
2015,3,2015-03-01,LinkedIn,GamesBR,Tecnologia,Imagem,822408,12085,3161,3040,329138,602797,0.52,18:00
2015,3,2015-03-01,YouTube,ModaHoje,Entretenimento,Imagem,56579,5743,2645,595,1851421,391865,6.1,08:00
2015,3,2015-03-01,Facebook,EducaOnline,Educação,Carrossel,198888,74405,98,1749,1181462,1975698,5.02,18:00
2015,4,2015-04-01,LinkedIn,TechBrasil,Games,Imagem,105980,66950,3464,4021,1453854,1637599,6.59,18:00
2015,4,2015-04-01,Instagram,TechBrasil,Educação,Vídeo,978471,36781,4373,1440,307687,960368,4.69,08:00
2015,4,2015-04-01,TikTok,GamesBR,Tecnologia,Carrossel,593016,59311,2949,8229,1064229,1890539,4.07,08:00
2015,4,2015-04-01,Facebook,GamesBR,Games,Live,263004,21825,1280,2057,621815,91991,5.48,08:00
2015,4,2015-04-01,YouTube,ModaHoje,Entretenimento,Imagem,525258,31327,1762,9712,1202612,211242,0.69,18:00
2015,4,2015-04-01,TikTok,EducaOnline,Entretenimento,Stories,52801,43664,1350,9363,967438,2372626,7.33,12:00
2015,4,2015-04-01,YouTube,EducaOnline,Tecnologia,Imagem,742928,5450,4192,8170,1578216,352381,11.66,21:00
2015,4,2015-04-01,Facebook,EducaOnline,Tecnologia,Vídeo,655280,79951,2712,3559,1998227,503435,1.28,18:00
2015,4,2015-04-01,Facebook,ModaHoje,Games,Carrossel,181451,47868,1017,4417,1488787,75461,8.74,18:00
2015,4,2015-04-01,LinkedIn,GamesBR,Entretenimento,Live,143356,57901,787,4666,13413,1899529,1.06,12:00
2015,4,2015-04-01,LinkedIn,TechBrasil,Games,Vídeo,739634,11725,1621,8533,1590322,608702,9.64,08:00
2015,4,2015-04-01,X,GamesBR,Educação,Vídeo,606182,56125,313,3404,1887634,311893,3.57,12:00
2015,4,2015-04-01,X,TechBrasil,Tecnologia,Vídeo,893034,34348,2327,6071,1161904,191915,6.19,08:00
2015,4,2015-04-01,TikTok,GamesBR,Games,Vídeo,988923,41159,3727,6054,737158,365285,10.14,21:00
2015,4,2015-04-01,Instagram,ModaHoje,Entretenimento,Stories,81840,1325,1620,6682,453443,419221,10.77,18:00
2015,4,2015-04-01,YouTube,EducaOnline,Educação,Carrossel,865964,18314,2082,9035,1793496,505763,7.11,08:00
2015,4,2015-04-01,LinkedIn,TechBrasil,Educação,Stories,759948,22165,3684,4601,949298,1660103,9.51,08:00
2015,4,2015-04-01,X,GamesBR,Educação,Imagem,537246,18934,1462,4133,1624832,2059158,2.27,12:00
2015,4,2015-04-01,TikTok,GamesBR,Educação,Vídeo,556992,31064,2569,7262,1230495,1807601,1.52,12:00
2015,4,2015-04-01,Facebook,TechBrasil,Tecnologia,Vídeo,540803,17702,1840,215,114506,24574,9.37,21:00
2015,4,2015-04-01,LinkedIn,TechBrasil,Games,Stories,443704,58496,4940,7045,1895670,2435529,6.49,18:00
2015,4,2015-04-01,LinkedIn,TechBrasil,Tecnologia,Stories,39771,15723,4348,2138,794320,767762,7.19,18:00
2015,4,2015-04-01,Facebook,GamesBR,Entretenimento,Imagem,741509,48161,4555,2101,936019,200604,4.55,08:00
2015,4,2015-04-01,TikTok,TechBrasil,Educação,Imagem,22960,28443,3596,2994,1593817,1312379,4.0,21:00
2015,4,2015-04-01,YouTube,GamesBR,Tecnologia,Vídeo,128876,29622,734,109,1067282,1880068,5.93,18:00
2015,4,2015-04-01,YouTube,ModaHoje,Tecnologia,Vídeo,93435,40990,2130,707,823798,540270,5.79,18:00
2015,4,2015-04-01,YouTube,EducaOnline,Entretenimento,Imagem,750124,73026,1871,3262,1814629,479573,4.43,08:00
2015,4,2015-04-01,X,GamesBR,Games,Stories,534390,67755,1422,3581,1541014,1502334,7.65,12:00
2015,4,2015-04-01,YouTube,GamesBR,Educação,Stories,976529,33195,4413,4151,1953388,281405,11.81,18:00
2015,4,2015-04-01,X,EducaOnline,Tecnologia,Live,158183,5377,3327,8854,1904867,1476274,3.31,12:00
2015,4,2015-04-01,LinkedIn,ModaHoje,Entretenimento,Carrossel,603063,72674,4320,6349,1972982,2019354,7.64,21:00
2015,4,2015-04-01,X,ModaHoje,Educação,Imagem,314660,3213,3767,9985,1581390,881750,1.87,18:00
2015,4,2015-04-01,X,TechBrasil,Educação,Vídeo,842589,8813,2326,7605,1125187,706195,7.63,08:00
2015,4,2015-04-01,YouTube,GamesBR,Educação,Live,192443,59010,3745,9538,921647,1865832,8.53,12:00
2015,4,2015-04-01,YouTube,EducaOnline,Games,Imagem,127252,76079,62,1462,1682145,984075,9.36,08:00
2015,4,2015-04-01,TikTok,TechBrasil,Games,Live,62519,10468,4350,2983,903694,2374256,8.75,21:00
2015,4,2015-04-01,Instagram,EducaOnline,Tecnologia,Imagem,606495,2933,4233,4716,1701211,712778,11.94,18:00
2015,5,2015-05-01,YouTube,TechBrasil,Entretenimento,Carrossel,373120,8292,4504,5994,1227662,2134752,11.13,12:00
2015,5,2015-05-01,Facebook,ModaHoje,Games,Carrossel,498353,74689,2092,5321,1191527,1058065,9.75,18:00
2015,5,2015-05-01,Facebook,TechBrasil,Games,Live,598962,41311,839,6694,1101886,940490,6.19,12:00
2015,5,2015-05-01,Facebook,GamesBR,Entretenimento,Live,253727,39427,2700,2238,1419312,699176,5.73,21:00
2015,5,2015-05-01,YouTube,EducaOnline,Educação,Vídeo,625861,51052,3216,4222,1129282,1629140,8.59,12:00
2015,5,2015-05-01,LinkedIn,GamesBR,Tecnologia,Stories,705643,65410,4575,1915,1707147,372217,8.67,21:00
2015,5,2015-05-01,X,ModaHoje,Entretenimento,Live,573737,32002,3885,3006,1574800,456429,7.93,08:00
2015,5,2015-05-01,LinkedIn,TechBrasil,Entretenimento,Imagem,303218,28654,2705,1868,221757,1971855,8.46,18:00
2015,5,2015-05-01,LinkedIn,ModaHoje,Tecnologia,Live,686239,43388,3028,7565,96216,92765,9.38,18:00
2015,5,2015-05-01,LinkedIn,TechBrasil,Games,Imagem,718860,2268,305,9870,146633,656127,7.38,12:00
2015,5,2015-05-01,Facebook,ModaHoje,Tecnologia,Stories,23951,6548,4704,9336,243304,531334,2.25,08:00
2015,5,2015-05-01,Instagram,ModaHoje,Educação,Stories,395051,38912,2411,658,1912388,395462,11.44,18:00
2015,5,2015-05-01,TikTok,TechBrasil,Educação,Carrossel,721952,58892,2925,4476,600080,848506,2.59,08:00
2015,5,2015-05-01,YouTube,GamesBR,Entretenimento,Carrossel,291613,18068,3666,6556,1537259,2009784,9.09,21:00
2015,5,2015-05-01,Instagram,EducaOnline,Entretenimento,Vídeo,280543,42030,3095,5245,1207038,621565,4.49,21:00
2015,5,2015-05-01,Instagram,TechBrasil,Educação,Imagem,754862,43811,2717,2446,1632113,1736655,4.27,08:00
2015,5,2015-05-01,YouTube,EducaOnline,Entretenimento,Live,507831,57039,1484,5479,1501099,2042742,5.75,08:00
2015,5,2015-05-01,YouTube,EducaOnline,Entretenimento,Live,319067,63857,477,7421,543276,1622677,8.74,08:00
2015,5,2015-05-01,YouTube,TechBrasil,Entretenimento,Carrossel,160518,43579,3388,5769,1304311,292768,0.86,08:00
2015,5,2015-05-01,X,EducaOnline,Educação,Stories,681838,73977,4149,9195,1407190,1143323,3.94,08:00
2015,5,2015-05-01,Instagram,EducaOnline,Games,Live,372395,28645,1875,2545,1062451,572604,6.26,08:00
2015,5,2015-05-01,Facebook,GamesBR,Tecnologia,Live,424584,26790,317,5963,1938426,1579527,2.95,08:00
2015,5,2015-05-01,YouTube,ModaHoje,Entretenimento,Stories,748115,29518,3944,9361,1932185,2249239,1.61,08:00
2015,5,2015-05-01,Instagram,GamesBR,Entretenimento,Vídeo,879256,9886,3679,4342,905791,1764293,4.35,21:00
2015,5,2015-05-01,LinkedIn,TechBrasil,Educação,Live,492511,24336,4746,6633,386321,1102868,3.89,18:00
2015,5,2015-05-01,TikTok,TechBrasil,Educação,Stories,494244,76699,1909,5672,1176263,1453289,8.93,12:00
2015,5,2015-05-01,TikTok,EducaOnline,Tecnologia,Imagem,911076,4298,636,8961,1019307,1116999,0.67,12:00
2015,5,2015-05-01,LinkedIn,GamesBR,Tecnologia,Vídeo,345134,67866,3608,4609,421688,2299482,9.16,18:00
2015,5,2015-05-01,Instagram,EducaOnline,Entretenimento,Carrossel,942699,41125,1490,9360,1196865,1590608,10.25,12:00
2015,5,2015-05-01,X,EducaOnline,Educação,Stories,446265,24864,1921,8502,1485443,599170,6.19,08:00
2015,5,2015-05-01,YouTube,ModaHoje,Educação,Vídeo,845448,36787,4786,4456,1535110,1621642,10.11,21:00
2015,5,2015-05-01,X,TechBrasil,Educação,Live,730452,37385,4510,9681,164465,943800,9.04,21:00
2015,5,2015-05-01,LinkedIn,ModaHoje,Tecnologia,Carrossel,213424,71193,2706,6863,1878716,2070917,3.52,12:00
2015,5,2015-05-01,X,TechBrasil,Games,Carrossel,487653,40135,3184,9407,1718495,744361,10.44,18:00
2015,5,2015-05-01,Instagram,GamesBR,Tecnologia,Live,573663,8551,69,9441,1863402,472673,2.88,21:00
2015,5,2015-05-01,LinkedIn,ModaHoje,Tecnologia,Live,374079,53793,1573,9184,960396,141342,10.45,12:00
2015,5,2015-05-01,TikTok,ModaHoje,Tecnologia,Imagem,802640,73677,2462,8803,1637479,2099265,11.78,08:00
2015,6,2015-06-01,TikTok,GamesBR,Educação,Imagem,418991,22202,4530,9022,1665421,2338313,8.02,21:00
2015,6,2015-06-01,YouTube,ModaHoje,Tecnologia,Stories,861904,46170,3971,9570,1835950,1455541,5.08,21:00
2015,6,2015-06-01,TikTok,GamesBR,Educação,Carrossel,117582,60408,576,5851,384658,453733,6.53,21:00
2015,6,2015-06-01,LinkedIn,EducaOnline,Educação,Stories,425321,78392,413,8727,532598,2407400,4.34,21:00
2015,6,2015-06-01,X,ModaHoje,Tecnologia,Imagem,932911,6168,238,4204,1348900,1488348,2.52,21:00
2015,6,2015-06-01,X,ModaHoje,Educação,Carrossel,82463,67733,160,3102,57378,648560,5.95,18:00
2015,6,2015-06-01,Facebook,TechBrasil,Games,Imagem,483955,15021,357,5030,199201,694877,10.98,08:00
2015,6,2015-06-01,TikTok,TechBrasil,Games,Vídeo,915326,6425,1538,6118,1559384,449772,3.9,21:00
2015,6,2015-06-01,TikTok,EducaOnline,Educação,Vídeo,507763,4129,1658,8808,441855,316148,10.06,21:00
2015,6,2015-06-01,Instagram,TechBrasil,Entretenimento,Live,561794,68104,1754,3538,844499,1654477,7.68,18:00
2015,6,2015-06-01,Facebook,EducaOnline,Tecnologia,Carrossel,768975,73569,4696,4741,987968,2441118,9.15,12:00
2015,6,2015-06-01,TikTok,ModaHoje,Entretenimento,Live,430740,4286,1677,4454,1701782,564069,3.34,18:00
2015,6,2015-06-01,Facebook,TechBrasil,Educação,Stories,615501,42331,4802,5512,209120,2252003,4.43,18:00
2015,6,2015-06-01,TikTok,EducaOnline,Educação,Vídeo,691002,22181,1306,6780,380546,155375,4.84,18:00
2015,6,2015-06-01,Facebook,ModaHoje,Entretenimento,Imagem,844757,22919,4394,440,644484,69905,8.13,12:00
2015,6,2015-06-01,Facebook,EducaOnline,Entretenimento,Imagem,205994,15705,4572,3820,1700219,1222551,6.63,18:00
2015,6,2015-06-01,Instagram,EducaOnline,Educação,Vídeo,259335,65688,4517,2831,1235658,1791675,2.31,18:00
2015,6,2015-06-01,LinkedIn,TechBrasil,Entretenimento,Imagem,329888,22769,1333,5668,299386,1867519,2.52,08:00
2015,6,2015-06-01,Facebook,GamesBR,Educação,Imagem,559663,49334,3562,5779,1060797,583893,10.32,21:00
2015,6,2015-06-01,X,EducaOnline,Tecnologia,Carrossel,160685,829,1413,6660,306643,572988,10.83,08:00
2015,6,2015-06-01,LinkedIn,EducaOnline,Entretenimento,Imagem,107408,6229,2914,4873,309211,1473692,11.93,21:00
2015,6,2015-06-01,X,TechBrasil,Educação,Carrossel,175175,36855,2111,6403,1482539,1617056,6.24,21:00
2015,6,2015-06-01,YouTube,TechBrasil,Entretenimento,Imagem,451776,14517,117,6243,190326,1447050,8.64,08:00
2015,6,2015-06-01,Facebook,ModaHoje,Entretenimento,Live,589767,61736,2088,4397,944677,1163254,8.04,12:00
2015,6,2015-06-01,X,ModaHoje,Educação,Stories,242252,25565,4918,8931,1663050,29003,5.87,18:00
2015,6,2015-06-01,Facebook,TechBrasil,Games,Vídeo,551820,51198,780,7905,1092982,185246,8.35,08:00
2015,6,2015-06-01,YouTube,ModaHoje,Entretenimento,Imagem,139286,55545,105,7499,359965,44729,6.49,08:00
2015,6,2015-06-01,YouTube,ModaHoje,Educação,Stories,19897,1223,4053,8639,964401,1003183,9.0,08:00
2015,6,2015-06-01,TikTok,EducaOnline,Games,Imagem,764406,31957,2587,7885,28124,1633945,9.2,12:00
2015,6,2015-06-01,Instagram,ModaHoje,Entretenimento,Carrossel,697311,25898,463,3863,1753113,1756731,1.9,08:00
2015,6,2015-06-01,YouTube,TechBrasil,Educação,Live,332832,52291,426,3561,157832,2433848,10.88,12:00
2015,6,2015-06-01,LinkedIn,EducaOnline,Games,Imagem,263219,21088,2852,94,611733,19163,11.94,21:00
2015,6,2015-06-01,TikTok,EducaOnline,Tecnologia,Carrossel,153668,21673,4049,3500,1158822,1142256,8.13,08:00
2015,6,2015-06-01,LinkedIn,TechBrasil,Games,Stories,591978,15588,266,8713,540857,746962,7.69,21:00
2015,6,2015-06-01,YouTube,ModaHoje,Educação,Carrossel,120309,22644,4605,2598,1618994,2472914,7.9,12:00
2015,6,2015-06-01,Instagram,EducaOnline,Entretenimento,Stories,141154,39916,2095,276,1306472,1611320,5.74,08:00
2015,6,2015-06-01,YouTube,ModaHoje,Entretenimento,Carrossel,374673,55527,429,7397,1419415,2430357,7.03,21:00
2015,7,2015-07-01,Instagram,EducaOnline,Games,Imagem,742726,57380,4018,7422,1577199,2348651,9.3,08:00
2015,7,2015-07-01,Facebook,EducaOnline,Games,Carrossel,314118,35823,1390,9314,651522,1422885,9.0,08:00
2015,7,2015-07-01,LinkedIn,ModaHoje,Entretenimento,Stories,346036,56415,1245,9611,917610,255407,6.5,18:00
2015,7,2015-07-01,X,GamesBR,Educação,Imagem,962601,12682,1198,2666,889833,1935801,3.73,21:00
2015,7,2015-07-01,X,ModaHoje,Educação,Vídeo,224419,65790,3142,4061,1327879,1928637,1.63,18:00
2015,7,2015-07-01,Instagram,EducaOnline,Educação,Imagem,71952,42334,4778,8472,821217,1429724,1.38,12:00
2015,7,2015-07-01,TikTok,GamesBR,Games,Carrossel,514286,13570,417,3761,1576054,1467739,8.53,21:00
2015,7,2015-07-01,TikTok,EducaOnline,Educação,Vídeo,824448,59640,3323,1026,1268402,1183010,2.81,18:00
2015,7,2015-07-01,TikTok,GamesBR,Games,Live,905348,43930,673,7102,1374084,493886,10.17,21:00
2015,7,2015-07-01,Instagram,GamesBR,Tecnologia,Carrossel,764172,15558,641,8615,1036120,1273191,4.16,08:00
2015,7,2015-07-01,X,EducaOnline,Tecnologia,Stories,326801,64397,2576,9956,394201,1513143,1.3,21:00
2015,7,2015-07-01,X,GamesBR,Entretenimento,Stories,732924,23042,3887,1637,808900,1807963,7.61,12:00
2015,7,2015-07-01,Instagram,GamesBR,Educação,Carrossel,330648,7115,1718,4067,585964,570399,3.92,18:00
2015,7,2015-07-01,TikTok,ModaHoje,Entretenimento,Stories,688652,39882,814,2801,1608429,478465,11.46,21:00
2015,7,2015-07-01,Facebook,EducaOnline,Entretenimento,Live,808315,79615,1885,2321,148427,600965,3.19,21:00
2015,7,2015-07-01,Facebook,ModaHoje,Tecnologia,Vídeo,983704,11686,3573,5538,744734,553684,8.49,12:00
2015,7,2015-07-01,LinkedIn,GamesBR,Games,Live,252372,8158,1599,2110,1968366,1752053,5.3,21:00
2015,7,2015-07-01,LinkedIn,GamesBR,Tecnologia,Carrossel,26842,19365,360,6354,1688102,1264341,8.86,21:00
2015,7,2015-07-01,LinkedIn,ModaHoje,Tecnologia,Imagem,501893,14457,2352,4442,497240,56853,3.56,18:00
2015,7,2015-07-01,Instagram,ModaHoje,Games,Live,981176,68617,2751,9524,14701,282248,11.81,12:00
2015,7,2015-07-01,LinkedIn,TechBrasil,Tecnologia,Live,470943,76877,4725,8323,531134,990126,6.27,08:00
2015,7,2015-07-01,X,ModaHoje,Games,Vídeo,399863,5320,325,5438,1275876,880705,7.92,12:00
2015,7,2015-07-01,X,EducaOnline,Games,Stories,770506,6947,2124,5727,620613,2269351,2.17,08:00
2015,7,2015-07-01,TikTok,TechBrasil,Tecnologia,Vídeo,276176,17164,559,3981,1543401,118669,11.97,21:00
2015,7,2015-07-01,TikTok,GamesBR,Entretenimento,Vídeo,807050,18763,2940,3084,1105436,1562772,0.57,08:00
2015,7,2015-07-01,TikTok,EducaOnline,Tecnologia,Carrossel,362441,31754,3443,6193,1776260,937360,2.17,18:00
2015,7,2015-07-01,Instagram,TechBrasil,Tecnologia,Vídeo,493217,47766,1536,6875,864922,2481845,9.93,21:00
2015,7,2015-07-01,Facebook,EducaOnline,Educação,Carrossel,56272,17398,2464,8666,1205533,1639816,6.48,18:00
2015,7,2015-07-01,TikTok,EducaOnline,Educação,Live,213823,76101,2039,506,1781378,2237648,8.56,08:00
2015,7,2015-07-01,Instagram,EducaOnline,Games,Vídeo,405961,6009,2989,9140,1939741,1212273,2.28,12:00
2015,7,2015-07-01,X,TechBrasil,Games,Imagem,219224,10422,4842,7923,1359664,1441758,7.87,08:00
2015,7,2015-07-01,X,GamesBR,Games,Carrossel,702835,15570,203,5895,1572320,2018129,0.68,18:00
2015,7,2015-07-01,YouTube,EducaOnline,Educação,Carrossel,115967,17573,4819,5560,346370,1983209,7.37,21:00
2015,7,2015-07-01,X,EducaOnline,Games,Imagem,767178,43144,4011,4672,1636373,2121569,6.46,18:00
2015,7,2015-07-01,TikTok,TechBrasil,Entretenimento,Stories,455036,22535,1913,7501,1190484,223204,8.89,21:00
2015,7,2015-07-01,LinkedIn,ModaHoje,Entretenimento,Vídeo,804222,28245,1611,8880,346610,1405488,8.06,08:00
2015,7,2015-07-01,Facebook,EducaOnline,Educação,Vídeo,452448,56762,747,1953,1213215,734849,2.87,18:00
2015,8,2015-08-01,Facebook,ModaHoje,Games,Live,791552,51372,4539,2472,622478,621177,2.54,21:00
2015,8,2015-08-01,LinkedIn,GamesBR,Educação,Stories,662124,13749,4146,5997,41959,1050311,5.7,08:00
2015,8,2015-08-01,TikTok,TechBrasil,Tecnologia,Imagem,536234,74566,4958,1169,516979,1982654,4.2,18:00
2015,8,2015-08-01,TikTok,EducaOnline,Educação,Imagem,55452,23102,2935,7225,13782,1536430,6.29,08:00
2015,8,2015-08-01,TikTok,TechBrasil,Tecnologia,Live,613641,27935,1552,3862,1777896,2060138,5.52,18:00
2015,8,2015-08-01,LinkedIn,GamesBR,Educação,Carrossel,1424,52599,594,6629,1696726,2278557,5.78,21:00
2015,8,2015-08-01,Instagram,EducaOnline,Tecnologia,Imagem,581802,19107,436,1505,242441,1283653,2.08,21:00
2015,8,2015-08-01,Facebook,TechBrasil,Entretenimento,Stories,181174,52283,336,2272,1936910,2211784,8.08,08:00
2015,8,2015-08-01,LinkedIn,ModaHoje,Tecnologia,Vídeo,728384,63232,4270,6179,130018,243338,8.96,21:00
2015,8,2015-08-01,YouTube,TechBrasil,Entretenimento,Imagem,717752,79467,861,6342,1154415,676364,4.31,21:00
2015,8,2015-08-01,Instagram,TechBrasil,Tecnologia,Live,72671,77669,4385,3453,458077,864108,2.1,18:00
2015,8,2015-08-01,YouTube,GamesBR,Educação,Live,401903,37782,3728,6479,315993,351418,7.28,12:00
2015,8,2015-08-01,LinkedIn,ModaHoje,Entretenimento,Vídeo,201508,72219,1211,7641,381003,1561111,2.85,18:00
2015,8,2015-08-01,TikTok,EducaOnline,Educação,Carrossel,558094,16193,546,7694,1781688,465970,7.36,08:00
2015,8,2015-08-01,LinkedIn,TechBrasil,Entretenimento,Carrossel,340684,45464,3898,6029,1245622,1921869,1.25,12:00
2015,8,2015-08-01,Instagram,GamesBR,Educação,Carrossel,711681,51556,1542,4151,1884886,774671,6.0,08:00
2015,8,2015-08-01,Instagram,TechBrasil,Entretenimento,Carrossel,584715,25975,2881,3158,732672,2057919,5.28,18:00
2015,8,2015-08-01,Instagram,GamesBR,Entretenimento,Vídeo,198198,62429,833,3133,841820,632425,2.29,21:00
2015,8,2015-08-01,YouTube,EducaOnline,Games,Vídeo,178173,8847,2725,5694,1200235,788408,4.5,08:00
2015,8,2015-08-01,LinkedIn,TechBrasil,Tecnologia,Stories,66722,38671,2363,2826,183852,1337077,5.78,18:00
2015,8,2015-08-01,TikTok,GamesBR,Entretenimento,Carrossel,869297,23788,2594,6982,1092599,1201745,7.63,08:00
2015,8,2015-08-01,LinkedIn,TechBrasil,Games,Stories,54258,44854,20,4653,1109547,300408,8.61,21:00
2015,8,2015-08-01,Instagram,ModaHoje,Games,Imagem,283704,33722,3809,3113,978239,1844996,1.55,21:00
2015,8,2015-08-01,Instagram,TechBrasil,Entretenimento,Vídeo,986393,73286,1181,5820,353982,586919,1.14,21:00
2015,8,2015-08-01,Instagram,GamesBR,Tecnologia,Imagem,281924,26626,2734,7678,731896,1455193,10.13,08:00
2015,8,2015-08-01,Instagram,GamesBR,Entretenimento,Live,98810,4539,4448,9285,736023,1007932,5.8,21:00
2015,8,2015-08-01,Instagram,TechBrasil,Entretenimento,Live,927358,5354,424,5052,1284304,1620054,3.85,21:00
2015,8,2015-08-01,X,ModaHoje,Games,Live,345920,61820,2117,3676,1296647,82816,3.42,08:00
2015,8,2015-08-01,TikTok,ModaHoje,Entretenimento,Live,341736,78723,17,819,1481793,1373845,9.6,21:00
2015,8,2015-08-01,Instagram,ModaHoje,Educação,Live,506759,63196,1106,5889,1664294,1168948,8.72,08:00
2015,8,2015-08-01,Facebook,ModaHoje,Educação,Imagem,481047,64614,3530,3536,25043,840538,10.97,18:00
2015,8,2015-08-01,Instagram,ModaHoje,Tecnologia,Carrossel,672111,49554,402,9057,960509,141122,2.1,21:00
2015,8,2015-08-01,YouTube,GamesBR,Educação,Carrossel,623005,63806,2053,4960,259016,1908117,5.0,21:00
2015,8,2015-08-01,Facebook,EducaOnline,Tecnologia,Imagem,195963,7495,4248,9156,1858094,1508411,5.72,08:00
2015,8,2015-08-01,X,GamesBR,Entretenimento,Imagem,667789,43414,1526,9364,1291268,110214,5.2,21:00
2015,8,2015-08-01,TikTok,EducaOnline,Games,Vídeo,432456,59427,3831,4878,487395,1142127,4.68,12:00
2015,8,2015-08-01,LinkedIn,GamesBR,Educação,Imagem,508849,33352,882,8474,973754,1247452,4.03,08:00
2015,9,2015-09-01,YouTube,EducaOnline,Educação,Carrossel,403431,71325,3515,6288,382042,1447615,11.93,21:00
2015,9,2015-09-01,TikTok,EducaOnline,Entretenimento,Live,632714,29012,3311,3075,40801,2396999,1.61,08:00
2015,9,2015-09-01,Facebook,EducaOnline,Entretenimento,Stories,768014,56473,4839,3092,152616,2462112,0.88,18:00
2015,9,2015-09-01,Instagram,GamesBR,Entretenimento,Imagem,112999,76977,3493,5472,399824,1583361,4.54,21:00
2015,9,2015-09-01,TikTok,TechBrasil,Games,Imagem,375733,18538,3989,9757,199915,1724816,5.53,18:00
2015,9,2015-09-01,TikTok,GamesBR,Entretenimento,Vídeo,498831,32924,475,8547,37665,1499311,7.15,21:00
2015,9,2015-09-01,TikTok,ModaHoje,Games,Stories,273835,64409,2218,9850,1413020,702858,0.97,08:00
2015,9,2015-09-01,Facebook,EducaOnline,Tecnologia,Vídeo,567338,68097,4893,6530,527499,1920792,6.52,12:00
2015,9,2015-09-01,Instagram,GamesBR,Entretenimento,Stories,854625,36838,2622,8352,603022,260358,4.6,12:00
2015,9,2015-09-01,LinkedIn,GamesBR,Games,Stories,394835,6466,2015,7656,1150943,67546,1.82,21:00
2015,9,2015-09-01,X,EducaOnline,Tecnologia,Stories,491105,34198,2793,1521,1814552,1907837,11.8,18:00
2015,9,2015-09-01,Facebook,ModaHoje,Entretenimento,Live,904438,66434,4049,8885,1387300,2386987,10.52,21:00
2015,9,2015-09-01,TikTok,ModaHoje,Games,Stories,376569,49482,4220,7377,386681,708052,5.34,12:00
2015,9,2015-09-01,Facebook,EducaOnline,Educação,Stories,84842,79442,1450,3571,231669,856721,2.69,08:00
2015,9,2015-09-01,TikTok,ModaHoje,Tecnologia,Live,131000,30695,1807,3910,882349,97216,1.95,08:00
2015,9,2015-09-01,YouTube,EducaOnline,Games,Live,571757,65342,4832,9553,1326632,2453796,2.74,08:00
2015,9,2015-09-01,Facebook,ModaHoje,Tecnologia,Stories,213256,54522,3831,1450,394402,2089981,12.0,08:00
2015,9,2015-09-01,Facebook,EducaOnline,Educação,Stories,724385,35629,4101,2028,1288744,1764570,1.73,12:00
2015,9,2015-09-01,X,EducaOnline,Educação,Stories,511596,47170,1993,2906,1560739,1296505,5.73,21:00
2015,9,2015-09-01,Instagram,ModaHoje,Educação,Vídeo,178822,38748,194,5394,1414496,900419,3.6,12:00
2015,9,2015-09-01,X,ModaHoje,Educação,Vídeo,352368,70126,4586,7824,1565722,990747,6.18,21:00
2015,9,2015-09-01,Facebook,ModaHoje,Tecnologia,Carrossel,490032,67567,2188,3963,686502,1317946,2.84,21:00
2015,9,2015-09-01,TikTok,ModaHoje,Tecnologia,Stories,996705,43253,2275,962,587083,1543493,7.25,21:00
2015,9,2015-09-01,YouTube,GamesBR,Educação,Imagem,606186,73049,4615,5807,21384,1527768,4.24,21:00
2015,9,2015-09-01,Instagram,GamesBR,Tecnologia,Vídeo,330361,63771,1288,7397,591501,1700111,3.74,18:00
2015,9,2015-09-01,X,ModaHoje,Educação,Carrossel,484154,68950,4742,108,259512,1544849,7.93,21:00
2015,9,2015-09-01,Facebook,EducaOnline,Educação,Imagem,498600,28557,679,6727,934768,944518,2.67,12:00
2015,9,2015-09-01,LinkedIn,GamesBR,Educação,Carrossel,359682,7551,2982,5579,963556,473013,7.31,18:00
2015,9,2015-09-01,TikTok,ModaHoje,Entretenimento,Carrossel,806140,27992,4565,7199,1809700,1860137,5.26,08:00
2015,9,2015-09-01,LinkedIn,ModaHoje,Educação,Carrossel,458723,9617,2620,5566,129739,541182,8.98,08:00
2015,9,2015-09-01,Facebook,ModaHoje,Educação,Stories,623564,75996,1455,7468,179088,194786,6.51,21:00
2015,9,2015-09-01,Facebook,TechBrasil,Tecnologia,Stories,918464,48613,880,7778,892439,2466984,6.74,21:00
2015,9,2015-09-01,YouTube,ModaHoje,Tecnologia,Live,670280,11639,4680,8494,58499,1444663,4.43,21:00
2015,9,2015-09-01,Facebook,ModaHoje,Entretenimento,Live,141905,36076,1978,8564,1860094,2320799,6.96,21:00
2015,9,2015-09-01,X,EducaOnline,Educação,Stories,579274,46366,2585,4652,1820836,1589429,5.02,18:00
2015,9,2015-09-01,LinkedIn,EducaOnline,Educação,Imagem,129487,54366,4729,5835,484705,2087961,4.62,12:00
2015,9,2015-09-01,LinkedIn,EducaOnline,Educação,Vídeo,107161,21911,4927,4349,856933,789359,3.15,08:00
2015,10,2015-10-01,LinkedIn,GamesBR,Tecnologia,Stories,367458,42459,3987,9638,213885,1308459,9.79,21:00
2015,10,2015-10-01,YouTube,ModaHoje,Games,Carrossel,458348,51915,1643,3257,464533,250304,1.54,08:00
2015,10,2015-10-01,YouTube,EducaOnline,Tecnologia,Imagem,614222,16346,4730,2954,1938172,1266003,7.96,18:00
2015,10,2015-10-01,X,GamesBR,Tecnologia,Vídeo,800242,9899,2693,7752,900307,380728,11.8,21:00
2015,10,2015-10-01,Instagram,GamesBR,Tecnologia,Carrossel,566206,2455,3946,2828,461076,79050,7.75,21:00
2015,10,2015-10-01,LinkedIn,GamesBR,Tecnologia,Live,818749,43424,1643,8178,793072,616255,0.5,18:00
2015,10,2015-10-01,Instagram,GamesBR,Educação,Carrossel,213547,50744,1154,6486,279319,1351273,5.23,08:00
2015,10,2015-10-01,TikTok,GamesBR,Entretenimento,Stories,369938,63730,4885,5029,154325,1769969,2.7,21:00
2015,10,2015-10-01,Instagram,TechBrasil,Entretenimento,Carrossel,553992,16568,3198,4579,1404066,245350,8.16,21:00
2015,10,2015-10-01,TikTok,ModaHoje,Tecnologia,Carrossel,877750,50171,4613,7543,294431,1992755,9.94,21:00
2015,10,2015-10-01,LinkedIn,TechBrasil,Entretenimento,Carrossel,889249,13398,2476,7763,66344,1882441,3.49,08:00
2015,10,2015-10-01,TikTok,EducaOnline,Tecnologia,Live,991456,3645,1236,1047,1412031,2217801,3.33,12:00
2015,10,2015-10-01,TikTok,GamesBR,Entretenimento,Stories,174272,33755,3155,7118,1683824,684641,10.23,08:00
2015,10,2015-10-01,YouTube,TechBrasil,Games,Vídeo,297793,65599,2546,6925,1442822,1512833,2.09,21:00
2015,10,2015-10-01,Facebook,TechBrasil,Tecnologia,Imagem,814564,56289,1841,4126,1493564,1466929,11.46,12:00
2015,10,2015-10-01,X,TechBrasil,Educação,Stories,821070,52111,1775,4373,334287,2231418,5.26,21:00
2015,10,2015-10-01,LinkedIn,TechBrasil,Educação,Imagem,230902,15386,366,1219,133884,2139947,5.59,08:00
2015,10,2015-10-01,X,EducaOnline,Entretenimento,Live,681090,60460,2175,6816,814206,1239668,11.97,08:00
2015,10,2015-10-01,LinkedIn,ModaHoje,Educação,Vídeo,806644,1287,1442,3200,1841938,324004,9.63,08:00
2015,10,2015-10-01,Instagram,TechBrasil,Educação,Vídeo,825773,39602,3480,2058,1800005,603262,11.3,12:00
2015,10,2015-10-01,YouTube,GamesBR,Educação,Live,31514,67772,530,8818,525931,1533418,3.08,12:00
2015,10,2015-10-01,X,TechBrasil,Games,Vídeo,199396,9990,2009,5043,1450366,512480,2.88,08:00
2015,10,2015-10-01,YouTube,GamesBR,Entretenimento,Carrossel,696375,64003,3001,8792,208226,2376931,5.17,18:00
2015,10,2015-10-01,Facebook,EducaOnline,Educação,Vídeo,95894,38664,3141,1048,607313,1575035,3.99,21:00
2015,10,2015-10-01,Facebook,EducaOnline,Educação,Vídeo,85187,56900,3797,3114,1098043,815698,7.97,18:00
2015,10,2015-10-01,TikTok,EducaOnline,Educação,Stories,762522,62337,3982,7418,22964,2314126,8.19,12:00
2015,10,2015-10-01,TikTok,ModaHoje,Educação,Carrossel,936150,66285,799,6533,1037684,488323,3.97,08:00
2015,10,2015-10-01,Instagram,TechBrasil,Educação,Vídeo,734296,46051,1914,9625,1561784,1252785,6.59,21:00
2015,10,2015-10-01,LinkedIn,EducaOnline,Entretenimento,Carrossel,394289,34712,4884,3782,718126,439675,9.02,12:00
2015,10,2015-10-01,YouTube,ModaHoje,Games,Carrossel,500286,37367,4836,2707,237640,921153,1.23,08:00
2015,10,2015-10-01,X,TechBrasil,Entretenimento,Imagem,298344,36187,545,8043,631548,798998,5.48,12:00
2015,10,2015-10-01,TikTok,EducaOnline,Games,Live,929391,34483,753,8403,1840486,1402706,8.15,08:00
2015,10,2015-10-01,X,TechBrasil,Entretenimento,Live,668468,6275,3830,6220,150474,1588816,3.93,18:00
2015,10,2015-10-01,X,GamesBR,Games,Stories,467279,54151,4025,7577,1071155,2330096,11.69,12:00
2015,10,2015-10-01,Instagram,TechBrasil,Tecnologia,Stories,733185,14598,2207,4500,1344068,878826,4.56,21:00
2015,10,2015-10-01,X,EducaOnline,Entretenimento,Vídeo,717835,66053,4342,5229,1447551,548670,6.22,21:00
2015,10,2015-10-01,YouTube,EducaOnline,Games,Carrossel,267874,59660,2023,9895,1737167,285970,0.95,18:00
2015,11,2015-11-01,TikTok,EducaOnline,Tecnologia,Vídeo,742452,46231,1601,2326,14293,1430548,1.58,18:00
2015,11,2015-11-01,TikTok,TechBrasil,Tecnologia,Carrossel,820635,36184,13,7298,248220,1151822,1.23,08:00
2015,11,2015-11-01,Instagram,GamesBR,Entretenimento,Stories,291086,55191,2554,9336,1285557,2142745,5.17,21:00
2015,11,2015-11-01,Facebook,EducaOnline,Educação,Live,611046,9778,4167,6658,408555,494407,6.28,18:00
2015,11,2015-11-01,X,TechBrasil,Tecnologia,Live,499813,3051,60,2658,1643522,742458,11.07,12:00
2015,11,2015-11-01,X,TechBrasil,Tecnologia,Vídeo,154377,67880,880,2565,1034326,1654974,8.63,08:00
2015,11,2015-11-01,TikTok,EducaOnline,Entretenimento,Imagem,666727,22226,718,6627,1702451,1729941,11.19,21:00
2015,11,2015-11-01,Facebook,EducaOnline,Tecnologia,Live,95668,9047,780,8045,1678942,1397160,10.91,21:00
2015,11,2015-11-01,YouTube,TechBrasil,Tecnologia,Live,549258,62271,998,4640,585222,2083251,9.76,18:00
2015,11,2015-11-01,X,GamesBR,Tecnologia,Stories,752558,67981,3646,4121,1104866,512115,2.72,08:00
2015,11,2015-11-01,YouTube,ModaHoje,Entretenimento,Carrossel,419725,76823,2277,652,1732410,2449174,2.04,08:00
2015,11,2015-11-01,Facebook,GamesBR,Educação,Imagem,904262,77041,3816,26,1848763,2492113,8.74,18:00
2015,11,2015-11-01,LinkedIn,ModaHoje,Games,Vídeo,869546,26864,2393,2353,1751097,819395,11.63,18:00
2015,11,2015-11-01,TikTok,GamesBR,Educação,Carrossel,468097,45418,1619,1123,138859,1024388,2.74,08:00
2015,11,2015-11-01,X,EducaOnline,Games,Live,703273,11362,4611,6755,1964839,450099,6.35,08:00
2015,11,2015-11-01,X,ModaHoje,Games,Vídeo,147949,16288,1620,8381,1646206,2202056,8.15,08:00
2015,11,2015-11-01,YouTube,GamesBR,Entretenimento,Stories,660184,63963,2940,1960,1344080,192273,10.27,18:00
2015,11,2015-11-01,X,EducaOnline,Tecnologia,Live,636490,76229,2019,8492,1868734,903387,8.39,18:00
2015,11,2015-11-01,TikTok,GamesBR,Educação,Imagem,494896,51722,3708,8806,1042793,1723162,4.01,18:00
2015,11,2015-11-01,Facebook,EducaOnline,Games,Stories,501715,61627,3542,1598,520713,2433055,0.86,18:00
2015,11,2015-11-01,X,EducaOnline,Tecnologia,Stories,647328,862,595,1964,1898981,859922,3.09,12:00
2015,11,2015-11-01,Facebook,EducaOnline,Entretenimento,Vídeo,637289,47228,2686,6728,1435439,820243,3.45,08:00
2015,11,2015-11-01,LinkedIn,EducaOnline,Educação,Stories,35203,46823,2785,2963,1419237,1006545,7.9,12:00
2015,11,2015-11-01,YouTube,ModaHoje,Entretenimento,Imagem,703214,24066,1376,9539,1516779,308567,4.05,21:00
2015,11,2015-11-01,Facebook,ModaHoje,Tecnologia,Imagem,281768,41250,2471,8949,1352999,242017,3.13,21:00
2015,11,2015-11-01,TikTok,ModaHoje,Educação,Carrossel,516316,33294,3645,70,5428,1320707,4.44,12:00
2015,11,2015-11-01,YouTube,TechBrasil,Entretenimento,Vídeo,744578,1395,2705,4710,718178,72185,7.17,08:00
2015,11,2015-11-01,LinkedIn,EducaOnline,Games,Stories,841087,64123,3695,3695,319632,612572,10.74,18:00
2015,11,2015-11-01,Instagram,GamesBR,Games,Vídeo,503776,12442,1384,1256,1584421,1084737,5.44,21:00
2015,11,2015-11-01,Instagram,EducaOnline,Educação,Vídeo,477517,2776,1975,3320,600160,1770297,7.47,12:00
2015,11,2015-11-01,Facebook,ModaHoje,Entretenimento,Vídeo,917066,45078,4223,7375,1365018,585215,4.21,12:00
2015,11,2015-11-01,TikTok,GamesBR,Games,Vídeo,883224,59259,1493,4741,162851,1301359,2.98,21:00
2015,11,2015-11-01,TikTok,ModaHoje,Educação,Vídeo,331487,35366,2975,9427,1666687,1535412,10.42,18:00
2015,11,2015-11-01,Facebook,EducaOnline,Games,Stories,634821,1700,3223,3515,253820,2467789,8.21,12:00
2015,11,2015-11-01,YouTube,EducaOnline,Games,Carrossel,643245,76066,2521,2305,1798601,155236,2.67,18:00
2015,11,2015-11-01,TikTok,ModaHoje,Educação,Carrossel,23306,24035,4802,3900,1770973,1408986,2.11,21:00
2015,11,2015-11-01,TikTok,GamesBR,Games,Carrossel,248551,32083,718,9308,1474004,1969782,8.39,18:00
2015,12,2015-12-01,Facebook,TechBrasil,Educação,Carrossel,783849,12504,1827,8490,1953368,603029,7.59,12:00
2015,12,2015-12-01,LinkedIn,EducaOnline,Games,Imagem,405767,1853,734,2492,960293,191678,8.25,18:00
2015,12,2015-12-01,Instagram,ModaHoje,Games,Vídeo,181404,52847,4297,1229,1555722,367909,4.7,18:00
2015,12,2015-12-01,YouTube,TechBrasil,Entretenimento,Stories,743052,31393,1531,5131,1625129,1613863,6.76,18:00
2015,12,2015-12-01,X,GamesBR,Educação,Live,289860,25815,1427,7537,1358879,655004,4.07,21:00
2015,12,2015-12-01,Instagram,EducaOnline,Tecnologia,Vídeo,259338,11508,4358,8598,1370388,1332011,4.57,21:00
2015,12,2015-12-01,Instagram,ModaHoje,Educação,Vídeo,486934,38303,3598,495,940884,1234156,8.86,18:00
2015,12,2015-12-01,Instagram,EducaOnline,Entretenimento,Live,793882,73902,1485,3239,630592,2132682,11.33,21:00
2015,12,2015-12-01,TikTok,TechBrasil,Educação,Vídeo,649600,41197,4643,2451,1530444,1586701,11.95,21:00
2015,12,2015-12-01,Facebook,GamesBR,Entretenimento,Live,886925,71764,3657,3095,1005546,2291063,7.8,21:00
2015,12,2015-12-01,YouTube,EducaOnline,Tecnologia,Imagem,929397,73673,768,6779,436035,668455,5.2,18:00
2015,12,2015-12-01,YouTube,EducaOnline,Entretenimento,Carrossel,595555,44549,4907,5803,1444706,410026,1.88,21:00
2015,12,2015-12-01,TikTok,ModaHoje,Tecnologia,Imagem,823334,30819,1188,1509,826547,1376768,6.78,12:00
2015,12,2015-12-01,Instagram,ModaHoje,Games,Live,236096,40247,536,4611,1085576,1542788,2.89,12:00
2015,12,2015-12-01,TikTok,TechBrasil,Educação,Stories,398644,19352,413,709,1178738,1311740,5.04,12:00
2015,12,2015-12-01,TikTok,TechBrasil,Entretenimento,Imagem,59460,39556,3336,8101,232371,2117943,1.66,08:00
2015,12,2015-12-01,YouTube,TechBrasil,Tecnologia,Stories,165774,32324,4320,3080,1169126,1292373,6.23,18:00
2015,12,2015-12-01,LinkedIn,EducaOnline,Tecnologia,Imagem,77798,35076,2698,5620,1768635,41801,6.06,21:00
2015,12,2015-12-01,LinkedIn,ModaHoje,Educação,Carrossel,637059,19028,4687,2181,1457628,420219,6.52,08:00
2015,12,2015-12-01,Facebook,TechBrasil,Educação,Vídeo,515465,1212,1173,5611,1751964,546307,2.62,08:00
2015,12,2015-12-01,YouTube,TechBrasil,Tecnologia,Carrossel,258328,76898,4018,5402,1287431,2029185,7.08,21:00
2015,12,2015-12-01,X,ModaHoje,Games,Vídeo,240449,70318,160,5076,1534988,1033549,2.79,21:00
2015,12,2015-12-01,YouTube,EducaOnline,Tecnologia,Live,429679,9749,1600,8885,589547,1906645,0.98,08:00
2015,12,2015-12-01,LinkedIn,TechBrasil,Games,Live,485302,14166,2749,9939,192778,414606,2.07,08:00
2015,12,2015-12-01,YouTube,TechBrasil,Games,Live,202834,24420,880,615,541877,994313,0.94,18:00
2015,12,2015-12-01,X,ModaHoje,Games,Stories,661897,41887,3386,1757,355713,104910,4.66,18:00
2015,12,2015-12-01,Facebook,EducaOnline,Entretenimento,Carrossel,521397,58020,144,4274,195081,1317490,7.29,12:00
2015,12,2015-12-01,Facebook,GamesBR,Tecnologia,Imagem,198106,40053,3056,2912,184810,2075505,11.75,18:00
2015,12,2015-12-01,X,TechBrasil,Entretenimento,Stories,543159,71266,691,3088,314204,414837,11.65,08:00
2015,12,2015-12-01,YouTube,GamesBR,Games,Imagem,713017,9025,30,2119,1370401,2051410,9.77,12:00
2015,12,2015-12-01,LinkedIn,ModaHoje,Tecnologia,Live,224582,28451,3695,6279,1291589,1883483,9.48,12:00
2015,12,2015-12-01,Instagram,EducaOnline,Tecnologia,Vídeo,967364,43328,2614,7104,983497,1724576,9.6,08:00
2015,12,2015-12-01,Facebook,TechBrasil,Games,Stories,464934,63503,1430,6082,990152,943613,11.77,18:00
2015,12,2015-12-01,Facebook,EducaOnline,Entretenimento,Carrossel,910758,52857,2169,5216,1349384,1082039,0.52,18:00
2015,12,2015-12-01,Instagram,EducaOnline,Games,Vídeo,604437,41338,1322,8637,1213423,929332,10.27,08:00
2015,12,2015-12-01,TikTok,TechBrasil,Educação,Stories,730585,65206,1515,4208,1171848,1399826,6.43,18:00
2015,12,2015-12-01,LinkedIn,TechBrasil,Tecnologia,Stories,395118,76845,2421,9912,589962,2374142,6.91,21:00
2016,1,2016-01-01,Instagram,ModaHoje,Entretenimento,Stories,115297,43874,3161,8313,570192,1249522,6.58,21:00
2016,1,2016-01-01,TikTok,TechBrasil,Entretenimento,Vídeo,259761,18524,93,614,1873913,2152067,5.98,18:00
2016,1,2016-01-01,LinkedIn,TechBrasil,Entretenimento,Vídeo,744350,69863,4536,155,1226700,2200256,2.06,21:00
2016,1,2016-01-01,Instagram,TechBrasil,Entretenimento,Stories,629030,53978,2688,2627,1159150,2485725,5.02,08:00
2016,1,2016-01-01,Facebook,TechBrasil,Entretenimento,Live,884052,62647,4394,2925,694096,550530,10.78,12:00
2016,1,2016-01-01,TikTok,TechBrasil,Tecnologia,Vídeo,906209,35115,4917,9675,1077906,1156299,1.63,21:00
2016,1,2016-01-01,Instagram,TechBrasil,Educação,Carrossel,421350,11736,3506,2052,478551,1251481,6.7,21:00
2016,1,2016-01-01,TikTok,GamesBR,Tecnologia,Live,261193,4204,1943,4855,1414262,1400854,2.14,18:00
2016,1,2016-01-01,LinkedIn,TechBrasil,Games,Stories,773268,45088,2417,1698,1375804,2160661,5.63,08:00
2016,1,2016-01-01,TikTok,TechBrasil,Entretenimento,Vídeo,675589,30912,3224,3168,573074,1287905,1.37,08:00
2016,1,2016-01-01,TikTok,TechBrasil,Games,Carrossel,843165,34851,337,3478,1268333,2059453,8.8,21:00
2016,1,2016-01-01,Instagram,TechBrasil,Tecnologia,Live,7574,9280,874,7841,1861923,796798,9.57,21:00
2016,1,2016-01-01,TikTok,ModaHoje,Tecnologia,Vídeo,513125,70334,2979,3003,1233380,1104872,2.38,21:00
2016,1,2016-01-01,YouTube,TechBrasil,Games,Stories,237995,10159,3843,4501,1630496,1129941,11.4,08:00
2016,1,2016-01-01,YouTube,EducaOnline,Entretenimento,Vídeo,418116,55111,3472,690,1203887,232227,4.57,12:00
2016,1,2016-01-01,YouTube,GamesBR,Tecnologia,Stories,136602,70613,1095,2376,1444987,2168414,8.08,21:00
2016,1,2016-01-01,Facebook,ModaHoje,Entretenimento,Carrossel,147408,38847,2777,7097,1116866,2140241,1.93,21:00
2016,1,2016-01-01,TikTok,EducaOnline,Entretenimento,Carrossel,777957,42928,1896,2167,1550104,2215609,9.78,21:00
2016,1,2016-01-01,X,ModaHoje,Tecnologia,Carrossel,48201,2817,90,1293,1552914,1142159,9.93,08:00
2016,1,2016-01-01,X,GamesBR,Tecnologia,Live,662731,19780,4904,8483,1960258,707588,9.99,18:00
2016,1,2016-01-01,X,EducaOnline,Tecnologia,Live,548947,4033,3144,2003,984005,953266,2.19,08:00
2016,1,2016-01-01,Instagram,EducaOnline,Educação,Imagem,639130,7822,879,2896,854920,1064038,1.51,21:00
2016,1,2016-01-01,LinkedIn,EducaOnline,Tecnologia,Vídeo,439432,7334,1145,4779,214890,1431838,9.05,21:00
2016,1,2016-01-01,YouTube,EducaOnline,Tecnologia,Live,35753,67089,3758,2885,1006156,1803011,11.57,21:00
2016,1,2016-01-01,X,EducaOnline,Tecnologia,Vídeo,575876,64198,4137,2455,1212538,196890,4.29,08:00
2016,1,2016-01-01,TikTok,GamesBR,Educação,Stories,591631,5708,2391,6493,1443034,1069791,10.45,18:00
2016,1,2016-01-01,X,ModaHoje,Educação,Imagem,240416,16979,2302,4769,1271981,194836,1.48,08:00
2016,1,2016-01-01,X,TechBrasil,Games,Live,314989,29752,3392,1919,1110160,2418849,2.71,21:00
2016,1,2016-01-01,TikTok,TechBrasil,Tecnologia,Stories,996138,74043,2223,8194,1473033,2086414,10.59,08:00
2016,1,2016-01-01,LinkedIn,TechBrasil,Tecnologia,Stories,323878,5422,2435,821,1775888,414951,1.87,21:00
2016,1,2016-01-01,YouTube,GamesBR,Games,Imagem,887356,20935,1609,3499,1282878,757984,6.57,12:00
2016,1,2016-01-01,Instagram,ModaHoje,Tecnologia,Vídeo,885005,64189,4024,3850,1127302,157353,9.3,18:00
2016,1,2016-01-01,X,EducaOnline,Entretenimento,Imagem,204946,39883,4380,2302,167924,1518651,7.51,08:00
2016,1,2016-01-01,Instagram,ModaHoje,Educação,Live,222272,13796,1333,6889,1307317,1133559,5.98,12:00
2016,1,2016-01-01,X,ModaHoje,Tecnologia,Live,748153,73396,1883,9808,1299904,686367,3.26,18:00
2016,1,2016-01-01,YouTube,TechBrasil,Entretenimento,Imagem,456446,47780,3126,9051,1415777,868660,2.78,18:00
2016,1,2016-01-01,Facebook,TechBrasil,Educação,Imagem,775342,69780,2561,1576,176014,1576636,6.57,08:00
2016,2,2016-02-01,Facebook,ModaHoje,Tecnologia,Vídeo,896975,51851,3820,7369,577125,332836,0.72,08:00
2016,2,2016-02-01,LinkedIn,EducaOnline,Entretenimento,Stories,7417,77640,1406,746,1996871,184290,6.87,08:00
2016,2,2016-02-01,Instagram,TechBrasil,Tecnologia,Vídeo,268620,43625,2397,396,1485779,831860,1.24,08:00
2016,2,2016-02-01,Facebook,GamesBR,Tecnologia,Carrossel,915807,16163,4582,9447,378716,2143082,4.78,08:00
2016,2,2016-02-01,LinkedIn,ModaHoje,Tecnologia,Carrossel,511203,36858,1154,1536,1262128,1310857,10.47,12:00
2016,2,2016-02-01,X,TechBrasil,Tecnologia,Carrossel,916685,57630,2605,2015,1456663,1651303,10.66,21:00
2016,2,2016-02-01,YouTube,ModaHoje,Games,Imagem,399518,70969,3683,1085,1010101,392624,2.42,12:00
2016,2,2016-02-01,Instagram,EducaOnline,Games,Stories,519362,36148,786,3834,1388860,184294,6.17,18:00
2016,2,2016-02-01,YouTube,TechBrasil,Games,Stories,903051,59027,110,6667,752921,611826,2.94,12:00
2016,2,2016-02-01,X,EducaOnline,Games,Carrossel,745975,77818,4391,2618,1698860,1908682,2.06,08:00
2016,2,2016-02-01,Facebook,EducaOnline,Games,Stories,467120,11522,3173,4017,1563550,1960235,2.59,08:00
2016,2,2016-02-01,LinkedIn,GamesBR,Games,Imagem,332435,19743,832,7974,265532,312707,7.72,12:00
2016,2,2016-02-01,Facebook,EducaOnline,Tecnologia,Live,329428,33154,2634,2986,888878,2221819,3.72,18:00
2016,2,2016-02-01,TikTok,ModaHoje,Entretenimento,Carrossel,905237,56840,239,5752,1253714,1098849,3.17,18:00
2016,2,2016-02-01,YouTube,ModaHoje,Tecnologia,Live,221327,35003,1596,1372,526198,2303078,10.95,08:00
2016,2,2016-02-01,TikTok,GamesBR,Tecnologia,Live,158876,26228,2570,4672,490484,2316601,4.16,08:00
2016,2,2016-02-01,TikTok,TechBrasil,Entretenimento,Imagem,303292,67964,4695,4716,1561046,1862345,6.99,12:00
2016,2,2016-02-01,LinkedIn,TechBrasil,Games,Carrossel,256307,47929,4004,5568,633816,574919,6.93,08:00
2016,2,2016-02-01,X,EducaOnline,Educação,Carrossel,701127,66796,1313,6121,1741874,155277,4.05,21:00
2016,2,2016-02-01,Instagram,EducaOnline,Games,Carrossel,74729,74100,4465,1780,959518,1579741,8.48,12:00
2016,2,2016-02-01,LinkedIn,EducaOnline,Entretenimento,Carrossel,130811,47471,457,4260,1913954,2145700,8.45,18:00
2016,2,2016-02-01,Instagram,ModaHoje,Educação,Carrossel,145272,41710,1297,3048,1975963,164061,9.71,18:00
2016,2,2016-02-01,YouTube,ModaHoje,Educação,Live,964323,33640,3120,579,96639,1490951,9.17,12:00
2016,2,2016-02-01,TikTok,TechBrasil,Tecnologia,Vídeo,969913,61907,2242,473,382573,597425,4.14,21:00
2016,2,2016-02-01,X,GamesBR,Educação,Imagem,325186,61557,3353,2340,1246706,4312,4.23,12:00
2016,2,2016-02-01,TikTok,TechBrasil,Games,Carrossel,292934,35100,2019,225,1986714,575877,2.71,18:00
2016,2,2016-02-01,X,ModaHoje,Entretenimento,Vídeo,400808,29046,822,3001,477299,1399836,6.04,18:00
2016,2,2016-02-01,YouTube,GamesBR,Tecnologia,Carrossel,969966,22271,575,9614,669244,1909132,1.52,12:00
2016,2,2016-02-01,Facebook,TechBrasil,Tecnologia,Live,958721,58171,174,7607,1138688,501530,4.5,08:00
2016,2,2016-02-01,YouTube,GamesBR,Educação,Stories,152258,65587,362,3841,1909838,1973774,8.67,08:00
2016,2,2016-02-01,LinkedIn,ModaHoje,Educação,Imagem,112442,34785,4762,5094,801285,192698,0.97,21:00
2016,2,2016-02-01,Facebook,GamesBR,Games,Carrossel,683331,37977,4362,3635,625560,244247,6.95,18:00
2016,2,2016-02-01,LinkedIn,EducaOnline,Games,Vídeo,522546,65207,2359,108,718329,2154347,4.47,12:00
2016,2,2016-02-01,X,ModaHoje,Tecnologia,Vídeo,460339,67287,2891,744,1701413,2118262,5.29,18:00
2016,2,2016-02-01,YouTube,GamesBR,Educação,Imagem,235084,67638,4442,4337,225299,338774,7.26,21:00
2016,2,2016-02-01,LinkedIn,TechBrasil,Entretenimento,Carrossel,154270,45987,2980,44,419348,1295200,1.29,08:00
2016,2,2016-02-01,TikTok,GamesBR,Games,Carrossel,528015,61214,1165,2499,104897,59315,1.55,08:00
2016,3,2016-03-01,YouTube,TechBrasil,Educação,Stories,835649,24124,3994,4651,1035643,1534386,9.03,08:00
2016,3,2016-03-01,TikTok,ModaHoje,Entretenimento,Vídeo,790992,79009,1385,8449,913971,2073748,5.99,21:00
2016,3,2016-03-01,Instagram,ModaHoje,Games,Live,43735,26720,3576,2021,277154,1277160,4.13,18:00
2016,3,2016-03-01,Instagram,GamesBR,Educação,Live,379952,24619,2006,7767,712275,2248420,1.39,08:00
2016,3,2016-03-01,TikTok,GamesBR,Educação,Live,453097,42629,2846,7925,1215066,1640140,4.66,12:00
2016,3,2016-03-01,Facebook,TechBrasil,Games,Imagem,810960,32926,4173,4581,415451,1212993,10.01,12:00
2016,3,2016-03-01,YouTube,EducaOnline,Entretenimento,Imagem,312159,51233,4637,6553,189812,873084,9.07,08:00
2016,3,2016-03-01,LinkedIn,TechBrasil,Games,Imagem,541723,7191,171,2198,1205556,2123554,1.35,18:00
2016,3,2016-03-01,YouTube,TechBrasil,Tecnologia,Imagem,86793,13488,1212,4745,229574,2238770,3.49,08:00
2016,3,2016-03-01,Facebook,TechBrasil,Entretenimento,Carrossel,491816,3874,598,3290,941685,2171258,6.93,21:00
2016,3,2016-03-01,Instagram,TechBrasil,Entretenimento,Stories,813161,43537,1331,3000,367191,1754685,2.97,18:00
2016,3,2016-03-01,Instagram,ModaHoje,Entretenimento,Carrossel,197493,32394,1301,5894,1850974,408008,3.96,18:00
2016,3,2016-03-01,TikTok,ModaHoje,Games,Carrossel,125817,70768,4534,6168,1140455,1231501,0.69,12:00
2016,3,2016-03-01,Facebook,ModaHoje,Games,Live,523848,45846,1084,4076,1405735,1682738,7.47,12:00
2016,3,2016-03-01,Instagram,TechBrasil,Entretenimento,Imagem,306483,63294,3344,9150,735858,1727646,6.51,08:00
2016,3,2016-03-01,X,TechBrasil,Educação,Imagem,154849,10066,3645,2730,1449902,2009383,6.43,12:00
2016,3,2016-03-01,Facebook,GamesBR,Educação,Vídeo,828736,50045,1957,4708,895034,2211663,5.35,12:00
2016,3,2016-03-01,YouTube,TechBrasil,Entretenimento,Carrossel,906883,6916,1466,1691,138999,997653,2.82,21:00
2016,3,2016-03-01,X,TechBrasil,Tecnologia,Imagem,414279,76728,2969,2544,939277,1399969,0.68,12:00
2016,3,2016-03-01,LinkedIn,ModaHoje,Games,Imagem,568776,11909,1467,6830,988956,464660,7.94,18:00
2016,3,2016-03-01,Facebook,TechBrasil,Entretenimento,Vídeo,855845,14518,1765,6608,28883,1945519,4.64,08:00
2016,3,2016-03-01,YouTube,TechBrasil,Entretenimento,Imagem,203310,66428,4691,6685,1491438,736864,1.61,12:00
2016,3,2016-03-01,Facebook,EducaOnline,Tecnologia,Stories,554148,11535,1615,9716,1955508,2433809,2.53,08:00
2016,3,2016-03-01,X,EducaOnline,Educação,Carrossel,836399,48563,1937,4809,711329,2454859,1.31,18:00
2016,3,2016-03-01,TikTok,ModaHoje,Educação,Stories,90468,28701,1022,1091,1427385,1733648,0.65,18:00
2016,3,2016-03-01,Facebook,GamesBR,Games,Carrossel,662835,43308,3395,3343,1260326,1610797,1.92,12:00
2016,3,2016-03-01,LinkedIn,TechBrasil,Entretenimento,Live,959595,44235,3972,8893,1017525,473685,5.31,18:00
2016,3,2016-03-01,Facebook,GamesBR,Educação,Carrossel,373865,69921,2647,9646,508838,743530,11.19,18:00
2016,3,2016-03-01,LinkedIn,GamesBR,Games,Imagem,801847,76877,3111,3495,748268,2266322,6.94,21:00
2016,3,2016-03-01,YouTube,EducaOnline,Tecnologia,Vídeo,478741,55748,4386,523,1414249,1771287,1.09,21:00
2016,3,2016-03-01,Instagram,TechBrasil,Games,Imagem,910855,31830,3170,167,170044,834911,4.51,12:00
2016,3,2016-03-01,X,GamesBR,Educação,Live,760921,58904,1220,8759,1429414,2276468,4.89,12:00
2016,3,2016-03-01,TikTok,TechBrasil,Games,Vídeo,238607,30774,4386,4560,927743,410268,10.11,08:00
2016,3,2016-03-01,YouTube,ModaHoje,Games,Stories,428959,19317,2900,4860,1582882,586571,2.23,12:00
2016,3,2016-03-01,Facebook,TechBrasil,Games,Stories,598930,65601,3145,6259,135808,2077659,8.72,12:00
2016,3,2016-03-01,X,EducaOnline,Entretenimento,Live,823589,70420,2671,2639,1819857,2311020,11.62,08:00
2016,3,2016-03-01,YouTube,EducaOnline,Tecnologia,Stories,244631,2184,4060,4082,533914,56825,1.77,21:00
2016,4,2016-04-01,Facebook,GamesBR,Entretenimento,Vídeo,385997,50589,1941,9893,342781,1436124,7.86,18:00
2016,4,2016-04-01,LinkedIn,ModaHoje,Educação,Imagem,724347,53661,916,6755,595653,325580,11.93,18:00
2016,4,2016-04-01,TikTok,ModaHoje,Tecnologia,Live,604407,4811,3151,2786,1166010,1427997,9.02,08:00
2016,4,2016-04-01,TikTok,TechBrasil,Educação,Live,74321,41948,2523,6834,518978,2415740,9.64,12:00
2016,4,2016-04-01,YouTube,TechBrasil,Educação,Imagem,407832,20235,2454,6762,996105,626874,5.06,18:00
2016,4,2016-04-01,X,GamesBR,Games,Carrossel,481045,32026,373,5413,1773508,1799870,9.89,21:00
2016,4,2016-04-01,Facebook,GamesBR,Entretenimento,Carrossel,494202,31339,3788,7278,1320764,1092814,10.84,21:00
2016,4,2016-04-01,YouTube,EducaOnline,Games,Carrossel,109541,34127,3998,1437,891496,308901,1.45,08:00
2016,4,2016-04-01,TikTok,EducaOnline,Entretenimento,Carrossel,611839,25520,4067,872,1907126,617385,8.75,18:00
2016,4,2016-04-01,X,GamesBR,Entretenimento,Vídeo,973032,57422,3689,4292,739348,2417326,10.53,21:00
2016,4,2016-04-01,LinkedIn,TechBrasil,Educação,Stories,207400,30252,4125,3321,709681,1614456,4.04,08:00
2016,4,2016-04-01,X,GamesBR,Games,Carrossel,801729,28819,957,6283,938647,1758691,10.61,12:00
2016,4,2016-04-01,Facebook,TechBrasil,Games,Vídeo,111731,18935,3335,7632,1813277,1121793,8.95,12:00
2016,4,2016-04-01,Instagram,TechBrasil,Educação,Imagem,333391,32743,47,9657,1450669,1155558,4.91,21:00
2016,4,2016-04-01,LinkedIn,TechBrasil,Entretenimento,Carrossel,107926,27603,4475,8077,1215826,1649711,8.47,18:00
2016,4,2016-04-01,LinkedIn,GamesBR,Tecnologia,Vídeo,748581,42498,1379,5493,1254437,688219,11.44,18:00
2016,4,2016-04-01,TikTok,GamesBR,Educação,Stories,979773,55183,237,2259,1945506,918547,11.9,08:00
2016,4,2016-04-01,TikTok,TechBrasil,Entretenimento,Live,241861,50577,3717,7070,494073,1978183,2.92,18:00
2016,4,2016-04-01,YouTube,ModaHoje,Tecnologia,Imagem,120532,12148,245,5668,968306,2322506,9.49,08:00
2016,4,2016-04-01,LinkedIn,ModaHoje,Educação,Stories,719608,38081,2475,1016,1020107,2135478,10.63,21:00
2016,4,2016-04-01,TikTok,GamesBR,Tecnologia,Carrossel,472640,18338,4291,3506,1889541,1091195,7.49,08:00
2016,4,2016-04-01,X,ModaHoje,Educação,Vídeo,619505,7062,2147,4484,265259,101972,5.74,18:00
2016,4,2016-04-01,Instagram,TechBrasil,Tecnologia,Imagem,784209,75581,3905,4147,343855,59610,8.93,21:00
2016,4,2016-04-01,YouTube,ModaHoje,Educação,Live,968454,13604,4478,235,780688,1254147,10.73,12:00
2016,4,2016-04-01,TikTok,EducaOnline,Educação,Carrossel,542705,77134,2497,2492,783087,1346461,6.88,08:00
2016,4,2016-04-01,TikTok,EducaOnline,Games,Carrossel,155180,4203,3896,5012,931986,281372,6.92,12:00
2016,4,2016-04-01,X,ModaHoje,Entretenimento,Vídeo,755402,25730,3881,278,1072398,733618,3.88,21:00
2016,4,2016-04-01,LinkedIn,ModaHoje,Games,Vídeo,297825,38758,3924,4585,137031,1855035,2.84,21:00
2016,4,2016-04-01,Facebook,EducaOnline,Educação,Live,299183,44608,1731,2009,468408,1008377,7.5,18:00
2016,4,2016-04-01,YouTube,ModaHoje,Educação,Imagem,924669,34389,2320,1366,902203,359596,7.17,21:00
2016,4,2016-04-01,LinkedIn,EducaOnline,Tecnologia,Stories,410440,43838,571,3889,1239429,1080877,5.3,21:00
2016,4,2016-04-01,Instagram,ModaHoje,Educação,Carrossel,217784,71043,1657,3424,1598731,352694,9.09,08:00
2016,4,2016-04-01,X,TechBrasil,Educação,Carrossel,189740,35933,2073,1230,16475,863991,11.48,12:00
2016,4,2016-04-01,X,ModaHoje,Educação,Vídeo,690000,62842,1975,457,1920701,2211956,4.47,12:00
2016,4,2016-04-01,TikTok,GamesBR,Entretenimento,Live,559736,51912,1548,3009,54460,271366,0.91,08:00
2016,4,2016-04-01,Instagram,GamesBR,Games,Stories,136877,56382,1997,6763,1984866,2487445,10.38,12:00
2016,4,2016-04-01,TikTok,ModaHoje,Games,Imagem,156032,42607,2073,377,1795943,1800059,9.09,12:00
2016,5,2016-05-01,Facebook,TechBrasil,Tecnologia,Vídeo,226709,2209,3567,8453,657198,502683,11.86,21:00
2016,5,2016-05-01,Instagram,EducaOnline,Educação,Vídeo,533941,20413,1900,2080,1797133,1071875,10.22,18:00
2016,5,2016-05-01,X,ModaHoje,Entretenimento,Imagem,904460,11828,3803,6069,815024,2216793,10.8,18:00
2016,5,2016-05-01,LinkedIn,ModaHoje,Games,Imagem,784753,71761,2494,4989,1982294,160130,10.27,08:00
2016,5,2016-05-01,Facebook,GamesBR,Educação,Imagem,751778,77702,3228,3300,774967,1760854,1.21,12:00
2016,5,2016-05-01,Facebook,GamesBR,Educação,Vídeo,370563,53661,4879,2717,1297698,1319604,11.55,12:00
2016,5,2016-05-01,Facebook,EducaOnline,Entretenimento,Stories,283571,79606,1766,5880,1073295,1624976,4.02,12:00
2016,5,2016-05-01,YouTube,ModaHoje,Tecnologia,Stories,47609,10377,85,6019,1783914,2460995,4.37,18:00
2016,5,2016-05-01,X,GamesBR,Games,Stories,462065,53957,4535,9236,1028757,1713068,3.56,18:00
2016,5,2016-05-01,Instagram,TechBrasil,Tecnologia,Stories,571238,1582,1345,710,831750,297498,1.15,18:00
2016,5,2016-05-01,TikTok,TechBrasil,Entretenimento,Imagem,793749,18259,3502,883,566618,741666,1.97,18:00
2016,5,2016-05-01,X,GamesBR,Tecnologia,Carrossel,960552,76257,1685,3263,1254348,1412845,5.86,08:00
2016,5,2016-05-01,YouTube,GamesBR,Games,Imagem,580550,55003,2938,6244,170667,1503667,4.02,21:00
2016,5,2016-05-01,YouTube,GamesBR,Tecnologia,Vídeo,822549,63648,1045,4108,1171858,2173161,10.92,21:00
2016,5,2016-05-01,YouTube,GamesBR,Educação,Live,481978,38121,2955,8047,370394,2241002,7.5,18:00
2016,5,2016-05-01,Facebook,GamesBR,Tecnologia,Vídeo,592409,9938,1736,3180,419518,735236,0.62,12:00
2016,5,2016-05-01,LinkedIn,TechBrasil,Educação,Live,218744,26194,2799,3724,1811330,2258345,5.09,18:00
2016,5,2016-05-01,LinkedIn,GamesBR,Entretenimento,Imagem,757797,19500,3897,3325,324461,850690,5.72,12:00
2016,5,2016-05-01,Instagram,EducaOnline,Games,Vídeo,318226,10824,765,9109,990187,1897371,3.8,18:00
2016,5,2016-05-01,Instagram,TechBrasil,Tecnologia,Live,576141,50461,1761,6314,1058277,1685247,0.99,12:00
2016,5,2016-05-01,Facebook,EducaOnline,Games,Live,324093,7299,2090,2645,645834,2426631,7.97,21:00
2016,5,2016-05-01,Instagram,ModaHoje,Games,Live,487432,27519,4664,3002,651492,443169,10.31,08:00
2016,5,2016-05-01,X,ModaHoje,Tecnologia,Vídeo,874115,5291,1036,9310,455759,1933535,3.91,12:00
2016,5,2016-05-01,Facebook,GamesBR,Entretenimento,Vídeo,157765,62687,2430,4845,268696,1716914,8.29,18:00
2016,5,2016-05-01,LinkedIn,ModaHoje,Games,Carrossel,827304,32218,3008,614,883094,2214824,1.76,18:00
2016,5,2016-05-01,Instagram,EducaOnline,Games,Live,572406,70981,2858,3070,1036807,381190,5.76,18:00
2016,5,2016-05-01,X,ModaHoje,Games,Vídeo,533328,46546,3852,2057,1756116,2381453,7.15,21:00
2016,5,2016-05-01,YouTube,ModaHoje,Entretenimento,Carrossel,116180,34678,4024,647,26359,1378064,6.92,08:00
2016,5,2016-05-01,TikTok,GamesBR,Tecnologia,Imagem,125992,64592,4008,5086,387606,1083153,10.16,18:00
2016,5,2016-05-01,YouTube,TechBrasil,Educação,Vídeo,415020,64156,155,4697,546853,2197967,0.94,21:00
2016,5,2016-05-01,X,EducaOnline,Entretenimento,Imagem,552632,56072,4408,702,1643941,2056835,5.64,21:00
2016,5,2016-05-01,LinkedIn,ModaHoje,Entretenimento,Carrossel,565936,21649,2066,9605,340607,117289,9.92,18:00
2016,5,2016-05-01,TikTok,ModaHoje,Tecnologia,Carrossel,926137,48138,4629,8635,292700,1769471,9.67,12:00
2016,5,2016-05-01,Instagram,ModaHoje,Educação,Imagem,290821,32693,184,2206,824460,353739,11.15,08:00
2016,5,2016-05-01,LinkedIn,TechBrasil,Entretenimento,Carrossel,316133,37458,4594,9929,717770,1699103,10.37,18:00
2016,5,2016-05-01,LinkedIn,EducaOnline,Tecnologia,Imagem,117008,63551,2390,6649,1777885,2258665,6.77,12:00
2016,5,2016-05-01,YouTube,GamesBR,Games,Carrossel,470049,35503,1715,4176,1233748,1077185,4.92,08:00
2016,6,2016-06-01,LinkedIn,GamesBR,Entretenimento,Stories,162485,42389,2660,2119,478112,215988,8.24,18:00
2016,6,2016-06-01,X,GamesBR,Tecnologia,Stories,1999,50230,813,3362,988278,1243560,8.26,12:00
2016,6,2016-06-01,LinkedIn,TechBrasil,Games,Live,504851,51152,2794,3223,647685,1395283,9.31,12:00
2016,6,2016-06-01,X,EducaOnline,Games,Imagem,847089,36167,315,9945,853410,118686,1.69,21:00
2016,6,2016-06-01,Facebook,GamesBR,Games,Live,484891,58635,2072,9176,507021,1551537,9.57,18:00
2016,6,2016-06-01,LinkedIn,ModaHoje,Entretenimento,Stories,622230,73404,3692,941,1186126,1159789,4.04,18:00
2016,6,2016-06-01,LinkedIn,EducaOnline,Entretenimento,Live,389875,2165,2844,7588,456287,1957388,11.34,18:00
2016,6,2016-06-01,Instagram,EducaOnline,Games,Carrossel,584978,1717,457,7238,1304758,1024662,9.38,21:00
2016,6,2016-06-01,LinkedIn,EducaOnline,Entretenimento,Carrossel,755720,15971,1768,7743,1106925,299206,11.62,21:00
2016,6,2016-06-01,YouTube,TechBrasil,Educação,Stories,695013,13535,3575,6975,1985570,899988,7.99,18:00
2016,6,2016-06-01,Instagram,TechBrasil,Entretenimento,Carrossel,410285,22718,3218,2678,1702339,2332476,8.26,12:00
2016,6,2016-06-01,X,GamesBR,Entretenimento,Carrossel,81063,56740,4165,2043,807043,2083666,4.38,21:00
2016,6,2016-06-01,LinkedIn,GamesBR,Tecnologia,Carrossel,47761,40329,2893,1676,1443108,779039,1.35,12:00
2016,6,2016-06-01,X,ModaHoje,Entretenimento,Live,290574,50592,4912,7609,943677,1670415,11.03,18:00
2016,6,2016-06-01,LinkedIn,TechBrasil,Entretenimento,Stories,928406,53213,2498,4221,1938684,1258995,6.98,18:00
2016,6,2016-06-01,TikTok,ModaHoje,Tecnologia,Carrossel,632006,72146,2080,1269,1025601,1849146,6.93,21:00
2016,6,2016-06-01,Instagram,TechBrasil,Entretenimento,Imagem,113811,73637,3486,4633,160535,1580056,6.3,18:00
2016,6,2016-06-01,TikTok,EducaOnline,Entretenimento,Imagem,95680,64460,3934,9930,1927191,2101846,7.82,08:00
2016,6,2016-06-01,Instagram,EducaOnline,Entretenimento,Carrossel,418964,31242,4510,3554,1735069,960063,5.24,08:00
2016,6,2016-06-01,TikTok,TechBrasil,Games,Live,2935,61335,2013,5744,821407,543437,3.67,12:00
2016,6,2016-06-01,Instagram,EducaOnline,Educação,Vídeo,137931,72590,604,306,598106,1819879,3.63,12:00
2016,6,2016-06-01,YouTube,EducaOnline,Educação,Live,527811,4450,4714,8273,63462,25966,7.05,18:00
2016,6,2016-06-01,YouTube,GamesBR,Tecnologia,Imagem,579176,60063,2543,8340,1198498,2291272,6.23,18:00
2016,6,2016-06-01,Instagram,ModaHoje,Educação,Carrossel,527520,22509,1636,8254,1735593,1518580,0.7,18:00
2016,6,2016-06-01,TikTok,TechBrasil,Games,Vídeo,986458,57991,1300,2553,1530798,1888824,6.23,18:00
2016,6,2016-06-01,YouTube,GamesBR,Entretenimento,Stories,428100,36494,1119,4296,782472,338530,5.67,18:00
2016,6,2016-06-01,YouTube,ModaHoje,Educação,Stories,168647,6533,3826,8482,1083456,317474,9.29,12:00
2016,6,2016-06-01,LinkedIn,GamesBR,Tecnologia,Stories,929757,13376,2613,6952,1384504,2296693,6.54,08:00
2016,6,2016-06-01,TikTok,TechBrasil,Tecnologia,Imagem,812473,56717,3531,5544,390319,24763,3.43,12:00
2016,6,2016-06-01,X,GamesBR,Games,Stories,905126,58464,2785,3553,830324,652448,1.76,21:00
2016,6,2016-06-01,TikTok,GamesBR,Educação,Live,903958,740,2685,957,1345751,75441,9.07,18:00
2016,6,2016-06-01,X,GamesBR,Educação,Vídeo,549895,53354,3811,4687,1727284,406930,8.01,18:00
2016,6,2016-06-01,TikTok,ModaHoje,Entretenimento,Carrossel,422506,24042,3088,9522,691551,1373494,5.14,08:00
2016,6,2016-06-01,TikTok,ModaHoje,Entretenimento,Carrossel,436732,72880,3614,1307,717502,966477,7.87,18:00
2016,6,2016-06-01,X,TechBrasil,Entretenimento,Vídeo,434447,1340,2109,6575,14112,2150359,3.1,12:00
2016,6,2016-06-01,YouTube,ModaHoje,Tecnologia,Vídeo,882557,4653,588,2389,1734809,768220,9.18,18:00
2016,6,2016-06-01,TikTok,GamesBR,Games,Live,344159,37162,254,2184,1255584,952119,6.56,21:00
2016,7,2016-07-01,LinkedIn,TechBrasil,Entretenimento,Carrossel,171137,24333,4547,1600,1188586,1650123,3.71,21:00
2016,7,2016-07-01,YouTube,GamesBR,Tecnologia,Live,947932,61901,194,7627,1897086,1162347,11.21,18:00
2016,7,2016-07-01,Instagram,EducaOnline,Tecnologia,Imagem,863646,67852,300,7338,1423251,428962,2.03,08:00
2016,7,2016-07-01,X,EducaOnline,Tecnologia,Live,817716,57278,4823,2186,284422,800382,7.87,21:00
2016,7,2016-07-01,TikTok,ModaHoje,Tecnologia,Imagem,250178,56496,306,5405,569830,1583474,10.22,18:00
2016,7,2016-07-01,LinkedIn,TechBrasil,Entretenimento,Live,669577,19391,2807,3940,1915259,1796007,5.56,08:00
2016,7,2016-07-01,YouTube,ModaHoje,Educação,Carrossel,936715,78826,3467,4614,1273258,1263711,6.31,08:00
2016,7,2016-07-01,Instagram,ModaHoje,Entretenimento,Live,237269,33138,2503,4907,262108,2101775,1.63,12:00
2016,7,2016-07-01,X,ModaHoje,Entretenimento,Live,513077,13226,778,5429,554832,1214934,5.13,08:00
2016,7,2016-07-01,LinkedIn,TechBrasil,Games,Imagem,197954,40843,2070,3218,1283996,2453395,8.6,08:00
2016,7,2016-07-01,Facebook,TechBrasil,Tecnologia,Carrossel,373927,35465,3618,3439,1103948,1964232,0.57,12:00
2016,7,2016-07-01,LinkedIn,GamesBR,Entretenimento,Imagem,6423,67150,2026,2350,34789,92062,1.02,21:00
2016,7,2016-07-01,Facebook,EducaOnline,Tecnologia,Stories,685514,7061,2363,2727,1262516,1332022,9.18,21:00
2016,7,2016-07-01,TikTok,ModaHoje,Educação,Live,171855,19734,402,7070,776660,1665713,8.32,12:00
2016,7,2016-07-01,TikTok,TechBrasil,Tecnologia,Imagem,760553,14961,1099,612,134366,2156606,2.06,18:00
2016,7,2016-07-01,YouTube,TechBrasil,Entretenimento,Stories,876704,11842,1877,4924,247012,1487219,8.31,18:00
2016,7,2016-07-01,X,EducaOnline,Entretenimento,Stories,567782,63837,3821,9190,1736285,408850,8.97,18:00
2016,7,2016-07-01,X,TechBrasil,Entretenimento,Live,771585,52767,432,9966,574164,1938877,2.86,18:00
2016,7,2016-07-01,LinkedIn,GamesBR,Tecnologia,Carrossel,35545,46297,1457,4311,1802493,954925,3.64,08:00
2016,7,2016-07-01,Instagram,TechBrasil,Games,Stories,898915,46042,2268,105,13015,1834073,3.64,18:00
2016,7,2016-07-01,TikTok,GamesBR,Games,Live,724238,72547,4151,2713,834073,2111810,9.11,18:00
2016,7,2016-07-01,TikTok,GamesBR,Educação,Vídeo,456509,64135,2520,989,695705,676352,1.57,12:00
2016,7,2016-07-01,Instagram,TechBrasil,Games,Carrossel,92157,22700,880,288,941285,220141,7.94,08:00
2016,7,2016-07-01,YouTube,ModaHoje,Entretenimento,Carrossel,756607,21137,3377,3872,322934,433662,4.85,12:00
2016,7,2016-07-01,Facebook,ModaHoje,Games,Imagem,431924,67573,581,4887,1403834,43609,5.68,18:00
2016,7,2016-07-01,Facebook,ModaHoje,Games,Carrossel,952610,31495,2372,4783,1246173,2480469,1.57,08:00
2016,7,2016-07-01,X,ModaHoje,Entretenimento,Live,205088,8762,4324,6679,2554,1924698,3.64,21:00
2016,7,2016-07-01,Facebook,TechBrasil,Entretenimento,Live,640467,5263,25,9303,926817,1614769,4.01,21:00
2016,7,2016-07-01,YouTube,ModaHoje,Entretenimento,Vídeo,984107,34226,3592,8013,844324,1795916,5.36,12:00
2016,7,2016-07-01,TikTok,TechBrasil,Entretenimento,Stories,338550,19608,1409,5172,1613062,2487085,10.35,18:00
2016,7,2016-07-01,Instagram,GamesBR,Educação,Imagem,708919,49458,3897,2305,1318403,180769,11.14,08:00
2016,7,2016-07-01,Instagram,TechBrasil,Educação,Imagem,359285,58462,1991,5475,139411,197477,3.97,18:00
2016,7,2016-07-01,X,GamesBR,Games,Live,663009,33408,2726,1613,1585413,1587515,7.68,21:00
2016,7,2016-07-01,LinkedIn,ModaHoje,Educação,Vídeo,485108,14135,221,8671,1573112,7316,9.07,18:00
2016,7,2016-07-01,X,EducaOnline,Entretenimento,Carrossel,238350,51830,2105,2118,1211511,664007,7.83,12:00
2016,7,2016-07-01,Instagram,TechBrasil,Games,Vídeo,189965,302,4126,7686,889361,1359306,5.53,12:00
2016,7,2016-07-01,LinkedIn,TechBrasil,Games,Imagem,790540,42221,1112,5258,1047181,517774,9.63,12:00
2016,8,2016-08-01,LinkedIn,TechBrasil,Tecnologia,Stories,218434,6005,4796,3248,1607638,308480,5.91,12:00
2016,8,2016-08-01,Instagram,TechBrasil,Educação,Stories,749882,51493,2857,3513,679151,2081446,1.87,18:00
2016,8,2016-08-01,TikTok,GamesBR,Games,Carrossel,913934,67745,394,7040,228578,2408482,9.14,18:00
2016,8,2016-08-01,Instagram,EducaOnline,Entretenimento,Imagem,328148,74062,189,8772,603416,123111,8.04,08:00
2016,8,2016-08-01,TikTok,GamesBR,Tecnologia,Imagem,351333,17764,1524,2698,1920334,954458,6.52,08:00
2016,8,2016-08-01,YouTube,TechBrasil,Tecnologia,Imagem,780762,8342,274,6258,1734847,2344631,6.32,18:00
2016,8,2016-08-01,TikTok,ModaHoje,Games,Carrossel,111521,49272,4653,5020,734519,1009614,9.77,21:00
2016,8,2016-08-01,Facebook,GamesBR,Entretenimento,Carrossel,743851,18619,3311,9171,409658,224416,1.59,12:00
2016,8,2016-08-01,LinkedIn,GamesBR,Entretenimento,Vídeo,701817,6941,3709,3749,1680956,1318392,4.49,12:00
2016,8,2016-08-01,X,ModaHoje,Games,Stories,675149,9019,1101,6022,1004358,1195527,3.83,21:00
2016,8,2016-08-01,LinkedIn,EducaOnline,Entretenimento,Vídeo,164998,56524,1292,4803,1688195,1935322,4.26,18:00
2016,8,2016-08-01,TikTok,TechBrasil,Tecnologia,Vídeo,459620,58973,2765,3381,1140327,1485584,6.76,18:00
2016,8,2016-08-01,Facebook,EducaOnline,Entretenimento,Vídeo,139476,4583,3239,546,844763,4177,11.48,12:00
2016,8,2016-08-01,YouTube,TechBrasil,Entretenimento,Imagem,449132,66483,562,6700,1185138,1766241,1.89,08:00
2016,8,2016-08-01,LinkedIn,GamesBR,Entretenimento,Carrossel,573691,64404,2206,2543,1201747,385038,3.4,21:00
2016,8,2016-08-01,Instagram,ModaHoje,Educação,Vídeo,733778,77538,3587,5392,955878,165003,2.8,08:00
2016,8,2016-08-01,Facebook,GamesBR,Entretenimento,Live,149505,31716,2759,1268,1013197,984377,2.21,18:00
2016,8,2016-08-01,Facebook,GamesBR,Tecnologia,Vídeo,648045,71156,1352,6259,619081,362072,4.35,08:00
2016,8,2016-08-01,Facebook,GamesBR,Educação,Stories,382072,56081,3644,4168,424642,1979997,9.77,08:00
2016,8,2016-08-01,X,EducaOnline,Educação,Imagem,619735,1165,3161,8347,163746,929091,2.85,18:00
2016,8,2016-08-01,LinkedIn,TechBrasil,Entretenimento,Vídeo,677775,77617,3457,9028,687841,1281234,0.67,18:00
2016,8,2016-08-01,X,TechBrasil,Educação,Vídeo,370906,43481,2689,999,57558,15138,4.83,21:00
2016,8,2016-08-01,Instagram,GamesBR,Tecnologia,Imagem,4530,47528,43,2069,1419695,1762568,4.7,12:00
2016,8,2016-08-01,Instagram,ModaHoje,Tecnologia,Imagem,153985,29744,1314,3467,1659572,1187654,9.15,12:00
2016,8,2016-08-01,Facebook,TechBrasil,Educação,Vídeo,218609,55347,4395,414,1487510,2480266,6.89,12:00
2016,8,2016-08-01,YouTube,ModaHoje,Games,Live,607078,13276,3122,7718,1284090,2231929,8.29,08:00
2016,8,2016-08-01,YouTube,ModaHoje,Educação,Stories,180131,42989,1081,8950,1392805,2045897,7.08,08:00
2016,8,2016-08-01,YouTube,GamesBR,Tecnologia,Vídeo,414845,4027,1294,2937,463516,176158,9.83,21:00
2016,8,2016-08-01,LinkedIn,GamesBR,Tecnologia,Vídeo,196922,52866,847,6987,589747,1140055,10.82,08:00
2016,8,2016-08-01,X,EducaOnline,Games,Vídeo,694487,32354,1449,7411,465309,578857,9.1,08:00
2016,8,2016-08-01,LinkedIn,ModaHoje,Games,Carrossel,30573,68859,4526,842,397722,646649,0.76,08:00
2016,8,2016-08-01,X,TechBrasil,Entretenimento,Carrossel,669187,28936,635,8414,1558056,1868537,3.74,08:00
2016,8,2016-08-01,YouTube,EducaOnline,Games,Carrossel,271957,13653,4410,2921,693798,884454,11.9,12:00
2016,8,2016-08-01,TikTok,EducaOnline,Entretenimento,Carrossel,435326,66605,357,9329,775488,100469,10.15,21:00
2016,8,2016-08-01,YouTube,GamesBR,Entretenimento,Stories,901553,11467,37,790,1570094,697801,9.29,08:00
2016,8,2016-08-01,Instagram,EducaOnline,Tecnologia,Live,896050,43012,4044,2768,736827,1785357,2.16,18:00
2016,8,2016-08-01,Facebook,EducaOnline,Games,Live,549177,70410,2589,8885,828188,1635492,11.0,18:00
2016,9,2016-09-01,Instagram,TechBrasil,Games,Imagem,369181,53177,3854,3582,780432,826352,6.76,12:00
2016,9,2016-09-01,Instagram,EducaOnline,Games,Stories,919116,10694,4041,964,525952,1966044,0.59,18:00
2016,9,2016-09-01,LinkedIn,TechBrasil,Educação,Stories,292909,44183,1402,2016,1736095,1773154,7.41,12:00
2016,9,2016-09-01,X,TechBrasil,Tecnologia,Imagem,579367,8551,3391,4360,944414,1688246,10.89,21:00
2016,9,2016-09-01,TikTok,ModaHoje,Entretenimento,Vídeo,718960,72191,449,2774,140665,318650,6.05,21:00
2016,9,2016-09-01,Instagram,EducaOnline,Games,Imagem,852046,9313,641,3185,1764360,2438997,4.12,21:00
2016,9,2016-09-01,LinkedIn,ModaHoje,Educação,Stories,14866,73698,4652,6576,1987697,1072672,9.11,12:00
2016,9,2016-09-01,TikTok,TechBrasil,Games,Live,484943,65620,3602,9885,1303639,1205446,0.62,08:00
2016,9,2016-09-01,Facebook,GamesBR,Games,Vídeo,496650,68620,827,6067,1796519,464223,10.02,08:00
2016,9,2016-09-01,YouTube,GamesBR,Tecnologia,Vídeo,552669,74967,4136,3892,1694465,314466,6.51,08:00
2016,9,2016-09-01,Instagram,GamesBR,Games,Imagem,60524,21109,886,7719,1104472,577297,6.74,12:00
2016,9,2016-09-01,Instagram,GamesBR,Entretenimento,Stories,777334,282,4243,9707,757379,1356237,10.99,12:00
2016,9,2016-09-01,YouTube,GamesBR,Tecnologia,Carrossel,256921,69491,2620,601,1151799,1146070,3.99,12:00
2016,9,2016-09-01,X,EducaOnline,Tecnologia,Imagem,476611,38644,832,3946,1870861,1692321,9.56,12:00
2016,9,2016-09-01,Instagram,EducaOnline,Games,Carrossel,53874,50045,2854,8602,1648748,337691,10.52,08:00
2016,9,2016-09-01,LinkedIn,GamesBR,Educação,Carrossel,253348,60253,3596,572,376628,833733,10.37,12:00
2016,9,2016-09-01,YouTube,EducaOnline,Entretenimento,Live,17107,52896,933,5181,385119,716805,11.26,18:00
2016,9,2016-09-01,YouTube,GamesBR,Entretenimento,Stories,332428,42743,2649,1951,1778240,1932124,9.83,21:00
2016,9,2016-09-01,X,ModaHoje,Games,Vídeo,667598,336,558,2984,1904917,975091,1.55,08:00
2016,9,2016-09-01,YouTube,GamesBR,Educação,Stories,3491,75443,1490,4731,1089419,1699087,2.42,08:00
2016,9,2016-09-01,TikTok,GamesBR,Entretenimento,Stories,925968,71199,4783,5977,781651,2430227,10.4,21:00
2016,9,2016-09-01,X,GamesBR,Entretenimento,Imagem,230016,7756,3494,2877,110731,54653,5.28,18:00
2016,9,2016-09-01,TikTok,GamesBR,Games,Stories,34205,22072,576,9950,1936806,367580,6.73,18:00
2016,9,2016-09-01,Facebook,ModaHoje,Games,Stories,519312,67801,730,6897,1283222,1053729,6.55,08:00
2016,9,2016-09-01,Facebook,GamesBR,Tecnologia,Imagem,125736,72417,874,3853,452130,1869721,2.85,18:00
2016,9,2016-09-01,TikTok,GamesBR,Entretenimento,Imagem,165666,48429,2030,6489,1177263,2421777,6.41,08:00
2016,9,2016-09-01,YouTube,ModaHoje,Entretenimento,Carrossel,543236,47255,987,900,982857,16445,1.99,18:00
2016,9,2016-09-01,LinkedIn,EducaOnline,Games,Carrossel,293408,19789,4337,1300,1837583,2496561,4.37,18:00
2016,9,2016-09-01,LinkedIn,EducaOnline,Entretenimento,Imagem,155657,59228,707,7518,1559406,892281,3.19,12:00
2016,9,2016-09-01,LinkedIn,ModaHoje,Tecnologia,Stories,806027,39431,3298,7824,1556211,699058,2.98,12:00
2016,9,2016-09-01,YouTube,GamesBR,Educação,Vídeo,109250,57021,889,1746,90761,2254836,8.46,21:00
2016,9,2016-09-01,LinkedIn,TechBrasil,Games,Imagem,708604,51999,3023,5736,1939587,399220,9.21,21:00
2016,9,2016-09-01,X,TechBrasil,Entretenimento,Stories,445856,69201,665,3063,806400,1164735,7.17,12:00
2016,9,2016-09-01,X,ModaHoje,Entretenimento,Vídeo,669978,11768,606,540,861096,1753853,3.1,18:00
2016,9,2016-09-01,Facebook,GamesBR,Entretenimento,Stories,488286,56037,2074,375,839605,1783546,0.94,12:00
2016,9,2016-09-01,Instagram,TechBrasil,Games,Vídeo,605085,10309,3890,7529,1505297,794055,11.77,08:00
2016,9,2016-09-01,LinkedIn,TechBrasil,Games,Vídeo,672602,40798,3748,8005,879897,1368365,8.84,21:00
2016,10,2016-10-01,Facebook,TechBrasil,Entretenimento,Stories,552504,41112,3271,6816,1712139,2154838,6.68,12:00
2016,10,2016-10-01,Instagram,EducaOnline,Games,Live,101526,47095,4775,3348,1125076,1018514,1.87,21:00
2016,10,2016-10-01,Facebook,EducaOnline,Games,Stories,705409,17774,2117,7461,409314,671242,3.18,08:00
2016,10,2016-10-01,TikTok,GamesBR,Entretenimento,Carrossel,679035,15088,2584,3627,1359855,37743,9.09,18:00
2016,10,2016-10-01,YouTube,TechBrasil,Entretenimento,Imagem,675081,30371,4776,7174,1024953,1395919,8.26,08:00
2016,10,2016-10-01,X,TechBrasil,Educação,Carrossel,743958,74374,552,3363,537280,978813,9.33,12:00
2016,10,2016-10-01,Facebook,ModaHoje,Entretenimento,Live,761600,12296,3115,1379,1163533,2057441,7.48,12:00
2016,10,2016-10-01,YouTube,TechBrasil,Tecnologia,Vídeo,885944,23197,1238,9062,35712,71494,7.1,21:00
2016,10,2016-10-01,LinkedIn,TechBrasil,Games,Vídeo,588282,40777,2610,7034,321884,2029187,10.71,08:00
2016,10,2016-10-01,LinkedIn,EducaOnline,Educação,Stories,768442,6294,1040,1924,277271,96049,4.46,12:00
2016,10,2016-10-01,TikTok,GamesBR,Games,Live,356856,45921,3003,4086,349385,2103397,4.28,18:00
2016,10,2016-10-01,LinkedIn,GamesBR,Games,Carrossel,229105,10821,12,7225,185640,21525,2.15,12:00
2016,10,2016-10-01,X,ModaHoje,Tecnologia,Carrossel,727630,70908,778,2411,1222570,189549,2.13,21:00
2016,10,2016-10-01,LinkedIn,GamesBR,Educação,Stories,750321,78512,780,2380,222137,288112,11.58,08:00
2016,10,2016-10-01,Instagram,GamesBR,Tecnologia,Imagem,521238,48296,1444,244,970646,771509,9.61,08:00
2016,10,2016-10-01,Instagram,ModaHoje,Games,Imagem,223813,45440,1206,9621,910097,1655856,5.75,18:00
2016,10,2016-10-01,Instagram,EducaOnline,Educação,Imagem,891292,4087,4395,4200,1908866,218387,11.07,21:00
2016,10,2016-10-01,X,GamesBR,Tecnologia,Vídeo,735658,53726,582,6732,1898317,39618,8.88,12:00
2016,10,2016-10-01,X,EducaOnline,Games,Carrossel,947309,12086,3891,5947,1283396,913771,4.02,08:00
2016,10,2016-10-01,Instagram,ModaHoje,Games,Live,402961,57427,1887,8387,904374,399866,11.55,12:00
2016,10,2016-10-01,Facebook,ModaHoje,Entretenimento,Imagem,62423,30878,4334,8764,785671,2398343,4.04,12:00
2016,10,2016-10-01,YouTube,GamesBR,Educação,Vídeo,899483,51706,4052,9886,1273423,997035,6.42,08:00
2016,10,2016-10-01,Instagram,GamesBR,Games,Live,779431,63608,2206,8699,1916029,943632,2.97,08:00
2016,10,2016-10-01,TikTok,EducaOnline,Games,Vídeo,54686,51893,297,5671,1844232,970858,10.49,18:00
2016,10,2016-10-01,X,ModaHoje,Games,Vídeo,645599,12341,3145,7626,1836384,145920,8.86,08:00
2016,10,2016-10-01,Instagram,GamesBR,Games,Live,629235,49422,1794,3215,91348,1236059,10.97,21:00
2016,10,2016-10-01,YouTube,ModaHoje,Entretenimento,Imagem,676215,10238,3883,6053,343939,296798,8.29,21:00
2016,10,2016-10-01,TikTok,EducaOnline,Tecnologia,Carrossel,220546,74362,1131,1996,1961434,51768,9.2,21:00
2016,10,2016-10-01,X,GamesBR,Entretenimento,Live,87877,61566,819,6583,1085006,217294,5.02,21:00
2016,10,2016-10-01,LinkedIn,EducaOnline,Educação,Live,618438,41791,4651,1174,901053,951606,4.16,08:00
2016,10,2016-10-01,Facebook,EducaOnline,Educação,Vídeo,607002,44346,3161,7041,523289,1502943,10.4,18:00
2016,10,2016-10-01,X,ModaHoje,Tecnologia,Imagem,639780,14643,1003,4013,634509,652658,1.39,08:00
2016,10,2016-10-01,YouTube,ModaHoje,Entretenimento,Stories,987023,70477,3661,9032,1805808,2482395,1.6,21:00
2016,10,2016-10-01,Instagram,GamesBR,Tecnologia,Carrossel,371092,18501,4800,5387,1176103,1670967,3.66,08:00
2016,10,2016-10-01,LinkedIn,TechBrasil,Entretenimento,Stories,803389,41024,3757,9968,1591157,2170482,6.94,21:00
2016,10,2016-10-01,Instagram,GamesBR,Entretenimento,Vídeo,515970,53409,192,5299,613926,1589241,9.77,08:00
2016,10,2016-10-01,TikTok,TechBrasil,Entretenimento,Imagem,633536,35167,3167,2371,1676662,53655,1.27,08:00
2016,11,2016-11-01,LinkedIn,TechBrasil,Tecnologia,Stories,523181,41225,2652,3735,1201655,487150,1.37,18:00
2016,11,2016-11-01,Instagram,EducaOnline,Tecnologia,Live,431627,23626,1532,2921,1223138,1703953,11.42,08:00
2016,11,2016-11-01,Facebook,ModaHoje,Tecnologia,Carrossel,584811,48699,1262,4233,783793,2410428,1.43,08:00
2016,11,2016-11-01,LinkedIn,ModaHoje,Games,Imagem,394410,40328,3915,276,1829847,1363896,2.58,21:00
2016,11,2016-11-01,Facebook,GamesBR,Entretenimento,Live,36542,9118,3458,616,710228,218507,1.18,08:00
2016,11,2016-11-01,TikTok,EducaOnline,Educação,Vídeo,142713,51481,1011,5946,620704,1180158,10.63,21:00
2016,11,2016-11-01,Instagram,GamesBR,Games,Live,882542,52011,3999,7094,968898,2251877,0.77,12:00
2016,11,2016-11-01,X,EducaOnline,Educação,Stories,312139,62681,4960,3040,115552,2107047,7.37,21:00
2016,11,2016-11-01,LinkedIn,TechBrasil,Tecnologia,Stories,46843,55416,3796,8081,1789808,2495687,0.65,08:00
2016,11,2016-11-01,X,EducaOnline,Tecnologia,Vídeo,731593,31650,4276,1800,1565275,1554044,9.35,12:00
2016,11,2016-11-01,TikTok,EducaOnline,Educação,Imagem,815601,34439,2092,9688,1117443,144416,6.45,08:00
2016,11,2016-11-01,YouTube,GamesBR,Games,Live,55865,2749,3061,2752,1624096,1916326,1.88,08:00
2016,11,2016-11-01,TikTok,EducaOnline,Tecnologia,Carrossel,462451,25970,2228,3915,870201,1253709,6.98,08:00
2016,11,2016-11-01,TikTok,GamesBR,Tecnologia,Live,755494,25787,3577,9942,687419,1583277,6.8,21:00
2016,11,2016-11-01,LinkedIn,GamesBR,Entretenimento,Carrossel,319647,6967,1651,7482,1536176,1713721,8.62,18:00
2016,11,2016-11-01,Facebook,ModaHoje,Entretenimento,Imagem,554322,14950,2325,3709,1695914,627713,8.44,21:00
2016,11,2016-11-01,YouTube,GamesBR,Entretenimento,Live,583521,45976,1912,533,1535433,1133062,3.64,18:00
2016,11,2016-11-01,Instagram,EducaOnline,Tecnologia,Imagem,905711,52070,2701,9949,1347314,823108,1.65,18:00
2016,11,2016-11-01,TikTok,GamesBR,Games,Carrossel,542174,46659,2172,963,604310,2470630,5.4,18:00
2016,11,2016-11-01,YouTube,TechBrasil,Tecnologia,Live,728795,36770,3217,8722,249485,1803332,1.43,21:00
2016,11,2016-11-01,Instagram,TechBrasil,Educação,Stories,671850,34289,4530,1472,1309321,2413216,9.9,12:00
2016,11,2016-11-01,YouTube,ModaHoje,Games,Imagem,617661,73975,4462,5036,231244,1069377,3.43,12:00
2016,11,2016-11-01,LinkedIn,GamesBR,Educação,Imagem,968092,67958,2670,9084,289783,716744,5.5,12:00
2016,11,2016-11-01,LinkedIn,TechBrasil,Tecnologia,Carrossel,654210,40096,2677,1432,1175475,1218845,11.81,21:00
2016,11,2016-11-01,LinkedIn,EducaOnline,Tecnologia,Imagem,269587,67121,2378,2355,1353593,348756,2.03,12:00
2016,11,2016-11-01,LinkedIn,GamesBR,Entretenimento,Stories,170402,68927,4069,8899,57622,1908303,8.54,12:00
2016,11,2016-11-01,TikTok,EducaOnline,Tecnologia,Stories,768479,73286,3219,3754,727939,2324188,6.91,21:00
2016,11,2016-11-01,Facebook,ModaHoje,Entretenimento,Imagem,117262,43191,3218,3983,1202084,912825,10.98,18:00
2016,11,2016-11-01,Facebook,GamesBR,Tecnologia,Imagem,653504,37701,1855,7764,666311,516567,5.56,18:00
2016,11,2016-11-01,Instagram,EducaOnline,Tecnologia,Stories,633822,53353,3182,7617,1828077,1145669,3.01,12:00
2016,11,2016-11-01,Facebook,TechBrasil,Entretenimento,Vídeo,222491,855,2703,3413,1048728,344967,5.62,12:00
2016,11,2016-11-01,Facebook,EducaOnline,Educação,Stories,917819,1185,3953,7857,1298616,1149404,0.87,18:00
2016,11,2016-11-01,Facebook,ModaHoje,Entretenimento,Imagem,341633,77929,4959,6569,1149520,700280,7.77,12:00
2016,11,2016-11-01,Facebook,EducaOnline,Games,Vídeo,137043,5103,4507,2507,1722045,101415,9.64,08:00
2016,11,2016-11-01,TikTok,ModaHoje,Entretenimento,Imagem,397372,215,1875,872,608102,1833645,3.4,21:00
2016,11,2016-11-01,LinkedIn,EducaOnline,Tecnologia,Vídeo,810659,16839,3996,9803,1199725,2305799,10.48,08:00
2016,11,2016-11-01,LinkedIn,EducaOnline,Educação,Stories,652490,18715,2874,5640,1188529,2059362,1.68,12:00
2016,12,2016-12-01,Instagram,GamesBR,Entretenimento,Stories,350557,58255,2272,8667,964924,982081,10.25,08:00
2016,12,2016-12-01,Instagram,ModaHoje,Educação,Vídeo,223175,42518,2869,1541,622880,829605,11.57,08:00
2016,12,2016-12-01,YouTube,TechBrasil,Games,Carrossel,685653,8120,157,2596,1574446,789084,7.78,21:00
2016,12,2016-12-01,Facebook,EducaOnline,Tecnologia,Stories,387305,53141,973,4514,379236,623778,11.13,21:00
2016,12,2016-12-01,Facebook,ModaHoje,Entretenimento,Stories,524349,8950,1094,9916,960570,1579462,11.38,08:00
2016,12,2016-12-01,Facebook,ModaHoje,Tecnologia,Stories,689590,65334,3513,938,1670866,15165,7.35,12:00
2016,12,2016-12-01,TikTok,TechBrasil,Educação,Imagem,488221,52576,4084,1308,565491,2212230,9.41,21:00
2016,12,2016-12-01,TikTok,ModaHoje,Games,Carrossel,459308,71565,632,9819,1159559,1950999,11.47,18:00
2016,12,2016-12-01,Facebook,EducaOnline,Entretenimento,Carrossel,989630,27826,1925,1655,1165951,2382004,11.1,21:00
2016,12,2016-12-01,Facebook,EducaOnline,Educação,Imagem,585097,36796,3094,7072,845256,205842,5.71,08:00
2016,12,2016-12-01,Instagram,GamesBR,Tecnologia,Imagem,952339,38627,4451,327,712049,1383457,11.02,08:00
2016,12,2016-12-01,Facebook,EducaOnline,Tecnologia,Carrossel,423581,22873,1294,611,1719541,2126706,9.49,21:00
2016,12,2016-12-01,X,ModaHoje,Tecnologia,Imagem,829226,35846,1286,3951,686663,148276,2.3,18:00
2016,12,2016-12-01,LinkedIn,EducaOnline,Entretenimento,Stories,990661,22661,2461,3361,1459383,830440,6.87,08:00
2016,12,2016-12-01,YouTube,EducaOnline,Entretenimento,Live,376885,8349,2030,1777,902746,1963376,0.93,21:00
2016,12,2016-12-01,LinkedIn,GamesBR,Educação,Vídeo,816711,55413,3359,3034,1229051,53946,4.44,12:00
2016,12,2016-12-01,TikTok,GamesBR,Tecnologia,Live,865024,74335,2353,7888,1525634,660674,10.15,12:00
2016,12,2016-12-01,X,GamesBR,Entretenimento,Stories,235651,18262,1553,3066,1363237,1067343,1.84,12:00
2016,12,2016-12-01,TikTok,TechBrasil,Entretenimento,Vídeo,417429,41100,1732,640,754282,2274164,2.12,18:00
2016,12,2016-12-01,X,GamesBR,Entretenimento,Stories,824058,56828,3939,5334,1548139,2178845,6.96,21:00
2016,12,2016-12-01,TikTok,GamesBR,Educação,Live,130592,41779,4030,6212,853637,2317443,8.23,12:00
2016,12,2016-12-01,YouTube,GamesBR,Games,Live,77740,24637,981,3285,1462391,502969,0.7,18:00
2016,12,2016-12-01,TikTok,EducaOnline,Entretenimento,Imagem,636278,48221,4001,3756,1431966,1824466,8.81,08:00
2016,12,2016-12-01,YouTube,ModaHoje,Tecnologia,Imagem,424214,43095,3655,897,908621,1129782,4.02,21:00
2016,12,2016-12-01,TikTok,ModaHoje,Educação,Stories,715355,75991,3022,1140,776732,923840,11.37,21:00
2016,12,2016-12-01,Instagram,EducaOnline,Entretenimento,Live,321082,57623,1331,7916,788021,1531340,2.2,08:00
2016,12,2016-12-01,X,EducaOnline,Educação,Live,232200,36620,4334,9858,201514,809206,2.83,21:00
2016,12,2016-12-01,YouTube,TechBrasil,Tecnologia,Imagem,705208,79677,3379,6477,1015771,57298,5.72,08:00
2016,12,2016-12-01,Facebook,GamesBR,Games,Carrossel,285159,78181,1073,5247,1910841,668516,2.99,08:00
2016,12,2016-12-01,Instagram,GamesBR,Tecnologia,Vídeo,829673,19544,3970,6094,1811630,1384906,7.87,08:00
2016,12,2016-12-01,X,TechBrasil,Entretenimento,Imagem,571911,4992,3944,4823,1206910,1914177,3.5,18:00
2016,12,2016-12-01,Instagram,GamesBR,Educação,Stories,594950,9109,2369,2623,1544977,103853,10.54,12:00
2016,12,2016-12-01,LinkedIn,ModaHoje,Games,Stories,378371,79599,1386,4076,223099,606393,5.36,08:00
2016,12,2016-12-01,YouTube,GamesBR,Games,Stories,803988,45104,2366,1565,1401033,1275266,0.73,12:00
2016,12,2016-12-01,TikTok,GamesBR,Entretenimento,Imagem,796217,14936,4514,8174,543695,838854,0.73,18:00
2016,12,2016-12-01,Instagram,EducaOnline,Games,Vídeo,184075,28844,949,9501,1993392,700148,6.3,18:00
2016,12,2016-12-01,TikTok,TechBrasil,Games,Stories,765953,73447,694,8582,631873,1403916,2.44,12:00
2017,1,2017-01-01,TikTok,GamesBR,Tecnologia,Live,629516,39910,295,1769,90849,838589,9.44,12:00
2017,1,2017-01-01,Facebook,ModaHoje,Educação,Live,795738,26380,36,4314,1800337,603288,8.93,21:00
2017,1,2017-01-01,YouTube,TechBrasil,Games,Carrossel,872889,35219,494,3483,205555,1992056,6.15,08:00
2017,1,2017-01-01,Facebook,EducaOnline,Tecnologia,Live,808770,66967,3145,1642,485204,585074,5.59,08:00
2017,1,2017-01-01,YouTube,GamesBR,Tecnologia,Live,196019,76492,1900,8525,558066,1116996,3.34,21:00
2017,1,2017-01-01,YouTube,TechBrasil,Entretenimento,Live,344780,29709,3670,4012,857747,688230,4.43,08:00
2017,1,2017-01-01,X,ModaHoje,Games,Imagem,644462,48102,4150,4144,1535433,931650,9.78,12:00
2017,1,2017-01-01,Instagram,EducaOnline,Tecnologia,Carrossel,314529,6243,4352,9978,1611836,1255338,8.22,08:00
2017,1,2017-01-01,X,TechBrasil,Games,Vídeo,987505,70863,3118,4050,1034492,610238,3.44,21:00
2017,1,2017-01-01,LinkedIn,GamesBR,Entretenimento,Imagem,480559,18603,3514,7755,998998,2020569,4.72,12:00
2017,1,2017-01-01,X,EducaOnline,Educação,Stories,624357,47278,117,1607,1757470,879318,10.98,21:00
2017,1,2017-01-01,TikTok,ModaHoje,Tecnologia,Imagem,508427,18015,3821,8091,303787,72203,2.99,18:00
2017,1,2017-01-01,Facebook,ModaHoje,Educação,Stories,688130,66816,504,5675,261565,749258,6.5,18:00
2017,1,2017-01-01,Instagram,EducaOnline,Tecnologia,Carrossel,945513,2541,3828,7850,800630,2164682,5.61,18:00
2017,1,2017-01-01,LinkedIn,ModaHoje,Entretenimento,Carrossel,379189,76365,1664,1313,1143659,570886,8.14,08:00
2017,1,2017-01-01,Facebook,TechBrasil,Educação,Live,414770,13050,118,2621,1628471,2119264,4.47,08:00
2017,1,2017-01-01,LinkedIn,GamesBR,Games,Carrossel,149931,46460,1205,537,863198,1748611,11.76,21:00
2017,1,2017-01-01,Instagram,GamesBR,Educação,Vídeo,326599,7174,2487,8426,729431,620300,2.23,12:00
2017,1,2017-01-01,Facebook,EducaOnline,Games,Imagem,623335,32067,4904,9864,1032760,1534772,3.02,21:00
2017,1,2017-01-01,X,EducaOnline,Games,Imagem,296985,39683,4517,3051,1691750,2264597,4.66,21:00
2017,1,2017-01-01,TikTok,GamesBR,Tecnologia,Carrossel,109766,40894,2329,6580,1416047,1330626,4.9,12:00
2017,1,2017-01-01,Instagram,TechBrasil,Games,Stories,489612,68337,3318,7113,419799,2070293,8.71,18:00
2017,1,2017-01-01,YouTube,TechBrasil,Educação,Imagem,430562,79061,1499,9140,394188,2220010,11.21,21:00
2017,1,2017-01-01,X,GamesBR,Tecnologia,Live,83593,32717,4926,7239,1302002,527221,10.45,08:00
2017,1,2017-01-01,X,GamesBR,Tecnologia,Vídeo,563013,30543,919,3405,394169,1288997,3.02,12:00
2017,1,2017-01-01,TikTok,TechBrasil,Games,Live,840986,21445,3559,9839,252063,1959808,4.34,21:00
2017,1,2017-01-01,Facebook,GamesBR,Games,Vídeo,24917,38411,1657,2229,473835,1555168,6.61,18:00
2017,1,2017-01-01,YouTube,TechBrasil,Educação,Imagem,349623,17033,2435,7657,1078289,1852370,3.27,12:00
2017,1,2017-01-01,Instagram,ModaHoje,Tecnologia,Live,351009,53139,957,4531,113941,319246,10.76,08:00
2017,1,2017-01-01,YouTube,GamesBR,Entretenimento,Live,422789,63023,4381,6252,553069,1247068,0.69,12:00
2017,1,2017-01-01,X,ModaHoje,Tecnologia,Imagem,673119,76537,3432,6751,217164,1955198,6.1,08:00
2017,1,2017-01-01,Facebook,ModaHoje,Tecnologia,Stories,904910,22636,1185,667,536593,136317,7.88,21:00
2017,1,2017-01-01,Instagram,EducaOnline,Entretenimento,Imagem,400002,74524,3004,5896,1420896,1782929,2.78,21:00
2017,1,2017-01-01,LinkedIn,ModaHoje,Tecnologia,Carrossel,262310,49694,2540,6695,1555384,56578,3.41,08:00
2017,1,2017-01-01,TikTok,EducaOnline,Games,Imagem,582974,11169,3808,6016,332053,397468,5.0,12:00
2017,1,2017-01-01,LinkedIn,ModaHoje,Tecnologia,Vídeo,697646,56191,1758,1290,698176,2074626,2.78,18:00
2017,1,2017-01-01,X,TechBrasil,Tecnologia,Vídeo,747651,43996,1309,6655,1130059,2235014,5.31,12:00
2017,2,2017-02-01,X,TechBrasil,Games,Live,951929,22859,4292,1833,721808,1134205,10.56,18:00
2017,2,2017-02-01,YouTube,EducaOnline,Educação,Live,397331,11144,73,5632,882129,1749422,3.76,21:00
2017,2,2017-02-01,YouTube,EducaOnline,Tecnologia,Live,579403,69654,2859,566,731403,1382917,11.83,12:00
2017,2,2017-02-01,LinkedIn,TechBrasil,Entretenimento,Stories,800427,70641,985,4559,250903,2141440,8.91,08:00
2017,2,2017-02-01,LinkedIn,TechBrasil,Entretenimento,Carrossel,814155,6230,4031,4453,1592351,2168709,2.07,08:00
2017,2,2017-02-01,TikTok,GamesBR,Educação,Imagem,166943,42844,1580,3205,1642042,2363974,6.13,08:00
2017,2,2017-02-01,Instagram,EducaOnline,Entretenimento,Carrossel,317743,53573,19,2125,1991592,1791313,10.67,18:00
2017,2,2017-02-01,Instagram,TechBrasil,Games,Carrossel,155995,12815,4393,5399,888375,2411732,11.55,08:00
2017,2,2017-02-01,TikTok,TechBrasil,Games,Carrossel,435418,22252,4234,924,1477395,2254045,1.87,08:00
2017,2,2017-02-01,X,GamesBR,Games,Imagem,756429,52331,1699,5878,1562410,1964657,6.19,18:00
2017,2,2017-02-01,LinkedIn,EducaOnline,Entretenimento,Imagem,179685,71182,3018,8621,636280,683521,2.63,21:00
2017,2,2017-02-01,YouTube,EducaOnline,Educação,Live,786765,53390,1634,9829,473686,1318885,11.37,18:00
2017,2,2017-02-01,Facebook,TechBrasil,Games,Vídeo,768949,1196,4678,2365,511321,2315788,6.75,18:00
2017,2,2017-02-01,TikTok,ModaHoje,Tecnologia,Imagem,898443,4274,2354,896,1317377,1455044,8.04,18:00
2017,2,2017-02-01,Instagram,TechBrasil,Tecnologia,Carrossel,810812,26211,2280,9114,486953,2145569,2.55,12:00
2017,2,2017-02-01,Facebook,EducaOnline,Entretenimento,Vídeo,443929,20898,3945,1692,1810396,315180,5.55,08:00
2017,2,2017-02-01,TikTok,TechBrasil,Games,Live,719158,51914,1935,395,258886,1145559,11.53,08:00
2017,2,2017-02-01,X,EducaOnline,Tecnologia,Carrossel,264756,55268,1349,1111,841840,203622,8.91,21:00
2017,2,2017-02-01,Facebook,TechBrasil,Educação,Carrossel,468573,13642,289,6988,1037198,172681,10.02,08:00
2017,2,2017-02-01,Instagram,ModaHoje,Games,Stories,545724,28003,1211,9258,1599283,1519780,6.72,12:00
2017,2,2017-02-01,LinkedIn,ModaHoje,Educação,Live,206957,72887,1834,8804,22929,604479,5.91,12:00
2017,2,2017-02-01,Instagram,ModaHoje,Tecnologia,Live,859505,11647,3090,6632,1616099,2495625,7.5,12:00
2017,2,2017-02-01,X,GamesBR,Games,Carrossel,560139,62789,2995,5797,1086570,516696,9.73,12:00
2017,2,2017-02-01,X,EducaOnline,Games,Imagem,365492,3262,829,8478,1160650,694455,3.61,21:00
2017,2,2017-02-01,LinkedIn,TechBrasil,Tecnologia,Imagem,390424,38868,173,321,831508,919919,2.65,12:00
2017,2,2017-02-01,YouTube,ModaHoje,Tecnologia,Stories,58600,28289,716,5682,1250113,179539,8.15,21:00
2017,2,2017-02-01,YouTube,GamesBR,Tecnologia,Live,229991,12857,1621,5280,322361,1705284,10.9,18:00
2017,2,2017-02-01,LinkedIn,EducaOnline,Entretenimento,Imagem,980925,51497,2484,881,1787066,998401,1.01,12:00
2017,2,2017-02-01,Instagram,ModaHoje,Games,Stories,15715,17481,3005,8868,1784270,805957,2.57,21:00
2017,2,2017-02-01,Facebook,TechBrasil,Educação,Carrossel,52030,27983,2374,8956,1080970,1339943,3.79,21:00
2017,2,2017-02-01,LinkedIn,TechBrasil,Educação,Live,470136,41603,1620,4534,531961,1770510,1.31,21:00
2017,2,2017-02-01,YouTube,EducaOnline,Entretenimento,Vídeo,682983,17978,4441,2159,418818,859928,11.68,12:00
2017,2,2017-02-01,LinkedIn,EducaOnline,Tecnologia,Imagem,119113,58474,564,9213,663748,497881,10.2,18:00
2017,2,2017-02-01,YouTube,EducaOnline,Entretenimento,Vídeo,603642,13719,2047,8474,11100,2341820,5.21,08:00
2017,2,2017-02-01,X,ModaHoje,Games,Imagem,986648,33738,2706,4167,718904,1782811,5.51,08:00
2017,2,2017-02-01,YouTube,ModaHoje,Educação,Imagem,15626,7184,3142,1281,1327435,549699,9.87,12:00
2017,2,2017-02-01,Facebook,EducaOnline,Entretenimento,Imagem,831587,63005,2177,1896,86938,1190402,3.35,18:00
2017,3,2017-03-01,LinkedIn,TechBrasil,Tecnologia,Imagem,759291,49408,3412,2503,1630825,845918,0.67,18:00
2017,3,2017-03-01,YouTube,EducaOnline,Tecnologia,Live,139061,36967,782,1235,1348495,1328576,5.44,21:00
2017,3,2017-03-01,Instagram,TechBrasil,Games,Carrossel,313641,17386,4284,7611,631949,1080530,12.0,18:00
2017,3,2017-03-01,LinkedIn,ModaHoje,Educação,Live,973511,17529,2085,3627,1718249,678834,5.24,08:00
2017,3,2017-03-01,LinkedIn,ModaHoje,Tecnologia,Carrossel,501368,16368,243,4582,282887,1813119,3.62,08:00
2017,3,2017-03-01,X,GamesBR,Tecnologia,Carrossel,892343,33090,3791,5887,1398277,967463,6.72,08:00
2017,3,2017-03-01,Instagram,GamesBR,Entretenimento,Live,327813,66739,2270,6411,1233715,2043466,11.99,21:00
2017,3,2017-03-01,Instagram,EducaOnline,Entretenimento,Carrossel,668088,71873,4488,1520,1301373,1874776,4.31,18:00
2017,3,2017-03-01,LinkedIn,EducaOnline,Entretenimento,Live,527015,5149,279,7158,1074419,2028534,2.41,18:00
2017,3,2017-03-01,X,EducaOnline,Games,Vídeo,125078,14563,3785,5336,1311344,1977459,2.27,08:00
2017,3,2017-03-01,Facebook,ModaHoje,Games,Imagem,833639,54672,1761,3117,872434,434332,11.05,18:00
2017,3,2017-03-01,X,TechBrasil,Tecnologia,Vídeo,409844,41215,4370,5052,576339,1375996,2.55,18:00
2017,3,2017-03-01,X,GamesBR,Games,Imagem,550425,62961,2331,8801,987338,764859,7.15,08:00
2017,3,2017-03-01,Instagram,GamesBR,Games,Imagem,468521,60471,1191,6008,1360089,1608455,6.24,12:00
2017,3,2017-03-01,Instagram,EducaOnline,Tecnologia,Live,928493,9081,2167,4150,1602038,2470029,2.68,18:00
2017,3,2017-03-01,Facebook,ModaHoje,Games,Vídeo,613041,10001,1672,8797,1147684,1805615,3.0,21:00
2017,3,2017-03-01,YouTube,ModaHoje,Games,Imagem,485134,16004,3896,2886,1025431,145596,10.15,21:00
2017,3,2017-03-01,Facebook,TechBrasil,Educação,Stories,500256,53367,540,8809,346028,2170124,3.67,18:00
2017,3,2017-03-01,Facebook,EducaOnline,Educação,Stories,261871,61141,4989,1028,1228429,786645,10.61,21:00
2017,3,2017-03-01,Facebook,GamesBR,Entretenimento,Vídeo,757879,38788,2439,4331,1014033,1650274,3.85,12:00
2017,3,2017-03-01,X,EducaOnline,Tecnologia,Imagem,797777,68988,1108,437,814264,1712577,4.32,08:00
2017,3,2017-03-01,Facebook,EducaOnline,Educação,Vídeo,625198,21306,924,3900,1892667,83701,11.54,18:00
2017,3,2017-03-01,Facebook,EducaOnline,Educação,Vídeo,973226,50041,757,1308,1469368,967152,6.93,18:00
2017,3,2017-03-01,TikTok,ModaHoje,Games,Live,879412,35172,4304,6584,410604,479024,5.33,12:00
2017,3,2017-03-01,TikTok,GamesBR,Games,Vídeo,459601,27301,1359,9181,1117050,501946,5.88,21:00
2017,3,2017-03-01,TikTok,GamesBR,Tecnologia,Vídeo,102295,28228,92,8201,70746,1691728,11.45,08:00
2017,3,2017-03-01,YouTube,ModaHoje,Tecnologia,Imagem,972612,47456,4324,8293,892831,1340390,5.01,18:00
2017,3,2017-03-01,Instagram,GamesBR,Educação,Carrossel,969636,23242,867,7456,211415,1157836,5.22,12:00
2017,3,2017-03-01,TikTok,GamesBR,Entretenimento,Carrossel,636810,48403,837,2249,795138,1187627,4.23,18:00
2017,3,2017-03-01,LinkedIn,GamesBR,Entretenimento,Vídeo,38920,66807,856,4808,64996,69527,1.1,08:00
2017,3,2017-03-01,Facebook,TechBrasil,Tecnologia,Live,26607,50446,1491,6331,753736,2187081,2.27,12:00
2017,3,2017-03-01,X,GamesBR,Games,Imagem,358940,48241,278,2795,1591341,1486996,10.98,12:00
2017,3,2017-03-01,X,EducaOnline,Entretenimento,Live,209188,29332,4645,6806,1275957,1302366,3.81,12:00
2017,3,2017-03-01,Facebook,GamesBR,Games,Stories,249651,30857,3426,4795,723213,2225393,7.31,08:00
2017,3,2017-03-01,TikTok,GamesBR,Games,Stories,528239,2231,651,6594,1865973,398026,0.94,21:00
2017,3,2017-03-01,TikTok,GamesBR,Educação,Carrossel,918671,13441,669,169,1783175,640931,3.61,12:00
2017,3,2017-03-01,LinkedIn,ModaHoje,Tecnologia,Vídeo,947015,2926,292,4557,1095482,993873,5.46,12:00
2017,4,2017-04-01,YouTube,GamesBR,Tecnologia,Live,612400,4570,3982,6958,494057,2401901,7.09,18:00
2017,4,2017-04-01,Instagram,GamesBR,Games,Imagem,464056,73214,3919,4790,1840764,23197,7.09,21:00
2017,4,2017-04-01,TikTok,GamesBR,Educação,Vídeo,660367,68511,2950,8501,246052,387925,1.31,18:00
2017,4,2017-04-01,Instagram,GamesBR,Entretenimento,Imagem,228435,8126,2345,775,775026,980921,8.8,21:00
2017,4,2017-04-01,Instagram,GamesBR,Entretenimento,Stories,941358,73578,4699,1901,146046,904121,6.86,18:00
2017,4,2017-04-01,Facebook,GamesBR,Games,Vídeo,732293,73313,486,7214,90230,448867,4.94,21:00
2017,4,2017-04-01,TikTok,ModaHoje,Educação,Vídeo,550478,57851,2728,8231,1034933,1472568,4.75,18:00
2017,4,2017-04-01,LinkedIn,EducaOnline,Games,Carrossel,222076,24815,2229,607,1805984,1286896,2.09,12:00
2017,4,2017-04-01,TikTok,GamesBR,Tecnologia,Stories,987870,55787,350,565,476441,1138570,2.56,21:00
2017,4,2017-04-01,Facebook,TechBrasil,Entretenimento,Live,905595,43899,2551,2446,1984165,1145131,11.65,08:00
2017,4,2017-04-01,Instagram,TechBrasil,Tecnologia,Imagem,980399,77455,4592,8129,1636515,1707015,4.32,18:00
2017,4,2017-04-01,Instagram,GamesBR,Educação,Carrossel,823765,65577,3237,4775,1078569,2295053,9.58,12:00
2017,4,2017-04-01,TikTok,ModaHoje,Tecnologia,Stories,368711,63852,3652,5558,1138688,52730,11.6,08:00
2017,4,2017-04-01,TikTok,ModaHoje,Entretenimento,Vídeo,954063,64203,4536,7284,919491,2051162,4.98,18:00
2017,4,2017-04-01,LinkedIn,EducaOnline,Entretenimento,Imagem,91671,38016,500,7139,1159727,289312,11.24,12:00
2017,4,2017-04-01,X,ModaHoje,Educação,Vídeo,819019,23391,3204,3920,1748721,2105087,4.16,21:00
2017,4,2017-04-01,LinkedIn,EducaOnline,Games,Stories,669397,58122,1766,6471,979003,1710451,7.65,21:00
2017,4,2017-04-01,Instagram,ModaHoje,Educação,Live,829207,70889,4060,1737,537371,699830,4.38,18:00
2017,4,2017-04-01,X,TechBrasil,Tecnologia,Vídeo,299032,67776,4078,2419,1050329,1026997,10.17,08:00
2017,4,2017-04-01,YouTube,GamesBR,Educação,Vídeo,812750,23434,2248,761,579320,164326,3.38,18:00
2017,4,2017-04-01,Facebook,ModaHoje,Games,Stories,324662,18885,4995,7080,1688195,447619,10.33,08:00
2017,4,2017-04-01,TikTok,GamesBR,Games,Imagem,744326,78230,777,7239,1896538,210275,5.9,12:00
2017,4,2017-04-01,Instagram,TechBrasil,Games,Imagem,555020,49859,3988,7359,666506,2421265,9.92,12:00
2017,4,2017-04-01,YouTube,ModaHoje,Entretenimento,Carrossel,850338,4616,2732,351,249248,1108918,10.3,21:00
2017,4,2017-04-01,Instagram,TechBrasil,Educação,Live,279838,65575,2504,4034,556726,497053,3.19,12:00
2017,4,2017-04-01,LinkedIn,EducaOnline,Games,Vídeo,906041,14927,3021,3528,16075,442563,2.92,21:00
2017,4,2017-04-01,Facebook,EducaOnline,Educação,Carrossel,284973,4246,3624,4224,1281525,414875,8.41,12:00
2017,4,2017-04-01,TikTok,EducaOnline,Educação,Imagem,633106,25761,2034,1943,753408,527068,7.55,12:00
2017,4,2017-04-01,YouTube,EducaOnline,Entretenimento,Imagem,885798,69917,3616,4541,1635895,2339381,1.92,21:00
2017,4,2017-04-01,YouTube,TechBrasil,Tecnologia,Vídeo,996646,42804,4878,4586,1635302,113499,0.93,12:00
2017,4,2017-04-01,Instagram,TechBrasil,Entretenimento,Imagem,924496,4393,1712,3256,1768013,1337166,10.36,21:00
2017,4,2017-04-01,YouTube,EducaOnline,Entretenimento,Carrossel,853072,64218,4507,6318,592658,1509559,9.74,08:00
2017,4,2017-04-01,Instagram,ModaHoje,Educação,Live,965415,54894,4893,7513,1316105,178709,8.61,18:00
2017,4,2017-04-01,TikTok,GamesBR,Games,Imagem,627334,19359,4963,7809,148456,1119606,1.02,08:00
2017,4,2017-04-01,LinkedIn,GamesBR,Tecnologia,Stories,898378,58099,3949,968,1248392,1596636,0.62,18:00
2017,4,2017-04-01,X,EducaOnline,Educação,Vídeo,811357,46390,2614,8540,563455,1561993,11.54,08:00
2017,4,2017-04-01,X,ModaHoje,Games,Carrossel,690134,60664,1158,206,1057283,1772842,9.59,08:00
2017,5,2017-05-01,X,GamesBR,Games,Vídeo,276128,56521,4642,8472,969340,253950,5.28,21:00
2017,5,2017-05-01,Facebook,TechBrasil,Tecnologia,Imagem,329271,76878,4936,1171,906773,708714,0.97,18:00
2017,5,2017-05-01,Instagram,EducaOnline,Educação,Carrossel,200071,30150,2270,8367,256819,2323143,10.24,08:00
2017,5,2017-05-01,Facebook,GamesBR,Games,Carrossel,371809,16313,3647,1023,113653,425413,10.51,21:00
2017,5,2017-05-01,X,ModaHoje,Tecnologia,Live,492155,63031,3222,6531,1148413,803798,8.21,18:00
2017,5,2017-05-01,Facebook,GamesBR,Educação,Live,465849,33315,2713,9743,1834501,1513925,11.67,08:00
2017,5,2017-05-01,X,GamesBR,Games,Vídeo,905754,29543,3011,7227,1522259,922293,10.77,18:00
2017,5,2017-05-01,LinkedIn,GamesBR,Entretenimento,Live,680894,39645,4809,7167,917423,967598,9.03,18:00
2017,5,2017-05-01,Instagram,EducaOnline,Entretenimento,Live,908582,49836,2092,210,701888,1107722,8.94,21:00
2017,5,2017-05-01,LinkedIn,EducaOnline,Educação,Vídeo,986119,36913,2008,2013,1216782,1904910,11.15,08:00
2017,5,2017-05-01,Facebook,TechBrasil,Entretenimento,Stories,627948,65377,1330,2042,937967,2057203,5.18,18:00
2017,5,2017-05-01,X,GamesBR,Tecnologia,Stories,328304,60730,2329,2747,1679273,360893,1.15,12:00
2017,5,2017-05-01,YouTube,GamesBR,Tecnologia,Live,748948,62480,220,4466,1613588,316509,4.06,08:00
2017,5,2017-05-01,TikTok,GamesBR,Games,Carrossel,349971,38069,4638,8735,418877,629477,8.38,21:00
2017,5,2017-05-01,YouTube,GamesBR,Tecnologia,Imagem,715573,59004,1894,4798,1576241,521541,3.89,21:00
2017,5,2017-05-01,TikTok,ModaHoje,Educação,Vídeo,768720,15543,3869,9698,1399756,791181,2.44,08:00
2017,5,2017-05-01,X,ModaHoje,Educação,Carrossel,575972,33182,4653,1769,342782,1474543,3.17,08:00
2017,5,2017-05-01,YouTube,EducaOnline,Games,Live,400922,44280,2000,114,75502,895276,4.89,18:00
2017,5,2017-05-01,Instagram,ModaHoje,Entretenimento,Stories,631958,66852,3739,511,1480781,325538,11.89,12:00
2017,5,2017-05-01,Instagram,EducaOnline,Tecnologia,Live,415125,74877,2415,8141,1327082,1868497,3.53,18:00
2017,5,2017-05-01,YouTube,EducaOnline,Games,Imagem,419792,65398,1789,2783,176825,698242,7.95,18:00
2017,5,2017-05-01,YouTube,TechBrasil,Tecnologia,Live,70843,75984,3381,4167,1723576,831397,3.88,18:00
2017,5,2017-05-01,LinkedIn,ModaHoje,Tecnologia,Stories,906944,23401,3788,4795,36217,916238,9.37,08:00
2017,5,2017-05-01,LinkedIn,EducaOnline,Entretenimento,Vídeo,162433,43657,3090,2052,1636658,591215,11.26,12:00
2017,5,2017-05-01,YouTube,TechBrasil,Entretenimento,Vídeo,572233,32997,4810,6386,817155,1964573,2.92,08:00
2017,5,2017-05-01,X,GamesBR,Entretenimento,Stories,623573,57618,1219,8096,1840006,909775,2.51,18:00
2017,5,2017-05-01,Facebook,TechBrasil,Games,Carrossel,765074,26682,4251,8720,1114394,1908393,1.94,12:00
2017,5,2017-05-01,LinkedIn,EducaOnline,Educação,Live,254846,11226,2063,6630,1199293,588704,1.5,21:00
2017,5,2017-05-01,Facebook,EducaOnline,Educação,Imagem,877695,23030,178,7851,1461422,1700481,11.99,21:00
2017,5,2017-05-01,YouTube,ModaHoje,Educação,Carrossel,895851,50160,4832,4430,1369104,937432,10.66,18:00
2017,5,2017-05-01,TikTok,GamesBR,Games,Vídeo,273406,38717,3721,8906,1258181,1487968,1.24,08:00
2017,5,2017-05-01,LinkedIn,TechBrasil,Games,Live,223932,77240,3827,6604,993418,1526675,2.44,18:00
2017,5,2017-05-01,Facebook,ModaHoje,Entretenimento,Live,284668,40680,3246,4849,1664849,170045,8.05,12:00
2017,5,2017-05-01,YouTube,TechBrasil,Entretenimento,Imagem,439819,49931,180,5757,197784,1426052,1.64,12:00
2017,5,2017-05-01,TikTok,GamesBR,Educação,Stories,572155,16463,3495,8969,1928256,685913,2.77,21:00
2017,5,2017-05-01,YouTube,EducaOnline,Educação,Vídeo,164595,28859,1413,310,1043981,1622821,6.28,18:00
2017,5,2017-05-01,LinkedIn,TechBrasil,Entretenimento,Stories,99048,45775,4826,9529,464635,1173657,3.41,21:00
2017,6,2017-06-01,X,ModaHoje,Tecnologia,Stories,215643,59116,2023,9554,982709,2319794,10.11,18:00
2017,6,2017-06-01,Instagram,EducaOnline,Tecnologia,Live,122635,62824,4549,1346,1266695,1945776,10.46,08:00
2017,6,2017-06-01,TikTok,ModaHoje,Tecnologia,Live,196388,10119,3596,3209,213097,1300275,5.77,18:00
2017,6,2017-06-01,TikTok,TechBrasil,Educação,Carrossel,974904,55974,4747,4153,9238,970345,10.0,08:00
2017,6,2017-06-01,LinkedIn,GamesBR,Educação,Vídeo,552067,40690,3805,226,172814,2330896,10.56,21:00
2017,6,2017-06-01,Instagram,GamesBR,Educação,Live,638594,78881,2232,8756,822536,2010920,6.84,18:00
2017,6,2017-06-01,TikTok,EducaOnline,Entretenimento,Imagem,15389,47412,1109,8695,1437715,410171,9.5,08:00
2017,6,2017-06-01,Facebook,TechBrasil,Games,Imagem,641345,1339,1452,9329,4140,1016432,5.04,21:00
2017,6,2017-06-01,Instagram,ModaHoje,Educação,Live,596220,26495,667,7704,1594510,1013394,2.3,12:00
2017,6,2017-06-01,TikTok,ModaHoje,Games,Imagem,484365,34899,2048,3953,880497,350351,5.59,12:00
2017,6,2017-06-01,Instagram,ModaHoje,Entretenimento,Carrossel,7908,38062,509,959,914314,531653,7.77,18:00
2017,6,2017-06-01,X,GamesBR,Entretenimento,Live,773151,14205,54,7633,1038067,1541129,11.86,18:00
2017,6,2017-06-01,LinkedIn,ModaHoje,Entretenimento,Stories,266166,41421,3291,6303,1335973,1245469,11.4,12:00
2017,6,2017-06-01,LinkedIn,ModaHoje,Educação,Imagem,300915,23216,2167,303,264033,469126,9.05,21:00
2017,6,2017-06-01,Instagram,ModaHoje,Games,Live,751346,16316,874,7120,242132,1614164,5.45,18:00
2017,6,2017-06-01,LinkedIn,GamesBR,Entretenimento,Imagem,14053,71240,1551,6152,1470278,1632425,5.95,12:00
2017,6,2017-06-01,TikTok,GamesBR,Games,Carrossel,919834,57094,2643,5678,1843466,1332509,4.44,12:00
2017,6,2017-06-01,Facebook,TechBrasil,Entretenimento,Vídeo,961135,58012,694,1565,1946942,2148684,5.81,12:00
2017,6,2017-06-01,Instagram,ModaHoje,Games,Vídeo,489656,12652,2334,9747,806972,2064661,4.88,18:00
2017,6,2017-06-01,TikTok,TechBrasil,Entretenimento,Stories,835911,37764,2924,3134,656436,602052,11.76,08:00
2017,6,2017-06-01,X,ModaHoje,Entretenimento,Vídeo,739249,14372,970,4081,1223781,16478,5.57,21:00
2017,6,2017-06-01,LinkedIn,EducaOnline,Tecnologia,Vídeo,155498,20565,4411,945,689379,950499,2.54,18:00
2017,6,2017-06-01,Facebook,EducaOnline,Games,Stories,803623,30840,2386,1919,795510,1516372,9.71,12:00
2017,6,2017-06-01,TikTok,ModaHoje,Games,Vídeo,207177,12166,3688,9084,641623,1439185,1.61,08:00
2017,6,2017-06-01,YouTube,TechBrasil,Educação,Stories,683067,39304,967,4903,1731498,383620,9.17,08:00
2017,6,2017-06-01,TikTok,ModaHoje,Educação,Vídeo,95944,67593,3007,291,1219531,2145183,6.1,08:00
2017,6,2017-06-01,Facebook,ModaHoje,Games,Vídeo,297926,78761,3218,1139,202254,285793,8.6,18:00
2017,6,2017-06-01,LinkedIn,ModaHoje,Entretenimento,Vídeo,975506,2324,1623,2864,672940,1238730,11.99,21:00
2017,6,2017-06-01,YouTube,GamesBR,Educação,Stories,89573,59228,3559,7304,1339632,557595,0.86,21:00
2017,6,2017-06-01,Instagram,EducaOnline,Educação,Live,726356,3785,3361,4544,1491353,1553701,7.87,21:00
2017,6,2017-06-01,YouTube,TechBrasil,Tecnologia,Imagem,544998,52855,3057,4661,833975,2185392,1.5,18:00
2017,6,2017-06-01,YouTube,EducaOnline,Tecnologia,Carrossel,701795,61013,1206,8115,1602151,1370873,3.6,12:00
2017,6,2017-06-01,Instagram,TechBrasil,Games,Live,150224,47767,1025,1476,555455,1441548,9.06,21:00
2017,6,2017-06-01,Facebook,ModaHoje,Tecnologia,Live,804047,62804,2154,6636,1553261,1543356,6.71,18:00
2017,6,2017-06-01,X,EducaOnline,Educação,Live,612101,3447,624,9796,1942013,2492013,7.8,18:00
2017,6,2017-06-01,X,TechBrasil,Educação,Carrossel,460087,28841,1272,4868,1981408,1438296,10.8,21:00
2017,6,2017-06-01,X,GamesBR,Tecnologia,Vídeo,250332,42136,520,1735,471874,2407182,6.69,12:00
2017,7,2017-07-01,YouTube,EducaOnline,Games,Vídeo,220873,73055,2064,4359,656439,403692,11.77,12:00
2017,7,2017-07-01,Instagram,TechBrasil,Games,Carrossel,342171,8482,4875,9749,1606566,717418,7.08,12:00
2017,7,2017-07-01,LinkedIn,ModaHoje,Games,Live,103388,79306,828,8649,519475,961346,8.56,12:00
2017,7,2017-07-01,Instagram,ModaHoje,Entretenimento,Imagem,994467,71084,4252,2353,128511,887971,2.35,18:00
2017,7,2017-07-01,Instagram,TechBrasil,Tecnologia,Vídeo,897231,57766,555,743,1918275,1390923,11.49,12:00
2017,7,2017-07-01,Instagram,TechBrasil,Educação,Live,286298,8219,3198,2153,754007,2263715,6.04,12:00
2017,7,2017-07-01,LinkedIn,TechBrasil,Educação,Carrossel,286952,13898,2317,3882,1090231,2026753,8.54,08:00
2017,7,2017-07-01,Instagram,GamesBR,Tecnologia,Imagem,491756,40990,876,6168,1262941,2188701,10.63,08:00
2017,7,2017-07-01,Facebook,ModaHoje,Games,Vídeo,261336,61032,400,2638,831780,287275,10.74,08:00
2017,7,2017-07-01,LinkedIn,ModaHoje,Entretenimento,Stories,219917,37609,2406,2087,237551,409188,10.29,18:00
2017,7,2017-07-01,YouTube,ModaHoje,Games,Live,842794,55128,4767,3910,1240891,288674,11.1,08:00
2017,7,2017-07-01,LinkedIn,EducaOnline,Games,Carrossel,559210,76745,2712,6207,1646635,514133,6.22,08:00
2017,7,2017-07-01,Instagram,GamesBR,Educação,Vídeo,790402,50289,1267,714,331619,1814669,7.24,08:00
2017,7,2017-07-01,X,TechBrasil,Tecnologia,Vídeo,147872,78491,2163,8027,685827,1814456,7.17,12:00
2017,7,2017-07-01,Facebook,EducaOnline,Tecnologia,Vídeo,437550,65299,897,979,1161266,1431986,10.08,08:00
2017,7,2017-07-01,X,GamesBR,Educação,Vídeo,191108,1028,4489,3284,134842,1654121,8.36,21:00
2017,7,2017-07-01,X,EducaOnline,Games,Carrossel,644067,71174,1058,3751,717620,1678320,7.26,21:00
2017,7,2017-07-01,Instagram,EducaOnline,Entretenimento,Stories,653320,46643,2971,6278,393326,836841,7.19,12:00
2017,7,2017-07-01,YouTube,GamesBR,Entretenimento,Live,955724,52807,297,3198,678145,1603603,1.99,21:00
2017,7,2017-07-01,X,ModaHoje,Games,Live,900446,1237,1420,7789,233844,2044718,3.15,08:00
2017,7,2017-07-01,TikTok,EducaOnline,Tecnologia,Live,646087,9627,911,1804,1702734,198800,6.51,18:00
2017,7,2017-07-01,TikTok,GamesBR,Tecnologia,Live,2895,7460,2392,888,1217123,1486192,1.19,08:00
2017,7,2017-07-01,Facebook,GamesBR,Entretenimento,Live,472741,17083,762,53,1072769,415182,1.44,12:00
2017,7,2017-07-01,Facebook,EducaOnline,Games,Live,820438,42850,1245,5745,1858869,2188399,11.54,18:00
2017,7,2017-07-01,LinkedIn,TechBrasil,Tecnologia,Carrossel,562720,35684,2830,76,422796,676940,10.73,18:00
2017,7,2017-07-01,TikTok,ModaHoje,Educação,Imagem,151562,9637,3577,801,1158478,2124930,4.17,08:00
2017,7,2017-07-01,X,ModaHoje,Entretenimento,Imagem,747344,10775,4185,6072,570402,219105,8.87,12:00
2017,7,2017-07-01,YouTube,TechBrasil,Educação,Imagem,160712,8653,4284,8010,1901563,2185207,9.79,12:00
2017,7,2017-07-01,LinkedIn,ModaHoje,Educação,Stories,912884,69810,480,9951,755369,836589,6.9,18:00
2017,7,2017-07-01,YouTube,GamesBR,Educação,Live,836053,68580,3045,7627,503317,1935782,0.93,12:00
2017,7,2017-07-01,LinkedIn,ModaHoje,Tecnologia,Live,844015,22346,4600,4393,1162501,704961,3.48,21:00
2017,7,2017-07-01,LinkedIn,ModaHoje,Games,Carrossel,723674,49580,159,5657,1899314,1898633,7.12,18:00
2017,7,2017-07-01,YouTube,ModaHoje,Tecnologia,Vídeo,194511,9058,2837,3941,1013443,528391,9.26,21:00
2017,7,2017-07-01,TikTok,TechBrasil,Entretenimento,Carrossel,658654,42812,2484,3557,1148778,1275334,1.19,21:00
2017,7,2017-07-01,Instagram,TechBrasil,Tecnologia,Stories,737024,60138,2518,8944,456255,1217627,8.67,12:00
2017,7,2017-07-01,TikTok,GamesBR,Tecnologia,Carrossel,884965,45977,3031,5460,1311814,1546638,4.83,08:00
2017,7,2017-07-01,Instagram,ModaHoje,Tecnologia,Carrossel,851343,72384,1731,8732,1103221,2152864,8.8,08:00
2017,8,2017-08-01,YouTube,EducaOnline,Entretenimento,Imagem,863906,46309,1700,752,937312,1167554,9.47,18:00
2017,8,2017-08-01,YouTube,EducaOnline,Games,Vídeo,592692,25221,4464,9515,1735047,72000,1.93,08:00
2017,8,2017-08-01,Instagram,GamesBR,Entretenimento,Stories,879570,13316,2742,7751,570297,1055478,7.35,12:00
2017,8,2017-08-01,LinkedIn,ModaHoje,Games,Stories,723409,14522,1880,3212,805375,1750969,5.99,21:00
2017,8,2017-08-01,X,EducaOnline,Tecnologia,Imagem,178958,47751,495,1389,1468895,1904037,10.85,08:00
2017,8,2017-08-01,X,GamesBR,Educação,Carrossel,430325,74121,1360,520,814109,538263,9.39,21:00
2017,8,2017-08-01,X,TechBrasil,Educação,Carrossel,605549,65273,1505,865,45764,14727,8.99,12:00
2017,8,2017-08-01,X,EducaOnline,Tecnologia,Imagem,52999,4069,1953,444,1161791,2370739,7.69,18:00
2017,8,2017-08-01,LinkedIn,EducaOnline,Entretenimento,Carrossel,393809,75951,3829,9680,857271,1651511,9.09,21:00
2017,8,2017-08-01,LinkedIn,TechBrasil,Tecnologia,Imagem,11885,2927,4242,7431,988944,1229693,1.65,21:00
2017,8,2017-08-01,X,TechBrasil,Games,Stories,155410,43735,1237,7553,173514,1467466,4.14,12:00
2017,8,2017-08-01,Instagram,TechBrasil,Entretenimento,Live,141824,4599,2658,196,1246881,1481941,2.72,08:00
2017,8,2017-08-01,LinkedIn,EducaOnline,Educação,Stories,818147,58657,552,6788,745501,1143189,4.55,08:00
2017,8,2017-08-01,LinkedIn,GamesBR,Educação,Live,426109,42853,4514,1805,1931568,545690,7.95,08:00
2017,8,2017-08-01,TikTok,GamesBR,Games,Carrossel,511971,78422,2620,587,648431,1626562,7.1,21:00
2017,8,2017-08-01,LinkedIn,EducaOnline,Entretenimento,Live,782719,56035,2632,8055,478732,1177493,6.62,08:00
2017,8,2017-08-01,TikTok,TechBrasil,Educação,Imagem,12807,53068,4954,4135,1958052,1372125,11.88,12:00
2017,8,2017-08-01,LinkedIn,TechBrasil,Entretenimento,Imagem,895546,78033,4116,1594,1599249,2084065,5.36,12:00
2017,8,2017-08-01,Instagram,GamesBR,Games,Vídeo,852946,68767,1861,6912,19919,444864,10.83,12:00
2017,8,2017-08-01,YouTube,EducaOnline,Entretenimento,Live,521919,78062,1551,6754,835662,359569,5.79,08:00
2017,8,2017-08-01,Instagram,TechBrasil,Educação,Carrossel,384525,18186,4653,9864,60688,1516070,5.21,12:00
2017,8,2017-08-01,LinkedIn,GamesBR,Tecnologia,Live,719017,37484,1111,8466,90776,1607646,5.73,08:00
2017,8,2017-08-01,X,TechBrasil,Entretenimento,Carrossel,242182,43938,1160,6441,1185652,377024,8.35,18:00
2017,8,2017-08-01,YouTube,EducaOnline,Games,Carrossel,302614,26608,2879,5158,1897947,299436,11.33,08:00
2017,8,2017-08-01,Instagram,ModaHoje,Tecnologia,Stories,352510,62285,4572,7578,1195061,60291,5.97,21:00
2017,8,2017-08-01,Facebook,TechBrasil,Entretenimento,Stories,756829,19562,3898,1481,1252349,45612,9.87,12:00
2017,8,2017-08-01,TikTok,GamesBR,Games,Stories,79680,48818,3973,5156,1345499,672835,10.03,18:00
2017,8,2017-08-01,YouTube,ModaHoje,Educação,Vídeo,130941,24061,577,6880,733897,2402748,8.91,12:00
2017,8,2017-08-01,Instagram,GamesBR,Educação,Stories,167262,19768,3484,8086,97224,1344232,5.78,08:00
2017,8,2017-08-01,TikTok,TechBrasil,Tecnologia,Live,417952,76156,62,4003,594595,1129342,5.06,08:00
2017,8,2017-08-01,YouTube,TechBrasil,Games,Stories,262014,75104,2756,15,534694,811951,4.19,21:00
2017,8,2017-08-01,YouTube,EducaOnline,Entretenimento,Stories,933893,76958,211,9821,1011156,592281,5.75,18:00
2017,8,2017-08-01,Instagram,TechBrasil,Educação,Stories,305835,8036,4309,3599,991409,393016,2.93,18:00
2017,8,2017-08-01,TikTok,GamesBR,Educação,Vídeo,769898,10868,4974,7974,836402,229579,9.71,18:00
2017,8,2017-08-01,X,TechBrasil,Tecnologia,Live,405964,31550,4359,6404,1085436,1086224,9.97,21:00
2017,8,2017-08-01,TikTok,GamesBR,Games,Imagem,460797,73320,2147,530,1043444,1543103,1.27,21:00
2017,8,2017-08-01,Instagram,TechBrasil,Games,Live,397849,74454,4907,8822,536251,53911,11.16,21:00
2017,9,2017-09-01,Instagram,ModaHoje,Games,Imagem,949284,70458,2542,7131,767886,2328726,11.12,12:00
2017,9,2017-09-01,TikTok,ModaHoje,Entretenimento,Vídeo,183910,29292,322,6591,417774,2313293,8.55,18:00
2017,9,2017-09-01,Instagram,GamesBR,Games,Imagem,429298,35972,3621,9453,62595,2341778,9.33,12:00
2017,9,2017-09-01,TikTok,ModaHoje,Educação,Vídeo,586112,32403,2272,427,574320,879024,8.77,21:00
2017,9,2017-09-01,YouTube,TechBrasil,Entretenimento,Stories,765793,5916,1816,5570,794909,2354215,1.02,21:00
2017,9,2017-09-01,Facebook,EducaOnline,Entretenimento,Live,92197,19444,105,3537,1538582,1156827,8.9,21:00
2017,9,2017-09-01,LinkedIn,TechBrasil,Entretenimento,Carrossel,694843,43924,3841,7838,165621,1898459,6.84,18:00
2017,9,2017-09-01,YouTube,ModaHoje,Games,Live,186347,50233,2401,9882,1941144,1670160,3.15,21:00
2017,9,2017-09-01,Instagram,EducaOnline,Educação,Live,921193,10398,3587,8723,169222,2173719,9.13,18:00
2017,9,2017-09-01,X,TechBrasil,Tecnologia,Imagem,439498,61469,510,3664,611483,1062938,0.69,08:00
2017,9,2017-09-01,YouTube,GamesBR,Games,Carrossel,592437,61655,4568,3310,1273959,1370280,3.17,18:00
2017,9,2017-09-01,TikTok,GamesBR,Educação,Imagem,488940,44925,4018,9371,1732782,1842906,4.44,12:00
2017,9,2017-09-01,Facebook,ModaHoje,Games,Carrossel,472286,38878,4679,3490,1776541,2360995,8.36,08:00
2017,9,2017-09-01,LinkedIn,EducaOnline,Tecnologia,Live,662557,8933,4811,2663,365763,9091,9.75,12:00
2017,9,2017-09-01,LinkedIn,GamesBR,Games,Carrossel,100139,32337,3415,2391,1575866,669351,7.11,21:00
2017,9,2017-09-01,X,GamesBR,Games,Stories,707010,46454,3932,6620,895901,890602,4.54,12:00
2017,9,2017-09-01,Facebook,EducaOnline,Entretenimento,Imagem,85713,36526,2578,3543,1101824,1883155,8.02,08:00
2017,9,2017-09-01,X,TechBrasil,Tecnologia,Carrossel,194487,51777,2668,7509,758026,1892562,10.21,21:00
2017,9,2017-09-01,YouTube,EducaOnline,Games,Live,139448,40372,4445,9457,1291314,1822554,8.67,18:00
2017,9,2017-09-01,TikTok,ModaHoje,Entretenimento,Stories,384611,34478,789,1702,1595875,59979,7.98,21:00
2017,9,2017-09-01,Facebook,TechBrasil,Tecnologia,Stories,570088,64703,1391,4420,1821869,1820236,4.0,08:00
2017,9,2017-09-01,X,TechBrasil,Entretenimento,Imagem,665452,11693,1085,9768,320537,1393511,10.62,12:00
2017,9,2017-09-01,YouTube,EducaOnline,Tecnologia,Stories,533450,41639,3552,8289,1813566,1371355,10.13,12:00
2017,9,2017-09-01,YouTube,ModaHoje,Entretenimento,Live,96884,48339,3169,9381,1626470,1723490,3.67,21:00
2017,9,2017-09-01,X,EducaOnline,Entretenimento,Imagem,203738,44131,55,5262,518379,621470,1.97,08:00
2017,9,2017-09-01,X,ModaHoje,Tecnologia,Vídeo,586233,37311,1903,7912,329177,1955243,2.34,12:00
2017,9,2017-09-01,YouTube,GamesBR,Entretenimento,Carrossel,238302,76175,1084,4024,1600370,1756440,1.37,12:00
2017,9,2017-09-01,LinkedIn,EducaOnline,Games,Imagem,529585,42520,4349,8425,191587,840082,4.77,18:00
2017,9,2017-09-01,YouTube,EducaOnline,Games,Stories,135123,8034,1737,9720,1336143,1806513,6.79,18:00
2017,9,2017-09-01,Instagram,ModaHoje,Entretenimento,Carrossel,122288,46906,1521,6442,986291,1142027,11.12,18:00
2017,9,2017-09-01,TikTok,TechBrasil,Games,Vídeo,116875,54274,2828,9755,154257,1005477,3.45,21:00
2017,9,2017-09-01,TikTok,EducaOnline,Tecnologia,Vídeo,957959,50412,1288,719,597558,1208978,5.29,21:00
2017,9,2017-09-01,YouTube,EducaOnline,Educação,Carrossel,756341,42586,3700,4422,1428571,538189,2.71,18:00
2017,9,2017-09-01,Instagram,ModaHoje,Educação,Stories,814374,6517,3822,8624,820359,1476764,9.82,18:00
2017,9,2017-09-01,Instagram,GamesBR,Entretenimento,Stories,224386,73407,1124,742,1148987,1129381,8.79,08:00
2017,9,2017-09-01,TikTok,EducaOnline,Entretenimento,Stories,807137,50779,534,431,114273,641332,10.27,12:00
2017,9,2017-09-01,LinkedIn,TechBrasil,Educação,Live,505602,49527,3938,1339,853958,1761664,4.06,08:00
2017,10,2017-10-01,Facebook,TechBrasil,Tecnologia,Vídeo,20020,30410,4016,2929,780152,1591498,7.66,12:00
2017,10,2017-10-01,Facebook,GamesBR,Educação,Live,740010,49277,1655,2006,1431787,877742,6.44,18:00
2017,10,2017-10-01,Instagram,TechBrasil,Entretenimento,Live,335093,20037,1701,4203,536015,1431537,5.56,12:00
2017,10,2017-10-01,TikTok,GamesBR,Entretenimento,Live,625666,4010,1535,3081,1836943,1518081,8.88,08:00
2017,10,2017-10-01,LinkedIn,TechBrasil,Tecnologia,Vídeo,88742,16324,3442,7350,138741,2253987,7.35,21:00
2017,10,2017-10-01,Facebook,GamesBR,Educação,Stories,78429,5847,2181,6804,1074046,4920,1.0,12:00
2017,10,2017-10-01,Facebook,EducaOnline,Games,Carrossel,227707,66596,3667,1448,42630,482957,8.95,21:00
2017,10,2017-10-01,LinkedIn,GamesBR,Games,Stories,574976,75434,950,3533,1259800,2239989,6.61,08:00
2017,10,2017-10-01,X,ModaHoje,Entretenimento,Vídeo,63690,63396,2901,7345,103534,82378,1.78,08:00
2017,10,2017-10-01,Facebook,EducaOnline,Games,Imagem,154599,66746,969,7955,1415268,2428972,8.26,08:00
2017,10,2017-10-01,X,TechBrasil,Tecnologia,Imagem,34683,71406,2059,5322,1736641,1274304,3.3,21:00
2017,10,2017-10-01,Facebook,TechBrasil,Tecnologia,Stories,594799,26315,1491,9183,1713608,539862,1.62,18:00
2017,10,2017-10-01,X,EducaOnline,Tecnologia,Vídeo,468125,20818,1324,7641,543195,547187,8.04,21:00
2017,10,2017-10-01,YouTube,TechBrasil,Games,Imagem,290380,74769,611,2774,238182,201982,2.12,08:00
2017,10,2017-10-01,LinkedIn,ModaHoje,Educação,Vídeo,28331,22099,934,3087,775986,1408332,11.26,18:00
2017,10,2017-10-01,X,GamesBR,Games,Imagem,407710,37186,4897,1730,1115879,528485,9.18,21:00
2017,10,2017-10-01,TikTok,EducaOnline,Entretenimento,Live,967449,72213,4507,2916,1836299,111589,2.52,18:00
2017,10,2017-10-01,Instagram,EducaOnline,Tecnologia,Imagem,526863,11754,38,6002,1556700,125348,3.64,21:00
2017,10,2017-10-01,Instagram,ModaHoje,Educação,Imagem,744276,28509,4881,9209,1898988,2229688,4.72,18:00
2017,10,2017-10-01,TikTok,GamesBR,Entretenimento,Vídeo,480411,3926,4992,4886,1194736,106787,5.85,08:00
2017,10,2017-10-01,LinkedIn,GamesBR,Games,Live,715678,74973,3315,5119,222089,2234248,4.61,21:00
2017,10,2017-10-01,Facebook,EducaOnline,Educação,Live,743406,8698,2622,7826,141244,1472554,10.74,21:00
2017,10,2017-10-01,X,TechBrasil,Tecnologia,Live,366574,45421,4467,9364,1759221,18087,10.33,21:00
2017,10,2017-10-01,TikTok,EducaOnline,Games,Imagem,888458,68920,490,8948,1053018,1635069,10.64,08:00
2017,10,2017-10-01,LinkedIn,EducaOnline,Educação,Vídeo,242069,59897,1499,3335,353793,39160,8.69,12:00
2017,10,2017-10-01,LinkedIn,ModaHoje,Entretenimento,Carrossel,153803,2289,401,5529,348569,474722,8.01,08:00
2017,10,2017-10-01,X,TechBrasil,Entretenimento,Vídeo,478832,63270,4960,7948,1661639,522238,7.22,21:00
2017,10,2017-10-01,TikTok,EducaOnline,Games,Imagem,96864,11856,4487,4026,1109698,504344,8.39,18:00
2017,10,2017-10-01,X,EducaOnline,Games,Stories,947531,14275,88,9827,969158,2077350,10.93,21:00
2017,10,2017-10-01,X,EducaOnline,Entretenimento,Imagem,299244,60620,2739,1623,973039,833448,11.81,12:00
2017,10,2017-10-01,LinkedIn,ModaHoje,Games,Vídeo,437432,15241,3555,3060,277287,609402,5.3,21:00
2017,10,2017-10-01,LinkedIn,EducaOnline,Entretenimento,Stories,231318,55149,4109,3467,1540560,815461,10.21,21:00
2017,10,2017-10-01,LinkedIn,ModaHoje,Tecnologia,Vídeo,105313,17079,1370,9599,118093,159710,2.68,18:00
2017,10,2017-10-01,LinkedIn,ModaHoje,Tecnologia,Stories,216617,19085,4259,5460,348602,262611,7.19,12:00
2017,10,2017-10-01,TikTok,GamesBR,Games,Vídeo,600404,15199,1642,1088,275844,1689204,5.27,08:00
2017,10,2017-10-01,LinkedIn,EducaOnline,Games,Live,225249,2787,1684,4794,1747993,1529375,11.1,21:00
2017,10,2017-10-01,Instagram,TechBrasil,Educação,Imagem,759805,44053,4647,5727,614440,1094641,9.94,12:00
2017,11,2017-11-01,X,ModaHoje,Games,Stories,598024,67950,2080,6879,980441,1115429,11.04,12:00
2017,11,2017-11-01,LinkedIn,GamesBR,Educação,Stories,455189,25618,2674,4582,1120607,780804,3.18,18:00
2017,11,2017-11-01,X,ModaHoje,Games,Vídeo,799551,78348,1109,3769,1195325,122593,7.72,21:00
2017,11,2017-11-01,LinkedIn,ModaHoje,Entretenimento,Live,270954,78729,1804,8458,233467,2435027,2.93,12:00
2017,11,2017-11-01,Facebook,ModaHoje,Educação,Live,101238,21218,3412,5464,1054934,2338632,4.49,18:00
2017,11,2017-11-01,X,GamesBR,Games,Imagem,546115,52559,1312,9337,769853,1994655,10.83,12:00
2017,11,2017-11-01,LinkedIn,EducaOnline,Educação,Stories,681847,42278,1635,8251,351042,207082,9.78,08:00
2017,11,2017-11-01,TikTok,TechBrasil,Tecnologia,Stories,277607,39011,3772,245,957582,446527,9.46,18:00
2017,11,2017-11-01,Instagram,TechBrasil,Games,Carrossel,702455,64407,4187,5071,532853,1075457,4.65,18:00
2017,11,2017-11-01,YouTube,EducaOnline,Games,Stories,269753,55140,276,154,1890250,2462864,5.56,12:00
2017,11,2017-11-01,X,EducaOnline,Educação,Stories,208691,67613,2210,1569,658125,865352,4.99,08:00
2017,11,2017-11-01,Instagram,GamesBR,Games,Carrossel,795630,51545,1703,9578,603243,978283,6.7,08:00
2017,11,2017-11-01,Facebook,EducaOnline,Games,Carrossel,371871,42904,1735,2681,904936,2119507,5.21,21:00
2017,11,2017-11-01,TikTok,TechBrasil,Educação,Carrossel,519008,23191,33,5840,455753,1319531,2.72,12:00
2017,11,2017-11-01,YouTube,EducaOnline,Tecnologia,Carrossel,393664,58572,3549,2510,1183656,710629,4.32,21:00
2017,11,2017-11-01,Instagram,EducaOnline,Educação,Stories,349560,8058,2499,9910,236077,1631983,5.98,08:00
2017,11,2017-11-01,Facebook,ModaHoje,Tecnologia,Vídeo,145225,38761,194,5683,1833473,2492547,1.89,18:00
2017,11,2017-11-01,Facebook,ModaHoje,Educação,Live,243779,47167,4879,7255,677846,1250683,11.2,18:00
2017,11,2017-11-01,YouTube,ModaHoje,Entretenimento,Imagem,42321,41902,2126,6050,836985,1695001,8.04,08:00
2017,11,2017-11-01,Instagram,EducaOnline,Entretenimento,Live,283406,5170,311,8684,1003529,2224649,1.36,08:00
2017,11,2017-11-01,TikTok,EducaOnline,Tecnologia,Live,492269,62745,519,1093,1194090,1871146,9.13,08:00
2017,11,2017-11-01,LinkedIn,ModaHoje,Tecnologia,Imagem,288324,10800,1478,8761,480849,2483824,10.88,12:00
2017,11,2017-11-01,TikTok,GamesBR,Games,Imagem,717223,66228,3882,7213,1903645,597248,9.04,21:00
2017,11,2017-11-01,Facebook,ModaHoje,Tecnologia,Imagem,385063,8923,2919,2451,1755429,1902063,6.13,21:00
2017,11,2017-11-01,YouTube,GamesBR,Games,Carrossel,518224,72535,4783,2618,361763,2445819,9.44,18:00
2017,11,2017-11-01,X,TechBrasil,Entretenimento,Live,485858,7265,1118,40,1073397,2338045,9.73,21:00
2017,11,2017-11-01,Facebook,ModaHoje,Entretenimento,Carrossel,382663,29592,477,6505,1625566,1519995,1.34,12:00
2017,11,2017-11-01,X,GamesBR,Games,Imagem,219754,25486,3564,9485,1302259,1915505,6.48,12:00
2017,11,2017-11-01,X,GamesBR,Tecnologia,Live,381719,41454,771,1503,1127475,827673,3.45,08:00
2017,11,2017-11-01,LinkedIn,ModaHoje,Educação,Stories,685970,27747,1973,4754,581000,2335751,3.75,12:00
2017,11,2017-11-01,Facebook,EducaOnline,Educação,Vídeo,964397,33817,4163,611,1607353,2394615,2.72,12:00
2017,11,2017-11-01,LinkedIn,ModaHoje,Tecnologia,Imagem,240421,59663,3542,358,1280347,1800976,7.76,18:00
2017,11,2017-11-01,X,GamesBR,Entretenimento,Vídeo,188973,29306,1564,9525,1125838,1383948,3.31,08:00
2017,11,2017-11-01,YouTube,TechBrasil,Entretenimento,Live,553780,77615,895,7651,567676,340870,3.17,08:00
2017,11,2017-11-01,TikTok,EducaOnline,Entretenimento,Vídeo,675659,20762,1758,7987,658816,2424577,8.64,18:00
2017,11,2017-11-01,Instagram,GamesBR,Games,Vídeo,804120,60763,1975,8168,1289116,1486951,8.53,08:00
2017,11,2017-11-01,Facebook,TechBrasil,Games,Vídeo,817887,56333,1850,3535,540362,1490215,2.72,08:00
2017,12,2017-12-01,TikTok,TechBrasil,Entretenimento,Stories,294847,11877,817,7332,1064586,1765357,11.9,08:00
2017,12,2017-12-01,Instagram,GamesBR,Entretenimento,Live,625595,59228,357,8476,478820,1781495,11.74,21:00
2017,12,2017-12-01,YouTube,GamesBR,Tecnologia,Live,827958,18598,349,1753,113053,1126902,7.7,12:00
2017,12,2017-12-01,X,EducaOnline,Educação,Carrossel,101578,62771,4686,7945,349937,2316254,4.32,21:00
2017,12,2017-12-01,TikTok,ModaHoje,Entretenimento,Stories,42596,32165,4650,4935,964147,1228337,6.06,12:00
2017,12,2017-12-01,LinkedIn,TechBrasil,Educação,Vídeo,505499,50395,2427,5749,1301482,2271524,5.01,21:00
2017,12,2017-12-01,YouTube,GamesBR,Games,Live,296518,53312,3104,2854,1099435,552591,1.85,12:00
2017,12,2017-12-01,TikTok,GamesBR,Educação,Imagem,565204,37079,3739,7716,873119,1293171,4.57,08:00
2017,12,2017-12-01,TikTok,TechBrasil,Games,Imagem,851187,63972,174,1429,427957,218334,1.3,18:00
2017,12,2017-12-01,TikTok,TechBrasil,Games,Imagem,473209,35537,3837,1848,1754455,1441492,9.86,12:00
2017,12,2017-12-01,Facebook,TechBrasil,Tecnologia,Stories,331299,55077,4624,9836,359380,1564338,4.08,21:00
2017,12,2017-12-01,Instagram,GamesBR,Games,Stories,238829,29877,259,5708,970769,1319127,9.86,21:00
2017,12,2017-12-01,X,TechBrasil,Entretenimento,Vídeo,842357,3976,4261,9003,1604859,599818,5.7,21:00
2017,12,2017-12-01,Facebook,ModaHoje,Games,Live,645874,41782,4042,9604,716830,134253,9.49,08:00
2017,12,2017-12-01,YouTube,GamesBR,Games,Carrossel,730570,2708,632,1162,31711,1544119,3.76,08:00
2017,12,2017-12-01,Facebook,EducaOnline,Entretenimento,Imagem,198074,15700,530,8631,148329,1697287,9.94,08:00
2017,12,2017-12-01,X,GamesBR,Tecnologia,Live,322932,56808,1472,7057,492731,2284002,9.64,08:00
2017,12,2017-12-01,Instagram,TechBrasil,Tecnologia,Live,211371,6356,4222,7458,311723,1915690,11.23,21:00
2017,12,2017-12-01,YouTube,EducaOnline,Entretenimento,Live,335289,56864,4627,1484,448698,2469696,1.12,08:00
2017,12,2017-12-01,LinkedIn,EducaOnline,Entretenimento,Stories,529903,8687,229,3104,1897438,841947,4.6,18:00
2017,12,2017-12-01,TikTok,GamesBR,Tecnologia,Live,432891,75495,3734,3935,1209663,2314481,10.6,18:00
2017,12,2017-12-01,TikTok,TechBrasil,Games,Carrossel,68083,24243,2763,1091,1526925,1615836,8.1,08:00
2017,12,2017-12-01,X,GamesBR,Entretenimento,Imagem,919020,47843,3852,7845,1127792,2075768,5.39,08:00
2017,12,2017-12-01,LinkedIn,TechBrasil,Entretenimento,Imagem,507646,882,3917,1125,1364824,421239,6.2,18:00
2017,12,2017-12-01,TikTok,ModaHoje,Entretenimento,Carrossel,291607,74479,2437,9719,571552,1415024,8.74,12:00
2017,12,2017-12-01,Instagram,GamesBR,Entretenimento,Live,843335,33545,2453,2623,1655627,1618877,4.76,18:00
2017,12,2017-12-01,YouTube,EducaOnline,Games,Stories,190957,53139,1258,3515,361570,2085193,2.58,18:00
2017,12,2017-12-01,X,GamesBR,Educação,Imagem,859466,49590,3564,5074,1004032,2246296,1.24,12:00
2017,12,2017-12-01,TikTok,TechBrasil,Games,Imagem,3289,29295,2828,5223,1994830,1044615,0.54,08:00
2017,12,2017-12-01,X,EducaOnline,Educação,Live,789127,47542,4464,3533,1521572,2377540,8.92,18:00
2017,12,2017-12-01,Facebook,EducaOnline,Entretenimento,Carrossel,702199,69543,137,7137,332479,19417,10.98,08:00
2017,12,2017-12-01,Facebook,TechBrasil,Educação,Live,696454,33447,555,9603,1875548,1563479,2.46,18:00
2017,12,2017-12-01,LinkedIn,EducaOnline,Tecnologia,Stories,562855,347,732,2885,1629102,2218952,1.45,21:00
2017,12,2017-12-01,Instagram,EducaOnline,Tecnologia,Imagem,583994,26294,4580,3827,1834770,972154,1.14,12:00
2017,12,2017-12-01,Instagram,TechBrasil,Entretenimento,Imagem,157316,23700,10,8913,753469,2288051,11.55,08:00
2017,12,2017-12-01,LinkedIn,TechBrasil,Entretenimento,Imagem,888581,40731,4768,4839,266174,1324042,9.61,21:00
2017,12,2017-12-01,Instagram,TechBrasil,Entretenimento,Carrossel,639820,31519,3806,7132,1315914,2203385,3.02,18:00
2018,1,2018-01-01,Facebook,EducaOnline,Educação,Imagem,888797,21657,3170,9055,528431,667800,6.46,12:00
2018,1,2018-01-01,TikTok,GamesBR,Games,Imagem,872690,28097,3543,4226,1929418,1334599,9.68,12:00
2018,1,2018-01-01,YouTube,ModaHoje,Games,Live,325643,30960,3467,2347,1592191,1398653,9.74,08:00
2018,1,2018-01-01,YouTube,GamesBR,Games,Imagem,471740,72503,1795,2152,1212171,1495710,3.4,18:00
2018,1,2018-01-01,X,TechBrasil,Entretenimento,Stories,571449,37649,326,8677,861839,888341,7.07,21:00
2018,1,2018-01-01,LinkedIn,GamesBR,Tecnologia,Imagem,976109,12879,2357,6582,1729051,228940,8.26,08:00
2018,1,2018-01-01,TikTok,EducaOnline,Tecnologia,Imagem,991838,70704,4335,1420,1628366,1702542,3.79,21:00
2018,1,2018-01-01,Facebook,EducaOnline,Games,Vídeo,941707,605,143,2802,358468,2102617,4.76,18:00
2018,1,2018-01-01,X,ModaHoje,Educação,Stories,179709,16472,826,4354,1671771,909960,9.28,18:00
2018,1,2018-01-01,X,TechBrasil,Games,Live,419180,61505,243,8621,31486,2041773,6.43,08:00
2018,1,2018-01-01,Instagram,GamesBR,Games,Live,349470,28314,3710,2398,1195480,141529,6.21,21:00
2018,1,2018-01-01,X,ModaHoje,Games,Live,338162,50942,1291,3600,1946587,1921015,5.47,21:00
2018,1,2018-01-01,X,TechBrasil,Games,Imagem,972403,21029,4911,6091,1280617,74520,2.29,18:00
2018,1,2018-01-01,YouTube,EducaOnline,Games,Carrossel,718944,38919,1912,6053,400536,44057,1.54,18:00
2018,1,2018-01-01,YouTube,GamesBR,Entretenimento,Imagem,836449,14946,2080,2044,406721,2061941,9.76,21:00
2018,1,2018-01-01,LinkedIn,GamesBR,Entretenimento,Stories,656263,28606,3124,5090,1073781,1452622,0.92,08:00
2018,1,2018-01-01,TikTok,TechBrasil,Games,Imagem,621748,10577,2569,8499,1759666,2097063,7.89,18:00
2018,1,2018-01-01,YouTube,EducaOnline,Games,Carrossel,787548,45833,507,7652,354759,379121,2.37,21:00
2018,1,2018-01-01,YouTube,TechBrasil,Educação,Carrossel,512616,56686,670,9204,1837333,2390711,4.06,21:00
2018,1,2018-01-01,TikTok,ModaHoje,Educação,Imagem,94391,50325,4805,4017,1928713,231998,7.57,08:00
2018,1,2018-01-01,YouTube,EducaOnline,Entretenimento,Imagem,859619,8068,2800,1195,254101,108298,10.09,18:00
2018,1,2018-01-01,X,EducaOnline,Tecnologia,Stories,451822,49374,3153,5603,1496214,446955,6.72,18:00
2018,1,2018-01-01,YouTube,GamesBR,Games,Vídeo,164838,8254,3984,1570,469754,2391408,11.4,18:00
2018,1,2018-01-01,LinkedIn,EducaOnline,Games,Carrossel,1578,8044,493,5811,381135,796687,3.95,08:00
2018,1,2018-01-01,YouTube,GamesBR,Tecnologia,Stories,786272,35156,3667,5087,1240955,1447079,4.86,18:00
2018,1,2018-01-01,YouTube,GamesBR,Tecnologia,Imagem,964857,77041,4241,3431,728110,1652954,11.62,21:00
2018,1,2018-01-01,YouTube,GamesBR,Tecnologia,Imagem,296474,39125,4161,6041,129372,1929048,1.65,08:00
2018,1,2018-01-01,LinkedIn,ModaHoje,Educação,Imagem,332768,3815,1283,2465,305939,2220184,0.56,18:00
2018,1,2018-01-01,YouTube,EducaOnline,Tecnologia,Carrossel,989464,49090,1927,785,1616798,1150037,9.74,21:00
2018,1,2018-01-01,Instagram,EducaOnline,Educação,Vídeo,882685,24993,611,9493,856136,462997,4.87,18:00
2018,1,2018-01-01,Facebook,EducaOnline,Tecnologia,Carrossel,52551,44749,2623,1319,895162,1793659,9.85,12:00
2018,1,2018-01-01,X,ModaHoje,Tecnologia,Vídeo,337070,40262,335,455,538346,1188405,10.67,08:00
2018,1,2018-01-01,X,GamesBR,Educação,Imagem,848817,39307,671,6051,1216825,2320741,5.49,08:00
2018,1,2018-01-01,TikTok,EducaOnline,Entretenimento,Carrossel,188400,68428,2076,1023,1496297,1536143,1.07,12:00
2018,1,2018-01-01,YouTube,ModaHoje,Games,Imagem,714530,4922,1952,3748,1579277,1377313,10.94,21:00
2018,1,2018-01-01,LinkedIn,GamesBR,Educação,Carrossel,460215,12810,3733,5548,706266,1202424,0.77,08:00
2018,1,2018-01-01,X,ModaHoje,Entretenimento,Live,546045,30508,4769,8940,148659,1477089,4.26,12:00
2018,2,2018-02-01,LinkedIn,ModaHoje,Tecnologia,Stories,41516,78541,136,328,1041697,1190535,6.3,18:00
2018,2,2018-02-01,TikTok,EducaOnline,Tecnologia,Live,601799,54931,649,8446,326389,81438,2.73,21:00
2018,2,2018-02-01,LinkedIn,EducaOnline,Tecnologia,Imagem,557850,76488,3855,6699,286280,1801503,3.49,18:00
2018,2,2018-02-01,X,TechBrasil,Games,Carrossel,833930,69466,3904,8260,830507,520227,4.12,12:00
2018,2,2018-02-01,X,GamesBR,Tecnologia,Imagem,466031,34343,642,199,1503624,542891,7.65,12:00
2018,2,2018-02-01,Facebook,ModaHoje,Tecnologia,Stories,119132,62966,4323,7518,1341136,1999442,2.39,18:00
2018,2,2018-02-01,LinkedIn,EducaOnline,Educação,Carrossel,669191,19708,1633,4808,1976280,910898,11.07,08:00
2018,2,2018-02-01,LinkedIn,TechBrasil,Entretenimento,Vídeo,109729,65657,3126,5698,727263,1907136,9.29,21:00
2018,2,2018-02-01,TikTok,EducaOnline,Tecnologia,Vídeo,157392,40881,808,445,1714988,1943984,0.63,18:00
2018,2,2018-02-01,LinkedIn,EducaOnline,Entretenimento,Imagem,391403,46447,331,8635,1378119,981722,5.59,18:00
2018,2,2018-02-01,Facebook,EducaOnline,Entretenimento,Carrossel,290992,15322,2152,3528,1418869,419046,11.4,12:00
2018,2,2018-02-01,X,ModaHoje,Tecnologia,Stories,556522,60859,3388,4441,1729227,801815,7.75,18:00
2018,2,2018-02-01,LinkedIn,GamesBR,Tecnologia,Live,414163,43771,736,4870,530008,901426,6.56,08:00
2018,2,2018-02-01,TikTok,ModaHoje,Tecnologia,Live,25619,61878,3837,6396,917018,2053395,1.36,08:00
2018,2,2018-02-01,LinkedIn,GamesBR,Games,Live,764734,33029,4883,4158,273659,2270663,7.47,21:00
2018,2,2018-02-01,LinkedIn,GamesBR,Tecnologia,Carrossel,496370,75766,2439,7698,1627429,683735,8.87,18:00
2018,2,2018-02-01,Instagram,GamesBR,Tecnologia,Vídeo,375960,34195,3496,8257,1189720,309441,3.0,21:00
2018,2,2018-02-01,X,GamesBR,Entretenimento,Imagem,241439,61842,1086,4849,1774858,1006100,10.88,21:00
2018,2,2018-02-01,YouTube,TechBrasil,Educação,Carrossel,93994,2186,2440,6731,1305258,565717,6.18,12:00
2018,2,2018-02-01,YouTube,EducaOnline,Games,Imagem,728358,25904,842,8547,217411,1365186,6.35,21:00
2018,2,2018-02-01,Instagram,TechBrasil,Games,Live,147090,12307,2885,2282,894397,721957,3.43,12:00
2018,2,2018-02-01,LinkedIn,EducaOnline,Tecnologia,Imagem,624181,59035,1942,136,1046775,916925,6.61,08:00
2018,2,2018-02-01,YouTube,EducaOnline,Tecnologia,Vídeo,824686,39809,3517,8967,217260,14792,9.39,21:00
2018,2,2018-02-01,LinkedIn,ModaHoje,Games,Imagem,942805,35178,1414,2382,836451,1482316,5.31,21:00
2018,2,2018-02-01,Facebook,EducaOnline,Entretenimento,Vídeo,977801,32157,325,6887,423721,2214221,1.08,18:00
2018,2,2018-02-01,Instagram,EducaOnline,Games,Vídeo,244044,33022,4148,1820,38613,259889,10.8,08:00
2018,2,2018-02-01,X,GamesBR,Entretenimento,Live,890464,25979,4703,632,1400539,612724,10.9,21:00
2018,2,2018-02-01,TikTok,GamesBR,Entretenimento,Vídeo,296376,58522,1857,352,1934036,1921872,8.15,08:00
2018,2,2018-02-01,X,ModaHoje,Games,Stories,576473,47959,3913,4760,98667,2311643,3.21,18:00
2018,2,2018-02-01,LinkedIn,GamesBR,Educação,Carrossel,748121,75267,998,3626,1926174,1056150,10.42,21:00
2018,2,2018-02-01,Facebook,EducaOnline,Tecnologia,Vídeo,806273,37833,4874,118,1749433,1253922,6.44,21:00
2018,2,2018-02-01,LinkedIn,TechBrasil,Entretenimento,Imagem,99739,79039,4584,4143,1160186,1774180,8.65,18:00
2018,2,2018-02-01,Instagram,GamesBR,Educação,Stories,680436,68563,1437,493,25953,1383237,1.43,08:00
2018,2,2018-02-01,Facebook,EducaOnline,Entretenimento,Stories,948328,62305,1443,3228,1254890,1517795,10.3,21:00
2018,2,2018-02-01,TikTok,GamesBR,Entretenimento,Vídeo,184425,25547,1525,8113,1634182,1850359,4.52,21:00
2018,2,2018-02-01,LinkedIn,GamesBR,Tecnologia,Carrossel,877985,39554,2006,9558,1818599,601526,3.96,12:00
2018,2,2018-02-01,TikTok,GamesBR,Tecnologia,Live,937505,63637,2945,5775,1717414,749654,4.82,08:00
2018,3,2018-03-01,LinkedIn,ModaHoje,Educação,Stories,174251,63665,2697,7929,1458451,1007541,3.26,18:00
2018,3,2018-03-01,Facebook,ModaHoje,Entretenimento,Stories,314211,36129,4934,9257,170203,1349955,9.64,18:00
2018,3,2018-03-01,TikTok,ModaHoje,Tecnologia,Imagem,522598,78334,1371,1604,609870,1043089,1.06,12:00
2018,3,2018-03-01,LinkedIn,ModaHoje,Entretenimento,Imagem,959132,50011,4140,3802,1791054,401143,0.54,18:00
2018,3,2018-03-01,Facebook,ModaHoje,Games,Vídeo,414348,50640,4542,7705,924441,1659998,10.53,08:00
2018,3,2018-03-01,Facebook,TechBrasil,Entretenimento,Carrossel,838904,30232,499,7256,543505,577424,3.66,08:00
2018,3,2018-03-01,X,ModaHoje,Tecnologia,Imagem,637282,39941,1818,23,1463648,1399774,3.0,18:00
2018,3,2018-03-01,Facebook,TechBrasil,Educação,Carrossel,778286,22013,2961,2892,1155759,2493643,2.56,08:00
2018,3,2018-03-01,Instagram,EducaOnline,Games,Imagem,386351,36970,1826,9984,1565666,1082173,4.9,18:00
2018,3,2018-03-01,LinkedIn,TechBrasil,Tecnologia,Stories,708743,74177,2152,2218,504504,595535,6.42,08:00
2018,3,2018-03-01,X,EducaOnline,Games,Stories,376454,67888,3208,228,1267233,362258,1.67,08:00
2018,3,2018-03-01,X,TechBrasil,Tecnologia,Carrossel,464969,65583,2851,7562,29653,586815,6.22,21:00
2018,3,2018-03-01,Facebook,EducaOnline,Games,Live,585780,47211,2661,8255,981744,654570,11.3,18:00
2018,3,2018-03-01,Facebook,TechBrasil,Educação,Vídeo,988305,22216,1220,661,1435134,608285,2.72,21:00
2018,3,2018-03-01,LinkedIn,EducaOnline,Games,Vídeo,443483,47132,920,2130,132897,170901,0.63,18:00
2018,3,2018-03-01,TikTok,TechBrasil,Tecnologia,Stories,24300,10365,3286,185,609792,2080867,6.94,12:00
2018,3,2018-03-01,X,TechBrasil,Entretenimento,Imagem,105190,48555,4052,378,757022,1044399,2.03,18:00
2018,3,2018-03-01,Facebook,TechBrasil,Educação,Stories,5849,18166,2080,6617,279044,700678,7.16,08:00
2018,3,2018-03-01,X,TechBrasil,Entretenimento,Stories,931173,7141,3857,7846,706650,540677,10.35,12:00
2018,3,2018-03-01,LinkedIn,TechBrasil,Entretenimento,Carrossel,885988,1845,316,9567,295909,1504631,1.49,12:00
2018,3,2018-03-01,TikTok,EducaOnline,Educação,Imagem,727185,40491,401,1455,1773197,2095587,1.38,18:00
2018,3,2018-03-01,Facebook,ModaHoje,Educação,Imagem,85290,47351,2310,4442,478849,1658711,8.97,18:00
2018,3,2018-03-01,YouTube,TechBrasil,Games,Stories,185771,64619,4240,6896,1154847,158871,3.54,12:00
2018,3,2018-03-01,LinkedIn,EducaOnline,Educação,Vídeo,229944,52536,1051,787,1972911,1008909,4.94,18:00
2018,3,2018-03-01,YouTube,TechBrasil,Entretenimento,Live,127485,34726,2060,756,1519249,348890,5.62,18:00
2018,3,2018-03-01,TikTok,GamesBR,Entretenimento,Live,878789,50317,3860,5230,1367842,2354907,7.97,12:00
2018,3,2018-03-01,X,EducaOnline,Tecnologia,Vídeo,755245,37508,926,1003,1505346,2360345,10.52,21:00
2018,3,2018-03-01,Facebook,GamesBR,Games,Stories,365565,42508,3833,1334,1788344,784322,3.85,12:00
2018,3,2018-03-01,YouTube,GamesBR,Games,Live,487967,46261,4695,7856,1097166,256647,7.42,21:00
2018,3,2018-03-01,LinkedIn,ModaHoje,Tecnologia,Carrossel,365090,12340,2832,536,1903871,2255835,9.4,21:00
2018,3,2018-03-01,X,TechBrasil,Tecnologia,Imagem,459263,44344,738,7990,1939057,1438549,3.82,12:00
2018,3,2018-03-01,LinkedIn,GamesBR,Games,Vídeo,11560,54389,2584,6438,1799060,2376852,10.72,12:00
2018,3,2018-03-01,LinkedIn,GamesBR,Educação,Carrossel,47385,72110,2773,3457,982027,1815944,10.53,12:00
2018,3,2018-03-01,YouTube,TechBrasil,Tecnologia,Vídeo,628542,45193,3244,2363,60093,299216,4.45,18:00
2018,3,2018-03-01,YouTube,ModaHoje,Tecnologia,Carrossel,86698,23549,2372,2852,1627802,435889,7.32,18:00
2018,3,2018-03-01,YouTube,TechBrasil,Games,Imagem,320669,50927,4674,1672,1463571,60670,2.93,12:00
2018,3,2018-03-01,TikTok,GamesBR,Educação,Carrossel,617647,55720,4191,16,684714,1722065,10.2,08:00
2018,4,2018-04-01,LinkedIn,TechBrasil,Tecnologia,Imagem,678909,57418,88,765,1505491,125935,7.34,12:00
2018,4,2018-04-01,LinkedIn,ModaHoje,Tecnologia,Carrossel,959240,26146,3427,9009,685953,455438,3.01,21:00
2018,4,2018-04-01,LinkedIn,ModaHoje,Games,Stories,493155,63355,164,2158,162457,1045012,9.06,08:00
2018,4,2018-04-01,X,ModaHoje,Educação,Live,536659,35607,944,8019,747866,53431,1.51,08:00
2018,4,2018-04-01,TikTok,EducaOnline,Tecnologia,Imagem,442759,37994,4481,3167,879936,336883,4.45,18:00
2018,4,2018-04-01,X,ModaHoje,Entretenimento,Stories,299130,14350,3932,9017,917634,115684,11.84,18:00
2018,4,2018-04-01,LinkedIn,GamesBR,Entretenimento,Vídeo,485528,12509,1872,4396,1826402,1293850,2.56,08:00
2018,4,2018-04-01,X,GamesBR,Tecnologia,Stories,612203,21346,4786,1405,865182,1124769,5.07,18:00
2018,4,2018-04-01,YouTube,ModaHoje,Games,Live,30703,51480,19,886,1207208,2079572,11.36,12:00
2018,4,2018-04-01,X,EducaOnline,Tecnologia,Stories,58903,48255,3985,8027,1294783,1602422,0.93,21:00
2018,4,2018-04-01,X,GamesBR,Educação,Carrossel,404628,58679,2161,7958,481054,264274,11.55,18:00
2018,4,2018-04-01,YouTube,GamesBR,Games,Live,213664,69533,151,2290,884321,2485224,5.36,08:00
2018,4,2018-04-01,X,TechBrasil,Games,Stories,937653,18693,1826,9862,1889200,1611975,3.37,12:00
2018,4,2018-04-01,TikTok,TechBrasil,Entretenimento,Imagem,780729,73831,1339,2023,633338,2061735,10.15,21:00
2018,4,2018-04-01,X,GamesBR,Games,Vídeo,352543,52525,2136,1481,444129,576035,7.57,21:00
2018,4,2018-04-01,Facebook,GamesBR,Entretenimento,Stories,580198,25282,573,5481,785750,81153,8.64,18:00
2018,4,2018-04-01,Facebook,TechBrasil,Educação,Stories,766205,7730,539,561,1565671,1641352,9.57,12:00
2018,4,2018-04-01,TikTok,ModaHoje,Games,Stories,141154,12649,3922,7726,1281704,944352,4.14,18:00
2018,4,2018-04-01,Instagram,EducaOnline,Entretenimento,Carrossel,585136,12745,4075,7230,1967037,1738962,9.35,08:00
2018,4,2018-04-01,Instagram,GamesBR,Entretenimento,Carrossel,931427,75821,892,8761,1725052,2133317,3.91,08:00
2018,4,2018-04-01,YouTube,EducaOnline,Games,Vídeo,875861,67439,1949,870,43879,539876,9.89,21:00
2018,4,2018-04-01,Instagram,TechBrasil,Games,Carrossel,384302,74406,4249,1535,1653353,1333539,7.92,08:00
2018,4,2018-04-01,LinkedIn,EducaOnline,Tecnologia,Stories,618566,61012,3757,7769,430175,554337,11.76,08:00
2018,4,2018-04-01,YouTube,EducaOnline,Entretenimento,Stories,719674,78673,4273,6965,980492,2220156,11.61,21:00
2018,4,2018-04-01,Instagram,TechBrasil,Entretenimento,Carrossel,289212,37500,2928,6981,107795,1373561,5.67,21:00
2018,4,2018-04-01,Instagram,TechBrasil,Games,Carrossel,606596,48948,512,5867,529678,1530618,0.96,21:00
2018,4,2018-04-01,Instagram,ModaHoje,Tecnologia,Vídeo,648368,76409,2686,6104,1047629,539263,7.15,18:00
2018,4,2018-04-01,TikTok,GamesBR,Games,Live,291899,56438,3317,2810,1427691,349358,7.43,18:00
2018,4,2018-04-01,YouTube,EducaOnline,Tecnologia,Vídeo,661641,71810,2808,4678,1619025,358461,11.55,12:00
2018,4,2018-04-01,Facebook,EducaOnline,Tecnologia,Vídeo,29019,56316,3186,7110,778202,2282789,5.48,21:00
2018,4,2018-04-01,TikTok,EducaOnline,Tecnologia,Imagem,754980,59993,299,7012,1702554,288630,10.3,21:00
2018,4,2018-04-01,LinkedIn,GamesBR,Games,Live,674723,25738,2191,320,233165,885136,11.08,18:00
2018,4,2018-04-01,YouTube,GamesBR,Games,Stories,108227,7047,861,9406,411206,630002,10.16,21:00
2018,4,2018-04-01,TikTok,GamesBR,Educação,Stories,287403,8763,2911,9293,607512,2052199,4.64,08:00
2018,4,2018-04-01,LinkedIn,TechBrasil,Games,Stories,634098,65752,337,1177,974977,1880234,4.84,12:00
2018,4,2018-04-01,YouTube,EducaOnline,Games,Imagem,550446,2819,369,8851,1207940,1823660,8.36,08:00
2018,4,2018-04-01,TikTok,ModaHoje,Entretenimento,Live,904315,29861,4022,8928,1669090,1843201,3.94,18:00
2018,5,2018-05-01,TikTok,EducaOnline,Educação,Imagem,628639,73789,1238,8614,850422,1648553,1.31,12:00
2018,5,2018-05-01,Instagram,EducaOnline,Tecnologia,Imagem,326347,33366,3132,9748,185608,302797,3.67,18:00
2018,5,2018-05-01,X,GamesBR,Entretenimento,Stories,977433,69774,3781,504,1036043,96267,10.8,12:00
2018,5,2018-05-01,Facebook,GamesBR,Entretenimento,Carrossel,442429,21519,3010,1210,1403835,592208,4.66,18:00
2018,5,2018-05-01,X,ModaHoje,Educação,Carrossel,958858,52454,2688,3326,1913568,2426721,6.41,18:00
2018,5,2018-05-01,TikTok,GamesBR,Tecnologia,Imagem,743244,32871,3636,1634,857890,2391470,11.68,08:00
2018,5,2018-05-01,X,TechBrasil,Educação,Stories,397646,34599,1436,7058,1311514,862983,11.23,12:00
2018,5,2018-05-01,Instagram,TechBrasil,Tecnologia,Carrossel,359007,37837,3135,457,1928712,971433,5.0,21:00
2018,5,2018-05-01,YouTube,TechBrasil,Games,Live,485560,53899,731,446,1311192,890327,1.14,21:00
2018,5,2018-05-01,X,GamesBR,Games,Stories,298128,74032,1250,4047,1822671,68151,2.67,08:00
2018,5,2018-05-01,LinkedIn,GamesBR,Entretenimento,Imagem,295788,20351,4771,635,280692,1585172,7.91,12:00
2018,5,2018-05-01,TikTok,GamesBR,Games,Vídeo,450133,51288,838,4127,1685355,2035926,5.22,12:00
2018,5,2018-05-01,LinkedIn,TechBrasil,Entretenimento,Stories,647907,62079,749,2515,1013910,341851,6.96,08:00
2018,5,2018-05-01,Facebook,GamesBR,Tecnologia,Vídeo,264848,14846,1429,4620,868485,1972117,11.39,08:00
2018,5,2018-05-01,X,ModaHoje,Games,Carrossel,771106,71125,3486,4594,313395,254740,1.84,12:00
2018,5,2018-05-01,Facebook,EducaOnline,Tecnologia,Live,727981,671,4618,3283,1614434,1327463,2.32,12:00
2018,5,2018-05-01,Facebook,EducaOnline,Entretenimento,Carrossel,710210,10258,3809,1989,1097085,304975,5.63,21:00
2018,5,2018-05-01,LinkedIn,TechBrasil,Tecnologia,Vídeo,241075,48331,3970,631,1325329,1811985,3.62,12:00
2018,5,2018-05-01,YouTube,GamesBR,Entretenimento,Stories,42791,55204,2508,2452,710595,2373489,6.79,18:00
2018,5,2018-05-01,TikTok,TechBrasil,Entretenimento,Imagem,632130,79348,1277,3659,900628,1255966,11.95,12:00
2018,5,2018-05-01,Facebook,TechBrasil,Tecnologia,Carrossel,72290,73891,4334,6500,713657,879719,9.27,12:00
2018,5,2018-05-01,Facebook,TechBrasil,Educação,Stories,695109,70033,298,34,1506720,848019,9.94,12:00
2018,5,2018-05-01,Instagram,EducaOnline,Educação,Imagem,422340,23065,3686,9609,508510,1895347,5.31,21:00
2018,5,2018-05-01,YouTube,ModaHoje,Entretenimento,Live,890769,34360,1943,7390,856315,747795,2.5,18:00
2018,5,2018-05-01,X,ModaHoje,Educação,Live,511871,56269,691,4874,794451,835674,6.41,18:00
2018,5,2018-05-01,Facebook,GamesBR,Games,Vídeo,277004,68252,2889,8775,509326,1148745,4.28,12:00
2018,5,2018-05-01,TikTok,ModaHoje,Entretenimento,Stories,539955,14823,584,7821,1082546,405675,8.87,18:00
2018,5,2018-05-01,TikTok,EducaOnline,Games,Imagem,493437,2920,3196,3834,167417,865516,5.58,18:00
2018,5,2018-05-01,LinkedIn,GamesBR,Tecnologia,Stories,437021,45703,4985,4057,1660987,496630,2.31,12:00
2018,5,2018-05-01,LinkedIn,GamesBR,Entretenimento,Vídeo,433259,5012,3105,9547,1298953,957069,9.7,21:00
2018,5,2018-05-01,Instagram,TechBrasil,Educação,Stories,848175,23167,1045,1773,714704,516207,10.78,08:00
2018,5,2018-05-01,X,EducaOnline,Tecnologia,Imagem,319644,70724,3409,4697,373824,1252992,1.95,18:00
2018,5,2018-05-01,Facebook,EducaOnline,Tecnologia,Stories,832662,39286,2710,3591,915900,1377134,10.55,12:00
2018,5,2018-05-01,LinkedIn,ModaHoje,Tecnologia,Imagem,125599,66691,3367,3246,820467,1771462,7.49,12:00
2018,5,2018-05-01,LinkedIn,TechBrasil,Entretenimento,Carrossel,882806,65919,4585,9279,1301087,695183,4.72,21:00
2018,5,2018-05-01,LinkedIn,TechBrasil,Educação,Carrossel,754531,34681,4685,5970,599897,754117,10.87,12:00
2018,5,2018-05-01,YouTube,GamesBR,Entretenimento,Stories,996596,40146,1104,9538,739202,1169591,5.5,08:00
2018,6,2018-06-01,Facebook,EducaOnline,Educação,Vídeo,376991,3713,1930,6802,843999,2430401,0.88,21:00
2018,6,2018-06-01,X,EducaOnline,Educação,Imagem,521192,27443,4805,5543,1814029,1588077,2.55,18:00
2018,6,2018-06-01,Instagram,GamesBR,Tecnologia,Vídeo,286157,10929,968,3813,348119,2316212,6.39,12:00
2018,6,2018-06-01,YouTube,ModaHoje,Games,Carrossel,349096,25688,2139,2191,497008,78860,5.9,21:00
2018,6,2018-06-01,LinkedIn,ModaHoje,Entretenimento,Vídeo,914755,51711,3973,9911,330821,455182,11.25,12:00
2018,6,2018-06-01,YouTube,TechBrasil,Games,Vídeo,804495,42860,4387,7494,676770,1954188,9.96,18:00
2018,6,2018-06-01,X,ModaHoje,Educação,Stories,556361,376,1850,7819,1131822,294740,4.61,21:00
2018,6,2018-06-01,TikTok,ModaHoje,Tecnologia,Carrossel,445539,57406,4497,2154,165442,41374,6.4,18:00
2018,6,2018-06-01,LinkedIn,TechBrasil,Tecnologia,Live,35664,76474,4019,4148,877653,2028568,4.67,08:00
2018,6,2018-06-01,YouTube,ModaHoje,Educação,Stories,533943,38665,3107,3239,1597170,1560083,7.92,21:00
2018,6,2018-06-01,X,TechBrasil,Games,Stories,643847,23383,3252,2635,634220,1403207,10.32,08:00
2018,6,2018-06-01,TikTok,EducaOnline,Entretenimento,Stories,371218,51213,3533,5524,1807873,2222595,0.53,12:00
2018,6,2018-06-01,Facebook,TechBrasil,Entretenimento,Live,41001,79101,2281,8876,725100,2065426,3.0,21:00
2018,6,2018-06-01,YouTube,ModaHoje,Tecnologia,Stories,587494,21089,2252,8462,230260,2243078,3.21,18:00
2018,6,2018-06-01,X,ModaHoje,Entretenimento,Imagem,145250,63864,479,3209,250716,1481634,2.58,21:00
2018,6,2018-06-01,LinkedIn,EducaOnline,Games,Carrossel,315212,47492,2564,5586,415277,409911,7.61,12:00
2018,6,2018-06-01,TikTok,ModaHoje,Entretenimento,Stories,740526,31311,113,4906,1503902,1134418,0.79,08:00
2018,6,2018-06-01,X,EducaOnline,Educação,Live,463900,72546,1629,3384,1622669,2293111,11.66,12:00
2018,6,2018-06-01,Instagram,TechBrasil,Educação,Carrossel,222598,34795,3798,3548,150423,34607,8.04,08:00
2018,6,2018-06-01,Instagram,EducaOnline,Games,Imagem,744014,36329,1617,7652,753312,477464,1.31,21:00
2018,6,2018-06-01,Instagram,EducaOnline,Tecnologia,Carrossel,96458,74962,421,5813,742261,993663,1.98,18:00
2018,6,2018-06-01,X,EducaOnline,Games,Stories,384638,50696,204,9004,230022,209700,5.25,18:00
2018,6,2018-06-01,Facebook,EducaOnline,Educação,Carrossel,123386,14750,28,7761,1455573,2497375,0.75,18:00
2018,6,2018-06-01,LinkedIn,GamesBR,Games,Imagem,321175,4341,810,1571,1477510,1480307,10.9,08:00
2018,6,2018-06-01,X,TechBrasil,Entretenimento,Carrossel,67270,71287,3290,3141,431291,264198,11.95,21:00
2018,6,2018-06-01,Instagram,GamesBR,Tecnologia,Imagem,291904,55405,3264,9730,684127,77748,4.83,21:00
2018,6,2018-06-01,Instagram,EducaOnline,Entretenimento,Vídeo,844934,14369,4476,5458,1983977,1330909,6.22,21:00
2018,6,2018-06-01,TikTok,TechBrasil,Entretenimento,Imagem,10547,50430,1310,6621,1804586,696505,3.74,18:00
2018,6,2018-06-01,LinkedIn,TechBrasil,Tecnologia,Live,784162,23577,1038,9809,1900675,2045798,2.8,12:00
2018,6,2018-06-01,LinkedIn,TechBrasil,Educação,Live,848901,42210,1005,528,504282,624370,7.35,21:00
2018,6,2018-06-01,Facebook,TechBrasil,Games,Live,556631,38607,4518,9323,792974,1894339,11.2,21:00
2018,6,2018-06-01,YouTube,ModaHoje,Entretenimento,Stories,495338,64029,629,8818,1166963,1023292,6.32,21:00
2018,6,2018-06-01,YouTube,GamesBR,Tecnologia,Vídeo,15716,46797,3701,7762,518006,2193437,7.96,21:00
2018,6,2018-06-01,LinkedIn,TechBrasil,Educação,Imagem,206409,45148,3292,5493,1680503,1008255,3.88,12:00
2018,6,2018-06-01,Facebook,TechBrasil,Games,Imagem,891999,75368,4627,571,466540,1473794,2.47,12:00
2018,6,2018-06-01,Facebook,TechBrasil,Tecnologia,Stories,161671,26836,3200,325,1897825,230166,0.77,18:00
2018,6,2018-06-01,TikTok,ModaHoje,Educação,Carrossel,249777,33645,1979,4555,442788,1576687,11.61,21:00
2018,7,2018-07-01,Instagram,TechBrasil,Educação,Stories,536419,56990,2611,6603,401559,518858,10.16,21:00
2018,7,2018-07-01,Facebook,ModaHoje,Entretenimento,Live,323673,28788,3848,2104,401175,1889751,8.34,12:00
2018,7,2018-07-01,LinkedIn,TechBrasil,Entretenimento,Stories,351352,68467,2360,6491,1871904,1189419,3.82,12:00
2018,7,2018-07-01,Facebook,GamesBR,Tecnologia,Stories,142026,65452,3890,6744,437070,1900895,5.44,18:00
2018,7,2018-07-01,YouTube,GamesBR,Educação,Carrossel,427918,54009,952,7247,1955811,2321088,8.43,21:00
2018,7,2018-07-01,Instagram,EducaOnline,Games,Live,681299,4250,486,7623,1477393,2394419,5.46,08:00
2018,7,2018-07-01,Facebook,TechBrasil,Educação,Vídeo,430367,43254,656,9759,1053095,153255,10.98,08:00
2018,7,2018-07-01,LinkedIn,TechBrasil,Entretenimento,Vídeo,174633,5741,2966,9456,1979037,197669,2.16,18:00
2018,7,2018-07-01,YouTube,GamesBR,Games,Stories,83497,59421,1119,2097,1645701,681809,9.71,08:00
2018,7,2018-07-01,X,GamesBR,Games,Vídeo,180536,24375,1449,7759,1702017,996234,2.36,12:00
2018,7,2018-07-01,X,ModaHoje,Games,Carrossel,535747,59321,1430,8494,1886740,555402,7.65,18:00
2018,7,2018-07-01,Facebook,ModaHoje,Educação,Imagem,42837,52459,1491,6094,658011,2337390,11.1,21:00
2018,7,2018-07-01,TikTok,EducaOnline,Entretenimento,Imagem,221189,24519,3995,1409,1166497,1337258,10.89,18:00
2018,7,2018-07-01,X,ModaHoje,Entretenimento,Imagem,385813,57021,1398,7900,1089112,2018501,0.95,18:00
2018,7,2018-07-01,YouTube,GamesBR,Tecnologia,Vídeo,746506,13687,1524,7498,347349,1080001,9.83,08:00
2018,7,2018-07-01,LinkedIn,ModaHoje,Tecnologia,Stories,888295,63666,1299,8297,598804,755769,5.4,18:00
2018,7,2018-07-01,TikTok,GamesBR,Tecnologia,Imagem,335129,44828,2166,4744,127806,1603694,9.41,21:00
2018,7,2018-07-01,X,ModaHoje,Educação,Live,434601,57779,239,3559,1529554,791903,1.33,12:00
2018,7,2018-07-01,TikTok,EducaOnline,Games,Vídeo,597480,60054,4256,4513,746244,1567842,7.91,21:00
2018,7,2018-07-01,Facebook,EducaOnline,Games,Live,801430,2102,2300,8188,1652391,2389188,11.24,21:00
2018,7,2018-07-01,Instagram,GamesBR,Educação,Carrossel,885592,4867,2990,7102,727055,827688,0.9,18:00
2018,7,2018-07-01,Facebook,ModaHoje,Tecnologia,Stories,822674,14009,4706,6518,846762,1235282,7.95,08:00
2018,7,2018-07-01,YouTube,EducaOnline,Entretenimento,Imagem,423902,64320,199,388,1448585,1949374,3.61,18:00
2018,7,2018-07-01,YouTube,ModaHoje,Tecnologia,Carrossel,194372,26263,538,5187,804645,593408,3.06,08:00
2018,7,2018-07-01,X,ModaHoje,Entretenimento,Stories,237778,63427,1128,179,98469,1740549,7.37,18:00
2018,7,2018-07-01,Instagram,TechBrasil,Educação,Vídeo,652770,69077,2661,4030,242253,1263349,3.42,21:00
2018,7,2018-07-01,X,EducaOnline,Games,Carrossel,374300,11916,4756,8294,240549,1881444,1.13,08:00
2018,7,2018-07-01,Facebook,TechBrasil,Educação,Carrossel,432815,49464,3260,5150,1882806,621927,6.29,18:00
2018,7,2018-07-01,TikTok,GamesBR,Tecnologia,Carrossel,427281,10940,4125,9178,131761,1709808,9.28,08:00
2018,7,2018-07-01,Instagram,GamesBR,Games,Live,552116,38698,1137,6970,1584802,658276,3.78,08:00
2018,7,2018-07-01,YouTube,EducaOnline,Tecnologia,Carrossel,583745,39005,2424,5795,598351,1079612,3.01,12:00
2018,7,2018-07-01,LinkedIn,ModaHoje,Games,Vídeo,306935,45043,4874,7386,1904859,111459,10.76,21:00
2018,7,2018-07-01,X,GamesBR,Educação,Imagem,526233,4684,3589,1770,1935543,1437176,11.44,21:00
2018,7,2018-07-01,YouTube,TechBrasil,Tecnologia,Stories,393266,13780,2282,6098,1520688,28511,3.08,21:00
2018,7,2018-07-01,Facebook,EducaOnline,Entretenimento,Carrossel,468203,55819,1112,7834,1917862,808074,4.98,21:00
2018,7,2018-07-01,X,TechBrasil,Tecnologia,Live,785658,54347,4029,7450,1974088,352365,7.69,08:00
2018,7,2018-07-01,LinkedIn,GamesBR,Entretenimento,Stories,733316,22276,2018,2976,286957,1196007,1.23,08:00
2018,8,2018-08-01,TikTok,EducaOnline,Games,Carrossel,408561,32515,2896,9365,1346242,1680242,11.4,08:00
2018,8,2018-08-01,YouTube,GamesBR,Educação,Live,443700,44460,2552,544,292224,472738,3.62,21:00
2018,8,2018-08-01,YouTube,ModaHoje,Entretenimento,Carrossel,405563,65461,1271,2021,1120428,1950423,4.85,08:00
2018,8,2018-08-01,Instagram,ModaHoje,Tecnologia,Live,214590,35296,3259,3095,33503,1843001,10.33,21:00
2018,8,2018-08-01,X,GamesBR,Games,Vídeo,898494,41828,30,6903,1515237,2353177,0.88,18:00
2018,8,2018-08-01,Facebook,ModaHoje,Games,Live,302324,7289,4958,5400,1865683,2073327,4.92,12:00
2018,8,2018-08-01,X,ModaHoje,Entretenimento,Carrossel,28482,14453,1253,7045,645534,1524399,7.66,21:00
2018,8,2018-08-01,Instagram,TechBrasil,Entretenimento,Carrossel,131074,64753,3802,2764,1459987,294320,7.64,18:00
2018,8,2018-08-01,Facebook,EducaOnline,Educação,Carrossel,697806,78176,1485,3692,753852,57747,11.22,21:00
2018,8,2018-08-01,Facebook,GamesBR,Educação,Live,811230,31595,4386,2546,1732677,2013193,0.89,08:00
2018,8,2018-08-01,X,ModaHoje,Tecnologia,Imagem,386145,35122,4006,4518,861843,2484360,3.37,21:00
2018,8,2018-08-01,YouTube,TechBrasil,Tecnologia,Vídeo,924263,44271,4624,5660,1423451,1046122,5.61,12:00
2018,8,2018-08-01,YouTube,GamesBR,Tecnologia,Carrossel,963582,61053,4506,2296,886888,1982339,1.37,21:00
2018,8,2018-08-01,X,GamesBR,Educação,Carrossel,206205,34765,2532,3306,1668669,601283,6.36,21:00
2018,8,2018-08-01,YouTube,EducaOnline,Tecnologia,Vídeo,99988,60053,2992,992,867300,753205,5.18,08:00
2018,8,2018-08-01,LinkedIn,EducaOnline,Games,Imagem,26365,19234,1942,9556,80115,1486077,10.05,18:00
2018,8,2018-08-01,LinkedIn,EducaOnline,Tecnologia,Imagem,897529,67790,2988,3116,1319536,1391938,1.39,12:00
2018,8,2018-08-01,YouTube,TechBrasil,Tecnologia,Carrossel,838321,2587,3576,4407,308718,1097188,2.35,18:00
2018,8,2018-08-01,X,TechBrasil,Tecnologia,Imagem,831683,7152,4225,9194,1875709,1126197,7.45,21:00
2018,8,2018-08-01,X,EducaOnline,Entretenimento,Imagem,359025,19175,2654,1363,1587235,1233564,10.85,18:00
2018,8,2018-08-01,Instagram,ModaHoje,Entretenimento,Imagem,786783,36947,1182,1816,1956852,1223820,6.12,18:00
2018,8,2018-08-01,X,GamesBR,Educação,Live,542692,70733,147,3571,946305,293987,1.27,12:00
2018,8,2018-08-01,LinkedIn,EducaOnline,Educação,Carrossel,11228,47127,4649,4705,1355803,101782,2.0,18:00
2018,8,2018-08-01,X,EducaOnline,Games,Carrossel,253731,38965,4238,7154,998774,2238085,3.03,08:00
2018,8,2018-08-01,LinkedIn,ModaHoje,Games,Vídeo,388984,29078,3691,9196,1401356,1058436,10.66,08:00
2018,8,2018-08-01,YouTube,TechBrasil,Educação,Live,675033,33550,3561,8115,546025,1221093,1.16,08:00
2018,8,2018-08-01,Facebook,GamesBR,Tecnologia,Imagem,187800,11638,572,8246,1005547,1710386,8.01,21:00
2018,8,2018-08-01,X,ModaHoje,Educação,Vídeo,798552,75025,4033,4844,1550176,577117,9.38,18:00
2018,8,2018-08-01,Facebook,ModaHoje,Entretenimento,Vídeo,857081,18318,4146,6568,1458051,2399127,9.59,21:00
2018,8,2018-08-01,Instagram,GamesBR,Tecnologia,Live,614881,65819,3585,7943,51845,7787,10.83,08:00
2018,8,2018-08-01,LinkedIn,EducaOnline,Entretenimento,Imagem,808796,36852,1665,1237,1467740,1268959,10.58,18:00
2018,8,2018-08-01,Instagram,EducaOnline,Games,Carrossel,47649,53586,165,7772,816295,2427721,1.02,12:00
2018,8,2018-08-01,YouTube,GamesBR,Tecnologia,Carrossel,839422,60919,829,5753,1990538,1150861,11.89,21:00
2018,8,2018-08-01,LinkedIn,GamesBR,Tecnologia,Vídeo,973434,41502,1640,6936,1160998,618258,8.11,18:00
2018,8,2018-08-01,X,ModaHoje,Educação,Live,695581,15681,2281,367,1070973,111822,10.75,21:00
2018,8,2018-08-01,Facebook,EducaOnline,Educação,Imagem,736946,16276,2233,8393,1833598,1433279,2.16,08:00
2018,8,2018-08-01,X,TechBrasil,Games,Vídeo,14617,31563,3391,8561,1050160,2128674,4.71,18:00
2018,9,2018-09-01,Instagram,GamesBR,Games,Live,687745,17061,1422,1523,1184883,1031642,2.8,21:00
2018,9,2018-09-01,Facebook,TechBrasil,Entretenimento,Live,349186,33114,913,7584,1145289,153313,4.19,12:00
2018,9,2018-09-01,Instagram,EducaOnline,Games,Carrossel,512768,73027,4585,3050,1501567,192159,10.98,08:00
2018,9,2018-09-01,TikTok,TechBrasil,Games,Carrossel,976651,38437,2201,5587,624495,3491,8.73,12:00
2018,9,2018-09-01,YouTube,TechBrasil,Educação,Carrossel,131411,15284,1149,8538,1741587,303054,6.91,08:00
2018,9,2018-09-01,Instagram,TechBrasil,Entretenimento,Live,851316,28172,976,6900,1074533,2235049,4.27,21:00
2018,9,2018-09-01,Facebook,GamesBR,Educação,Stories,708255,3530,837,7967,1115439,1285510,7.57,21:00
2018,9,2018-09-01,Instagram,GamesBR,Games,Imagem,185828,70796,2798,2187,474523,585035,7.9,21:00
2018,9,2018-09-01,LinkedIn,GamesBR,Entretenimento,Carrossel,945735,28473,544,9483,364404,1382467,9.92,08:00
2018,9,2018-09-01,Facebook,EducaOnline,Educação,Imagem,835855,16861,2421,2228,1041809,1917145,1.17,18:00
2018,9,2018-09-01,X,GamesBR,Educação,Stories,730837,61425,2615,7084,1245453,451483,2.03,12:00
2018,9,2018-09-01,Instagram,GamesBR,Games,Carrossel,644690,29221,4974,9280,1721737,324715,4.91,08:00
2018,9,2018-09-01,Facebook,TechBrasil,Tecnologia,Imagem,528311,56801,511,8418,331122,228250,4.16,18:00
2018,9,2018-09-01,X,TechBrasil,Entretenimento,Imagem,154127,46201,557,4347,1140186,872196,6.6,18:00
2018,9,2018-09-01,X,TechBrasil,Entretenimento,Live,634576,42467,4320,7409,1456978,2285852,7.81,21:00
2018,9,2018-09-01,LinkedIn,TechBrasil,Educação,Carrossel,825327,75221,2066,7495,1661272,1144197,1.91,21:00
2018,9,2018-09-01,Facebook,ModaHoje,Games,Vídeo,284745,53272,2331,2162,1280872,1195997,10.78,08:00
2018,9,2018-09-01,TikTok,EducaOnline,Educação,Carrossel,739569,23236,1937,9473,832262,1004657,0.58,21:00
2018,9,2018-09-01,Facebook,ModaHoje,Entretenimento,Vídeo,292069,31670,1116,4142,1691847,1619637,6.51,21:00
2018,9,2018-09-01,X,TechBrasil,Educação,Imagem,449196,2258,312,5596,1678729,996067,10.92,12:00
2018,9,2018-09-01,Instagram,GamesBR,Entretenimento,Imagem,841619,63515,3594,4477,1196022,668555,8.81,18:00
2018,9,2018-09-01,YouTube,ModaHoje,Tecnologia,Vídeo,575605,60777,1841,662,1704592,989010,0.68,18:00
2018,9,2018-09-01,YouTube,ModaHoje,Educação,Vídeo,614724,71052,4663,8846,1051412,2128180,9.77,21:00
2018,9,2018-09-01,Instagram,ModaHoje,Tecnologia,Live,686104,15315,2363,943,1637636,1765945,10.6,08:00
2018,9,2018-09-01,TikTok,ModaHoje,Educação,Imagem,942235,42482,2190,7599,874510,1514396,11.47,12:00
2018,9,2018-09-01,YouTube,GamesBR,Educação,Imagem,286235,20222,1841,814,1579910,2126461,1.99,21:00
2018,9,2018-09-01,TikTok,ModaHoje,Games,Live,617886,3236,3620,4824,1865001,806995,2.94,08:00
2018,9,2018-09-01,X,ModaHoje,Entretenimento,Stories,840821,61877,504,6094,1242904,983615,2.5,08:00
2018,9,2018-09-01,X,ModaHoje,Educação,Vídeo,557472,22606,2616,1237,1155611,775794,10.9,08:00
2018,9,2018-09-01,TikTok,GamesBR,Games,Live,689496,74586,2624,3394,1194628,1246354,9.53,21:00
2018,9,2018-09-01,YouTube,EducaOnline,Tecnologia,Stories,480719,10166,1357,2828,1742676,1416874,2.88,08:00
2018,9,2018-09-01,LinkedIn,EducaOnline,Games,Carrossel,12817,79116,1809,8128,1904399,1327588,8.23,12:00
2018,9,2018-09-01,TikTok,GamesBR,Tecnologia,Imagem,397207,65369,2759,5507,1037622,1618068,5.4,08:00
2018,9,2018-09-01,TikTok,TechBrasil,Tecnologia,Carrossel,913444,62976,3822,7634,210411,1952942,7.26,08:00
2018,9,2018-09-01,LinkedIn,EducaOnline,Games,Live,153152,64387,2512,6457,131749,647147,6.46,21:00
2018,9,2018-09-01,YouTube,ModaHoje,Entretenimento,Live,280804,53877,3317,9995,503011,2432511,5.98,08:00
2018,9,2018-09-01,Facebook,GamesBR,Games,Vídeo,868463,26293,4611,5275,1694024,1128915,1.36,18:00
2018,10,2018-10-01,TikTok,EducaOnline,Tecnologia,Live,579129,68986,2420,4285,1396202,2390826,4.64,21:00
2018,10,2018-10-01,LinkedIn,TechBrasil,Games,Stories,521265,34497,3380,9013,1079944,768592,6.83,18:00
2018,10,2018-10-01,LinkedIn,EducaOnline,Educação,Vídeo,504539,31150,1491,615,447800,954194,7.59,12:00
2018,10,2018-10-01,Facebook,GamesBR,Tecnologia,Live,176091,24400,779,1151,335730,1447606,10.39,08:00
2018,10,2018-10-01,X,EducaOnline,Tecnologia,Carrossel,184504,75954,2268,6024,1084531,1062007,11.4,18:00
2018,10,2018-10-01,TikTok,TechBrasil,Games,Stories,365968,38537,4440,4068,962119,1133797,8.09,08:00
2018,10,2018-10-01,Instagram,ModaHoje,Entretenimento,Imagem,43622,26879,1241,2578,333110,2136553,6.14,12:00
2018,10,2018-10-01,Facebook,TechBrasil,Educação,Stories,470028,65091,4414,6841,1818212,666483,1.8,21:00
2018,10,2018-10-01,YouTube,ModaHoje,Entretenimento,Vídeo,360996,26544,3492,7670,1048201,2230596,7.82,21:00
2018,10,2018-10-01,Facebook,EducaOnline,Entretenimento,Carrossel,960388,55229,2036,9181,237064,2279772,6.12,08:00
2018,10,2018-10-01,Facebook,ModaHoje,Educação,Live,549692,23772,2504,9447,761637,1443737,3.34,21:00
2018,10,2018-10-01,LinkedIn,ModaHoje,Educação,Imagem,975137,62711,1646,9884,1778964,652777,2.56,08:00
2018,10,2018-10-01,YouTube,GamesBR,Games,Live,731437,79334,4666,2722,1321510,775186,11.46,12:00
2018,10,2018-10-01,Facebook,ModaHoje,Educação,Live,928003,37286,4775,5440,376718,1956892,4.08,18:00
2018,10,2018-10-01,LinkedIn,TechBrasil,Entretenimento,Carrossel,779318,79800,1174,6931,952150,1836157,4.05,12:00
2018,10,2018-10-01,Instagram,GamesBR,Educação,Imagem,294897,74560,315,9341,1227765,2230454,2.14,18:00
2018,10,2018-10-01,LinkedIn,TechBrasil,Games,Imagem,478133,2795,2707,6971,1845420,825357,10.53,21:00
2018,10,2018-10-01,X,GamesBR,Tecnologia,Imagem,776264,46295,77,8531,1514366,606510,9.2,18:00
2018,10,2018-10-01,Instagram,ModaHoje,Tecnologia,Carrossel,845160,40626,1518,8798,517785,1435165,6.87,12:00
2018,10,2018-10-01,X,EducaOnline,Tecnologia,Stories,129980,33916,2091,9074,716251,2381345,2.16,21:00
2018,10,2018-10-01,Facebook,TechBrasil,Educação,Imagem,826410,19813,2911,9444,642078,2178712,11.36,12:00
2018,10,2018-10-01,TikTok,ModaHoje,Entretenimento,Carrossel,236094,24849,2514,3335,1122075,819888,8.36,08:00
2018,10,2018-10-01,Facebook,TechBrasil,Tecnologia,Imagem,736619,2133,3846,5086,112965,1538008,10.54,18:00
2018,10,2018-10-01,X,ModaHoje,Games,Imagem,763529,52076,4518,5916,584207,1495912,1.33,18:00
2018,10,2018-10-01,LinkedIn,GamesBR,Entretenimento,Stories,830324,30118,4584,4820,1966699,1603017,4.68,21:00
2018,10,2018-10-01,LinkedIn,EducaOnline,Educação,Live,765238,35998,1806,6754,1426748,2228553,0.6,18:00
2018,10,2018-10-01,Facebook,GamesBR,Games,Vídeo,308539,12717,3526,3956,1247208,2302363,3.83,08:00
2018,10,2018-10-01,Facebook,ModaHoje,Games,Live,887757,57823,616,6747,1027367,1946600,11.58,21:00
2018,10,2018-10-01,Instagram,GamesBR,Games,Imagem,997148,8373,4648,3818,90821,936810,5.89,21:00
2018,10,2018-10-01,YouTube,GamesBR,Tecnologia,Carrossel,617669,63729,3282,5653,1499777,167766,9.82,12:00
2018,10,2018-10-01,TikTok,TechBrasil,Educação,Imagem,595312,44879,173,4511,1223383,1395348,7.6,18:00
2018,10,2018-10-01,YouTube,ModaHoje,Tecnologia,Live,914918,51394,3650,5585,42761,2325172,10.08,12:00
2018,10,2018-10-01,Instagram,ModaHoje,Games,Carrossel,85237,15743,846,6282,307798,745177,9.99,18:00
2018,10,2018-10-01,TikTok,ModaHoje,Entretenimento,Carrossel,909801,51088,3028,328,1718905,2345925,1.02,18:00
2018,10,2018-10-01,TikTok,EducaOnline,Tecnologia,Stories,212943,27837,4632,4637,1013549,1713018,9.53,12:00
2018,10,2018-10-01,X,ModaHoje,Tecnologia,Carrossel,841926,17018,2499,252,1573881,2206219,11.65,08:00
2018,10,2018-10-01,LinkedIn,TechBrasil,Educação,Vídeo,5701,41222,2138,4257,714313,87043,2.5,21:00
2018,11,2018-11-01,Instagram,EducaOnline,Games,Imagem,159586,59256,3100,4326,1728384,505554,10.28,08:00
2018,11,2018-11-01,YouTube,TechBrasil,Tecnologia,Live,89518,26476,876,8015,1767039,2277118,5.16,12:00
2018,11,2018-11-01,Facebook,GamesBR,Games,Imagem,302194,65726,51,2467,289258,2275676,5.92,12:00
2018,11,2018-11-01,TikTok,TechBrasil,Games,Carrossel,262213,29604,3406,274,441916,1833976,11.55,08:00
2018,11,2018-11-01,TikTok,GamesBR,Games,Vídeo,666460,29004,3981,8568,37722,2428119,5.42,21:00
2018,11,2018-11-01,X,TechBrasil,Games,Stories,345232,43390,1019,4544,795803,665308,4.45,12:00
2018,11,2018-11-01,LinkedIn,ModaHoje,Entretenimento,Carrossel,631535,32110,1861,5747,1043199,1152042,5.83,18:00
2018,11,2018-11-01,Facebook,ModaHoje,Entretenimento,Imagem,790862,12234,3925,5179,832332,1951753,0.53,08:00
2018,11,2018-11-01,Instagram,TechBrasil,Games,Imagem,502175,47641,603,3930,245908,1992990,1.16,12:00
2018,11,2018-11-01,X,GamesBR,Entretenimento,Imagem,597857,65286,2858,4069,1628019,1631399,10.56,18:00
2018,11,2018-11-01,X,EducaOnline,Games,Imagem,318610,46146,4252,6110,572743,1879161,5.08,18:00
2018,11,2018-11-01,YouTube,ModaHoje,Entretenimento,Live,580862,60573,3143,8184,1647619,2086262,9.42,18:00
2018,11,2018-11-01,Instagram,EducaOnline,Games,Live,928241,67556,4927,7129,1622927,1320204,7.72,21:00
2018,11,2018-11-01,TikTok,GamesBR,Educação,Imagem,694066,400,3734,7663,1315270,1841418,10.17,18:00
2018,11,2018-11-01,Facebook,GamesBR,Educação,Carrossel,561662,56585,326,5680,3652,1636395,7.23,08:00
2018,11,2018-11-01,YouTube,TechBrasil,Tecnologia,Stories,382750,70938,2972,2873,661359,13863,1.9,12:00
2018,11,2018-11-01,YouTube,TechBrasil,Educação,Vídeo,121649,19220,123,2770,1934872,2179396,7.98,08:00
2018,11,2018-11-01,TikTok,EducaOnline,Entretenimento,Carrossel,554312,41010,2671,8529,480051,229323,3.29,08:00
2018,11,2018-11-01,TikTok,GamesBR,Games,Stories,808726,52600,2379,3307,1920810,1948171,5.75,18:00
2018,11,2018-11-01,LinkedIn,EducaOnline,Games,Vídeo,514492,48182,2762,6605,1332338,231374,6.16,21:00
2018,11,2018-11-01,LinkedIn,GamesBR,Tecnologia,Carrossel,743201,78503,2358,7320,1753968,20993,1.87,08:00
2018,11,2018-11-01,Facebook,EducaOnline,Tecnologia,Live,849122,62200,3799,245,113164,2258893,1.95,12:00
2018,11,2018-11-01,TikTok,GamesBR,Entretenimento,Imagem,261272,30806,4336,2591,1639205,380630,3.38,21:00
2018,11,2018-11-01,YouTube,ModaHoje,Tecnologia,Imagem,779736,32936,420,3247,270732,1637252,9.89,08:00
2018,11,2018-11-01,YouTube,GamesBR,Educação,Stories,885276,23868,1287,7210,1333156,1935898,11.16,21:00
2018,11,2018-11-01,Instagram,EducaOnline,Games,Stories,731574,39455,4333,8153,1994876,1279737,11.2,21:00
2018,11,2018-11-01,TikTok,EducaOnline,Games,Imagem,367651,9131,4789,3769,1314660,1560739,1.96,18:00
2018,11,2018-11-01,Facebook,EducaOnline,Entretenimento,Vídeo,490110,14378,4773,9914,1365873,1893834,5.34,21:00
2018,11,2018-11-01,YouTube,ModaHoje,Entretenimento,Carrossel,708185,46900,3349,4984,1369949,139808,5.27,21:00
2018,11,2018-11-01,LinkedIn,EducaOnline,Entretenimento,Stories,642849,6951,4730,6007,742355,2474343,10.57,21:00
2018,11,2018-11-01,Instagram,EducaOnline,Educação,Carrossel,987996,12688,3350,6401,1263083,2042361,1.62,18:00
2018,11,2018-11-01,X,EducaOnline,Entretenimento,Live,119884,3596,609,2814,1981653,1964728,6.48,18:00
2018,11,2018-11-01,X,TechBrasil,Games,Stories,358949,4301,3214,5082,67147,1807479,4.18,08:00
2018,11,2018-11-01,Facebook,TechBrasil,Games,Live,398168,50485,1621,7182,1395394,96760,1.08,21:00
2018,11,2018-11-01,LinkedIn,GamesBR,Tecnologia,Carrossel,205457,32531,3928,9457,685144,1977457,9.35,08:00
2018,11,2018-11-01,Facebook,GamesBR,Entretenimento,Live,24144,39155,2369,9995,127999,503612,11.36,12:00
2018,11,2018-11-01,X,TechBrasil,Tecnologia,Carrossel,855602,31306,3298,8405,361745,369310,10.49,18:00
2018,12,2018-12-01,YouTube,ModaHoje,Entretenimento,Imagem,707962,46750,4946,4986,974083,1266213,7.17,12:00
2018,12,2018-12-01,X,ModaHoje,Educação,Stories,833622,3381,4992,4665,711507,246474,5.15,12:00
2018,12,2018-12-01,LinkedIn,TechBrasil,Games,Imagem,7642,71756,650,1496,1958807,585693,5.81,08:00
2018,12,2018-12-01,Instagram,EducaOnline,Educação,Carrossel,827974,52023,3462,9444,71033,1308225,8.81,12:00
2018,12,2018-12-01,LinkedIn,ModaHoje,Games,Imagem,239104,54100,101,3322,645401,1496522,9.95,12:00
2018,12,2018-12-01,Instagram,TechBrasil,Entretenimento,Carrossel,697132,48271,3392,1133,410119,622621,6.43,08:00
2018,12,2018-12-01,TikTok,EducaOnline,Tecnologia,Stories,680719,55754,4985,9914,1000878,860738,5.76,21:00
2018,12,2018-12-01,LinkedIn,TechBrasil,Educação,Carrossel,60701,25161,3636,1591,1745244,2384174,1.35,08:00
2018,12,2018-12-01,Facebook,TechBrasil,Games,Vídeo,305562,64847,3411,5311,849230,131020,5.49,12:00
2018,12,2018-12-01,YouTube,EducaOnline,Tecnologia,Vídeo,257665,49554,440,3027,489276,292518,3.34,21:00
2018,12,2018-12-01,Facebook,GamesBR,Games,Live,11079,35488,2004,6639,1231757,621134,6.86,12:00
2018,12,2018-12-01,YouTube,TechBrasil,Educação,Carrossel,781751,47672,1885,8946,658612,1601385,8.8,21:00
2018,12,2018-12-01,Instagram,ModaHoje,Tecnologia,Carrossel,739664,50866,707,8933,797908,457795,6.02,18:00
2018,12,2018-12-01,YouTube,TechBrasil,Games,Live,372829,39260,3876,5797,838296,688408,6.17,08:00
2018,12,2018-12-01,LinkedIn,GamesBR,Tecnologia,Live,519237,79772,1069,8183,387242,1253677,3.09,21:00
2018,12,2018-12-01,TikTok,ModaHoje,Games,Stories,138190,63042,237,6066,1682123,637557,10.04,21:00
2018,12,2018-12-01,X,GamesBR,Entretenimento,Imagem,335312,61054,2319,1447,203711,1838842,10.08,21:00
2018,12,2018-12-01,LinkedIn,TechBrasil,Entretenimento,Stories,895444,75357,4710,7134,743782,562307,5.6,08:00
2018,12,2018-12-01,Instagram,EducaOnline,Tecnologia,Vídeo,305353,74394,888,140,1165108,1176986,1.46,21:00
2018,12,2018-12-01,Facebook,EducaOnline,Games,Stories,8958,5587,4173,5402,564641,1993816,0.64,08:00
2018,12,2018-12-01,LinkedIn,TechBrasil,Tecnologia,Stories,171990,72877,4108,1572,1032507,2437748,9.23,12:00
2018,12,2018-12-01,LinkedIn,EducaOnline,Games,Live,787306,67285,804,5707,601213,546358,9.47,08:00
2018,12,2018-12-01,YouTube,ModaHoje,Entretenimento,Live,292850,14345,2130,3316,442114,2048515,2.27,21:00
2018,12,2018-12-01,Instagram,EducaOnline,Games,Vídeo,743247,60748,3815,4297,1383388,485342,6.14,18:00
2018,12,2018-12-01,TikTok,GamesBR,Educação,Stories,897015,39403,4860,7549,1253277,1537274,3.19,08:00
2018,12,2018-12-01,YouTube,EducaOnline,Entretenimento,Carrossel,759043,42166,4135,7375,679583,1763354,10.45,08:00
2018,12,2018-12-01,LinkedIn,GamesBR,Entretenimento,Stories,236220,67255,4679,7386,1288292,516895,1.78,21:00
2018,12,2018-12-01,TikTok,GamesBR,Games,Carrossel,880009,74362,4989,6627,1340684,1927834,10.25,12:00
2018,12,2018-12-01,TikTok,EducaOnline,Educação,Vídeo,434210,73093,2854,3459,1085752,98290,1.74,18:00
2018,12,2018-12-01,Instagram,TechBrasil,Educação,Imagem,863851,7240,3098,2993,660708,1119142,6.26,18:00
2018,12,2018-12-01,YouTube,ModaHoje,Games,Live,237973,53675,1234,9419,1555400,1348890,2.91,18:00
2018,12,2018-12-01,TikTok,ModaHoje,Educação,Stories,514377,45177,2686,6080,610388,2134216,9.67,21:00
2018,12,2018-12-01,Instagram,EducaOnline,Tecnologia,Stories,337685,58029,3805,7818,1487183,531285,3.76,08:00
2018,12,2018-12-01,Instagram,GamesBR,Tecnologia,Vídeo,530091,72822,449,339,1687260,1885801,2.49,12:00
2018,12,2018-12-01,LinkedIn,EducaOnline,Entretenimento,Vídeo,688291,45002,273,7100,277286,2299824,6.33,18:00
2018,12,2018-12-01,X,TechBrasil,Games,Stories,557754,39157,4929,8234,1258181,1841658,2.75,21:00
2018,12,2018-12-01,X,TechBrasil,Entretenimento,Stories,272073,62998,2904,61,1875658,795133,1.96,08:00
2019,1,2019-01-01,Facebook,EducaOnline,Entretenimento,Live,258940,46508,1921,9939,42870,570226,9.48,12:00
2019,1,2019-01-01,YouTube,EducaOnline,Educação,Live,616012,51528,1179,2153,414125,831867,11.92,21:00
2019,1,2019-01-01,TikTok,TechBrasil,Tecnologia,Vídeo,333259,13054,674,1604,1578677,1236296,9.08,18:00
2019,1,2019-01-01,Facebook,TechBrasil,Tecnologia,Carrossel,630717,45971,2152,5554,1908549,1308182,7.59,18:00
2019,1,2019-01-01,YouTube,GamesBR,Educação,Imagem,110926,16941,1054,1751,861068,2042495,10.37,21:00
2019,1,2019-01-01,TikTok,ModaHoje,Tecnologia,Live,847854,25770,2253,5373,1101417,794768,3.28,12:00
2019,1,2019-01-01,X,EducaOnline,Educação,Imagem,139688,62456,4511,5163,589795,581891,3.65,21:00
2019,1,2019-01-01,Instagram,EducaOnline,Educação,Carrossel,556532,29058,905,783,1918115,375551,5.38,18:00
2019,1,2019-01-01,YouTube,EducaOnline,Games,Imagem,817746,10028,1470,5616,67605,1694759,1.22,12:00
2019,1,2019-01-01,Facebook,TechBrasil,Tecnologia,Live,724524,46866,4035,6784,634612,1235526,2.19,21:00
2019,1,2019-01-01,YouTube,GamesBR,Games,Stories,682917,37083,1100,8498,740468,2355942,3.48,12:00
2019,1,2019-01-01,LinkedIn,ModaHoje,Tecnologia,Vídeo,657539,63102,3792,7375,676695,2499173,7.15,08:00
2019,1,2019-01-01,LinkedIn,GamesBR,Educação,Live,558109,6231,279,1297,1703033,658980,11.21,12:00
2019,1,2019-01-01,TikTok,GamesBR,Entretenimento,Vídeo,366582,37299,4737,6562,1811963,396117,1.44,08:00
2019,1,2019-01-01,TikTok,EducaOnline,Tecnologia,Stories,245691,67886,2984,9644,1146365,710843,6.36,21:00
2019,1,2019-01-01,LinkedIn,ModaHoje,Educação,Imagem,36081,15475,3939,4626,1116187,166587,1.92,21:00
2019,1,2019-01-01,YouTube,TechBrasil,Entretenimento,Carrossel,281335,2499,1748,3151,389051,411398,3.73,12:00
2019,1,2019-01-01,Instagram,ModaHoje,Educação,Live,979924,58701,1040,8201,1816487,979605,5.36,21:00
2019,1,2019-01-01,Instagram,EducaOnline,Games,Stories,845810,5290,634,1392,244571,782657,1.09,12:00
2019,1,2019-01-01,YouTube,ModaHoje,Entretenimento,Live,285640,13965,2783,3139,61662,206356,7.7,12:00
2019,1,2019-01-01,LinkedIn,TechBrasil,Educação,Imagem,418914,75603,4249,7054,811226,1162536,4.3,08:00
2019,1,2019-01-01,TikTok,TechBrasil,Games,Imagem,369761,61572,1974,8789,1910492,929226,3.91,21:00
2019,1,2019-01-01,X,ModaHoje,Tecnologia,Imagem,430489,28230,2517,2703,784045,1411611,10.46,21:00
2019,1,2019-01-01,LinkedIn,GamesBR,Entretenimento,Live,189226,72984,4736,694,1305562,473542,11.98,08:00
2019,1,2019-01-01,TikTok,GamesBR,Educação,Stories,599810,52098,584,1069,466412,2042753,8.36,18:00
2019,1,2019-01-01,Instagram,GamesBR,Tecnologia,Live,665665,48485,3347,6182,1976651,604065,6.15,12:00
2019,1,2019-01-01,Facebook,EducaOnline,Games,Carrossel,576931,22300,4577,8562,174983,2088230,7.34,18:00
2019,1,2019-01-01,TikTok,EducaOnline,Entretenimento,Carrossel,567778,71826,4460,274,1375732,305893,6.26,12:00
2019,1,2019-01-01,YouTube,GamesBR,Tecnologia,Vídeo,31181,57513,311,1356,665390,1010959,8.59,18:00
2019,1,2019-01-01,Instagram,TechBrasil,Tecnologia,Vídeo,855234,47109,3834,8776,1570394,2033250,5.09,08:00
2019,1,2019-01-01,Facebook,EducaOnline,Tecnologia,Imagem,228421,32170,3857,7850,1980312,1591122,5.22,12:00
2019,1,2019-01-01,X,ModaHoje,Educação,Imagem,791089,35149,3193,2335,316830,2045313,3.93,12:00
2019,1,2019-01-01,Facebook,EducaOnline,Entretenimento,Live,296566,28675,2830,77,741768,274024,7.94,18:00
2019,1,2019-01-01,YouTube,EducaOnline,Tecnologia,Live,773266,3439,1211,1824,965522,438235,7.25,12:00
2019,1,2019-01-01,X,TechBrasil,Tecnologia,Carrossel,245375,17720,4725,1947,1674228,1470146,2.41,21:00
2019,1,2019-01-01,Facebook,GamesBR,Entretenimento,Carrossel,2752,11538,1506,9293,456498,871061,6.52,21:00
2019,1,2019-01-01,TikTok,EducaOnline,Tecnologia,Vídeo,62206,34894,4091,8363,1707193,1262854,11.92,18:00
2019,2,2019-02-01,X,EducaOnline,Educação,Imagem,144883,48289,4541,4128,1484980,1394468,2.93,21:00
2019,2,2019-02-01,Instagram,GamesBR,Educação,Vídeo,837181,47348,1195,3841,871346,729047,6.37,12:00
2019,2,2019-02-01,Facebook,TechBrasil,Entretenimento,Stories,419259,69278,1899,3192,1787606,1602157,7.27,12:00
2019,2,2019-02-01,X,GamesBR,Tecnologia,Live,194695,55558,4783,6867,677727,1986437,6.5,12:00
2019,2,2019-02-01,Facebook,EducaOnline,Games,Carrossel,184162,65678,2991,7864,196304,2013269,9.47,21:00
2019,2,2019-02-01,Facebook,EducaOnline,Tecnologia,Live,552069,63026,50,8987,143332,1023351,1.42,12:00
2019,2,2019-02-01,TikTok,GamesBR,Games,Stories,935211,79486,2886,2355,266944,583496,5.03,08:00
2019,2,2019-02-01,TikTok,TechBrasil,Tecnologia,Carrossel,386268,5659,4307,9937,1779045,1239560,3.99,12:00
2019,2,2019-02-01,LinkedIn,GamesBR,Entretenimento,Carrossel,673400,58459,983,3627,1314640,804453,6.32,18:00
2019,2,2019-02-01,X,EducaOnline,Games,Vídeo,486798,65318,3110,4445,599179,2388099,2.75,21:00
2019,2,2019-02-01,Instagram,ModaHoje,Games,Live,906597,58567,1316,80,938310,1452395,5.01,18:00
2019,2,2019-02-01,Instagram,ModaHoje,Tecnologia,Carrossel,875186,56929,2771,4401,262102,1796130,3.24,08:00
2019,2,2019-02-01,YouTube,GamesBR,Entretenimento,Live,240664,29897,1778,8622,159294,1786467,0.66,18:00
2019,2,2019-02-01,TikTok,EducaOnline,Educação,Live,273268,35196,1250,496,1049802,547082,2.17,12:00
2019,2,2019-02-01,TikTok,GamesBR,Entretenimento,Stories,485123,61146,174,1460,975328,177007,1.29,18:00
2019,2,2019-02-01,Facebook,EducaOnline,Entretenimento,Live,298686,40732,3619,8927,1561691,1220185,10.05,08:00
2019,2,2019-02-01,YouTube,GamesBR,Educação,Stories,701854,41313,775,4225,952880,1368762,2.81,12:00
2019,2,2019-02-01,LinkedIn,GamesBR,Games,Vídeo,996861,71117,845,832,1386543,1305291,7.76,12:00
2019,2,2019-02-01,Instagram,EducaOnline,Tecnologia,Carrossel,410893,14340,4180,3630,1463924,1779191,9.85,18:00
2019,2,2019-02-01,X,EducaOnline,Educação,Stories,188832,9653,3385,1233,543078,1114226,9.92,12:00
2019,2,2019-02-01,LinkedIn,GamesBR,Educação,Stories,293841,19204,115,9123,471603,541515,8.38,21:00
2019,2,2019-02-01,LinkedIn,TechBrasil,Tecnologia,Vídeo,577380,69799,4096,8692,1601846,389805,7.27,12:00
2019,2,2019-02-01,YouTube,ModaHoje,Educação,Live,635587,17032,803,731,590371,145740,8.35,21:00
2019,2,2019-02-01,Facebook,GamesBR,Educação,Vídeo,598480,61367,3796,2775,1397732,1974370,0.91,21:00
2019,2,2019-02-01,Facebook,ModaHoje,Educação,Vídeo,4646,55859,2450,9028,8650,848577,8.3,21:00
2019,2,2019-02-01,YouTube,GamesBR,Tecnologia,Stories,161826,1109,4015,9886,1984759,577218,5.28,12:00
2019,2,2019-02-01,X,ModaHoje,Games,Carrossel,962323,61415,661,2390,998800,1141620,4.42,21:00
2019,2,2019-02-01,X,EducaOnline,Educação,Vídeo,669628,26248,322,3114,960995,873262,5.26,21:00
2019,2,2019-02-01,Instagram,ModaHoje,Educação,Imagem,639104,15420,3522,6247,32852,886326,1.93,21:00
2019,2,2019-02-01,YouTube,ModaHoje,Entretenimento,Vídeo,388973,44979,149,4088,1970176,1522714,0.52,21:00
2019,2,2019-02-01,LinkedIn,TechBrasil,Entretenimento,Vídeo,927507,68041,453,1064,810579,1365323,8.4,12:00
2019,2,2019-02-01,Instagram,ModaHoje,Games,Live,498802,51375,3518,6459,225495,763236,1.34,12:00
2019,2,2019-02-01,Instagram,GamesBR,Games,Live,268588,52283,1656,4507,1989388,1980391,4.93,08:00
2019,2,2019-02-01,Facebook,EducaOnline,Games,Carrossel,924410,53200,2713,9372,1382330,1637489,10.85,21:00
2019,2,2019-02-01,X,GamesBR,Educação,Carrossel,743667,16743,3851,4975,172986,811435,9.31,21:00
2019,2,2019-02-01,TikTok,ModaHoje,Educação,Stories,254664,8224,1923,3467,1567556,30122,9.82,08:00
2019,2,2019-02-01,LinkedIn,EducaOnline,Entretenimento,Carrossel,645076,64172,2566,7266,402536,320774,4.98,18:00
2019,3,2019-03-01,Instagram,GamesBR,Tecnologia,Vídeo,683268,52304,3397,4867,174399,1690784,10.43,21:00
2019,3,2019-03-01,TikTok,ModaHoje,Games,Carrossel,249736,48654,2367,1356,1354599,1681584,11.25,18:00
2019,3,2019-03-01,YouTube,EducaOnline,Educação,Carrossel,205324,15891,3368,5703,475146,1544414,9.95,08:00
2019,3,2019-03-01,X,TechBrasil,Games,Live,581163,32288,3100,3590,1449275,1449077,7.91,21:00
2019,3,2019-03-01,Facebook,ModaHoje,Educação,Live,2850,26761,4489,6501,933358,690463,8.02,18:00
2019,3,2019-03-01,YouTube,EducaOnline,Educação,Carrossel,605347,42381,1492,2065,749300,2367376,10.06,12:00
2019,3,2019-03-01,YouTube,ModaHoje,Tecnologia,Stories,642040,64230,1797,19,1993686,1190874,5.2,12:00
2019,3,2019-03-01,TikTok,TechBrasil,Educação,Carrossel,640443,14635,2067,5162,1871050,2389488,2.29,12:00
2019,3,2019-03-01,Instagram,TechBrasil,Educação,Vídeo,634352,568,1069,4845,1535978,152054,0.9,21:00
2019,3,2019-03-01,X,ModaHoje,Games,Carrossel,773437,45797,1680,7180,130818,2138364,11.17,18:00
2019,3,2019-03-01,TikTok,ModaHoje,Entretenimento,Imagem,523115,27043,4584,9192,783612,871506,9.11,12:00
2019,3,2019-03-01,Instagram,ModaHoje,Entretenimento,Live,396696,26664,2066,3726,877517,1931243,5.54,18:00
2019,3,2019-03-01,LinkedIn,EducaOnline,Educação,Carrossel,948614,20761,448,4712,1017462,267510,8.36,21:00
2019,3,2019-03-01,Facebook,GamesBR,Educação,Imagem,657744,14208,4766,6234,286815,388904,5.48,18:00
2019,3,2019-03-01,X,ModaHoje,Tecnologia,Live,846354,69800,4981,1042,20410,1229924,4.19,18:00
2019,3,2019-03-01,Facebook,TechBrasil,Games,Vídeo,776476,66567,4339,8407,1862704,1047401,8.13,21:00
2019,3,2019-03-01,TikTok,EducaOnline,Tecnologia,Vídeo,601061,77169,927,9297,73297,1610659,3.31,12:00
2019,3,2019-03-01,LinkedIn,ModaHoje,Entretenimento,Vídeo,43435,65181,3810,6712,1936389,1084422,3.33,21:00
2019,3,2019-03-01,Instagram,ModaHoje,Games,Imagem,136687,58933,3997,6641,1927199,2174973,6.45,08:00
2019,3,2019-03-01,Facebook,ModaHoje,Entretenimento,Carrossel,589920,48893,2087,5846,833246,2077456,8.92,12:00
2019,3,2019-03-01,Instagram,EducaOnline,Entretenimento,Carrossel,646018,34895,2223,4489,1747552,1262810,4.81,21:00
2019,3,2019-03-01,Instagram,GamesBR,Educação,Imagem,289456,14170,2569,989,601095,1005558,2.28,21:00
2019,3,2019-03-01,YouTube,TechBrasil,Tecnologia,Vídeo,526542,49597,1008,8365,1851146,1636744,10.12,08:00
2019,3,2019-03-01,TikTok,TechBrasil,Games,Imagem,152918,27669,1497,8105,1440189,774970,0.85,21:00
2019,3,2019-03-01,Instagram,ModaHoje,Entretenimento,Imagem,700932,23809,4907,4678,1160136,506971,11.37,21:00
2019,3,2019-03-01,Facebook,TechBrasil,Educação,Vídeo,396747,61106,2515,3119,1402429,457473,1.47,21:00
2019,3,2019-03-01,TikTok,TechBrasil,Games,Imagem,826067,12750,3503,5249,96062,1477002,1.95,12:00
2019,3,2019-03-01,Instagram,ModaHoje,Games,Stories,730971,4608,3751,8173,1441640,2101195,0.75,21:00
2019,3,2019-03-01,YouTube,EducaOnline,Games,Carrossel,381088,7502,729,644,1314758,1568499,0.59,12:00
2019,3,2019-03-01,Instagram,EducaOnline,Entretenimento,Live,97964,27502,3279,8860,316989,2270431,2.71,08:00
2019,3,2019-03-01,TikTok,TechBrasil,Entretenimento,Carrossel,646731,40766,2392,5656,1069525,884663,5.58,21:00
2019,3,2019-03-01,X,GamesBR,Games,Stories,999977,75438,4298,735,606780,1505542,10.13,18:00
2019,3,2019-03-01,TikTok,ModaHoje,Entretenimento,Stories,548003,48171,2184,5897,1126614,776459,6.55,21:00
2019,3,2019-03-01,Facebook,GamesBR,Games,Imagem,695325,74301,3570,4516,1752735,1778291,6.97,12:00
2019,3,2019-03-01,Instagram,ModaHoje,Educação,Imagem,370571,66621,2326,2951,928535,1619126,2.61,12:00
2019,3,2019-03-01,X,EducaOnline,Entretenimento,Carrossel,959242,50765,499,6843,1898041,900715,3.97,12:00
2019,3,2019-03-01,Facebook,GamesBR,Tecnologia,Stories,175221,21184,134,969,668756,642124,5.09,08:00
2019,4,2019-04-01,Facebook,GamesBR,Educação,Live,297454,70327,1171,2928,264525,976055,6.58,21:00
2019,4,2019-04-01,YouTube,EducaOnline,Games,Imagem,241426,60906,671,2067,798803,222569,7.7,12:00
2019,4,2019-04-01,LinkedIn,ModaHoje,Entretenimento,Carrossel,607023,70061,3033,8478,1132730,977691,4.51,08:00
2019,4,2019-04-01,X,ModaHoje,Tecnologia,Live,99919,33534,132,8917,249116,1544791,6.95,12:00
2019,4,2019-04-01,LinkedIn,GamesBR,Games,Live,410407,79093,1834,5860,1904943,1289609,10.88,12:00
2019,4,2019-04-01,TikTok,EducaOnline,Educação,Vídeo,572196,8982,1162,7808,1790604,1548733,6.91,12:00
2019,4,2019-04-01,Instagram,ModaHoje,Tecnologia,Live,175761,55533,4512,6805,1675660,1382646,1.62,08:00
2019,4,2019-04-01,LinkedIn,TechBrasil,Tecnologia,Stories,944854,16482,2269,4450,1682295,542268,9.73,21:00
2019,4,2019-04-01,LinkedIn,GamesBR,Educação,Carrossel,25766,71072,1405,5966,801461,1103469,2.73,12:00
2019,4,2019-04-01,YouTube,GamesBR,Games,Live,927612,11687,818,6257,406378,1934446,3.51,12:00
2019,4,2019-04-01,LinkedIn,GamesBR,Entretenimento,Live,359015,170,3716,52,1022026,1197903,2.74,12:00
2019,4,2019-04-01,Instagram,EducaOnline,Educação,Carrossel,341918,15494,4019,9348,1088039,2223717,8.82,08:00
2019,4,2019-04-01,YouTube,EducaOnline,Educação,Live,624832,61120,2476,6542,1206837,1205030,7.94,12:00
2019,4,2019-04-01,YouTube,EducaOnline,Educação,Carrossel,603580,7280,587,1653,612688,2047582,8.92,21:00
2019,4,2019-04-01,X,TechBrasil,Tecnologia,Stories,337187,41664,1607,6776,549743,1705374,1.95,18:00
2019,4,2019-04-01,YouTube,GamesBR,Educação,Stories,471915,63293,1204,9410,1187329,944128,1.24,08:00
2019,4,2019-04-01,X,GamesBR,Games,Imagem,470907,72652,4923,8756,1004235,2368283,4.42,18:00
2019,4,2019-04-01,LinkedIn,EducaOnline,Games,Live,400578,36512,3879,487,1292229,906320,11.24,21:00
2019,4,2019-04-01,YouTube,EducaOnline,Tecnologia,Live,28313,64045,1231,4456,1717475,2172417,0.96,18:00
2019,4,2019-04-01,Facebook,EducaOnline,Games,Imagem,325478,29840,52,4227,1673497,903690,1.05,08:00
2019,4,2019-04-01,Facebook,EducaOnline,Games,Carrossel,685995,56081,738,7387,1408197,1696555,2.0,08:00
2019,4,2019-04-01,LinkedIn,GamesBR,Games,Stories,938199,63070,1189,6418,105348,1141766,0.58,18:00
2019,4,2019-04-01,Instagram,EducaOnline,Tecnologia,Stories,815928,12882,4663,9409,766339,2335957,3.6,21:00
2019,4,2019-04-01,LinkedIn,TechBrasil,Games,Carrossel,488062,18029,1367,2652,1120016,230758,10.21,08:00
2019,4,2019-04-01,YouTube,TechBrasil,Entretenimento,Live,406753,13873,2584,1012,1056708,2327617,11.49,18:00
2019,4,2019-04-01,LinkedIn,ModaHoje,Games,Imagem,184423,23984,912,4725,128791,1602835,10.1,08:00
2019,4,2019-04-01,LinkedIn,GamesBR,Tecnologia,Carrossel,673648,59534,3373,1373,7311,1004092,6.39,12:00
2019,4,2019-04-01,LinkedIn,ModaHoje,Entretenimento,Imagem,602544,52995,500,6118,236647,347584,3.32,12:00
2019,4,2019-04-01,YouTube,GamesBR,Educação,Carrossel,9260,18153,1624,1872,890834,1050886,1.73,12:00
2019,4,2019-04-01,LinkedIn,ModaHoje,Entretenimento,Stories,582272,69543,3041,2503,1964952,35736,5.95,18:00
2019,4,2019-04-01,YouTube,GamesBR,Educação,Live,481580,33130,1991,6571,551975,802238,4.03,12:00
2019,4,2019-04-01,LinkedIn,TechBrasil,Tecnologia,Stories,28617,17830,36,5388,1084656,2353435,6.12,12:00
2019,4,2019-04-01,Facebook,TechBrasil,Games,Stories,174538,37296,1623,3416,1946392,1653328,8.52,08:00
2019,4,2019-04-01,Facebook,ModaHoje,Educação,Vídeo,934929,2484,3395,4426,1515886,163798,11.39,21:00
2019,4,2019-04-01,LinkedIn,EducaOnline,Games,Live,68595,33644,4119,9292,1448835,27479,0.92,21:00
2019,4,2019-04-01,LinkedIn,ModaHoje,Educação,Live,899245,44860,1040,5344,1847830,2021025,5.03,12:00
2019,4,2019-04-01,X,ModaHoje,Entretenimento,Carrossel,556703,53065,2507,2509,63361,369752,9.39,12:00
2019,5,2019-05-01,X,TechBrasil,Tecnologia,Stories,502085,9462,786,9227,1711153,2187794,8.82,21:00
2019,5,2019-05-01,TikTok,GamesBR,Entretenimento,Imagem,868264,75132,2264,2506,1206472,689032,1.71,12:00
2019,5,2019-05-01,X,TechBrasil,Tecnologia,Stories,84304,67681,1926,3106,1178462,249415,10.76,21:00
2019,5,2019-05-01,YouTube,TechBrasil,Tecnologia,Vídeo,93449,10748,3540,3648,1643574,1009770,8.55,12:00
2019,5,2019-05-01,TikTok,TechBrasil,Tecnologia,Imagem,985732,8296,1673,2897,1261681,2014629,8.64,18:00
2019,5,2019-05-01,YouTube,ModaHoje,Entretenimento,Vídeo,144097,3180,4032,3645,15093,577316,4.53,08:00
2019,5,2019-05-01,Instagram,EducaOnline,Educação,Imagem,917840,50365,1000,6305,1807317,1375037,8.2,08:00
2019,5,2019-05-01,LinkedIn,EducaOnline,Tecnologia,Stories,305439,22098,2128,4669,451133,1602711,5.22,08:00
2019,5,2019-05-01,Instagram,ModaHoje,Educação,Live,895969,16037,2570,24,413764,1149459,1.66,18:00
2019,5,2019-05-01,YouTube,EducaOnline,Tecnologia,Carrossel,805469,997,4205,6306,1676358,2159216,8.12,18:00
2019,5,2019-05-01,LinkedIn,GamesBR,Tecnologia,Carrossel,138934,9676,1455,8604,1169300,767940,8.2,12:00
2019,5,2019-05-01,TikTok,TechBrasil,Educação,Stories,597754,40931,491,4598,647602,1540091,4.28,18:00
2019,5,2019-05-01,Facebook,ModaHoje,Games,Imagem,475055,69050,1784,4554,632504,1151845,10.87,08:00
2019,5,2019-05-01,TikTok,EducaOnline,Games,Imagem,516924,42488,669,7822,462640,979210,3.38,08:00
2019,5,2019-05-01,Instagram,EducaOnline,Entretenimento,Carrossel,166946,1165,4827,6549,1615431,1637617,10.28,08:00
2019,5,2019-05-01,TikTok,EducaOnline,Tecnologia,Stories,964273,70403,859,5170,1986708,1889093,8.54,08:00
2019,5,2019-05-01,YouTube,EducaOnline,Entretenimento,Carrossel,598822,61263,4554,6830,743430,1667107,7.75,21:00
2019,5,2019-05-01,Instagram,EducaOnline,Entretenimento,Vídeo,880631,60185,4908,6749,532267,712293,1.58,18:00
2019,5,2019-05-01,Instagram,EducaOnline,Games,Imagem,452931,51705,2198,863,1175850,817740,4.03,12:00
2019,5,2019-05-01,LinkedIn,TechBrasil,Educação,Stories,580159,42964,330,5914,1127506,1354757,10.37,08:00
2019,5,2019-05-01,Facebook,GamesBR,Entretenimento,Live,148738,16159,1619,5885,1650134,1620895,0.59,18:00
2019,5,2019-05-01,TikTok,ModaHoje,Games,Imagem,595503,15339,1072,528,1487319,1832436,7.5,21:00
2019,5,2019-05-01,YouTube,EducaOnline,Games,Stories,311844,27500,3073,9285,780375,2207839,5.77,12:00
2019,5,2019-05-01,TikTok,EducaOnline,Educação,Vídeo,774496,65937,502,2118,421976,1412899,2.32,08:00
2019,5,2019-05-01,TikTok,TechBrasil,Entretenimento,Stories,758495,27023,461,8795,201934,417825,9.36,12:00
2019,5,2019-05-01,YouTube,EducaOnline,Entretenimento,Carrossel,459550,57595,2419,2265,973914,1630211,2.48,21:00
2019,5,2019-05-01,TikTok,GamesBR,Educação,Vídeo,291710,17102,2690,9871,763705,1042791,4.89,08:00
2019,5,2019-05-01,Instagram,ModaHoje,Tecnologia,Imagem,791048,42840,1546,8352,1248473,2279636,5.39,08:00
2019,5,2019-05-01,YouTube,ModaHoje,Tecnologia,Live,205809,69017,4043,2386,860456,883634,1.53,08:00
2019,5,2019-05-01,YouTube,ModaHoje,Entretenimento,Vídeo,137171,26374,1296,8476,1951988,1806440,10.83,12:00
2019,5,2019-05-01,TikTok,ModaHoje,Entretenimento,Vídeo,304582,41670,1036,2300,411159,379480,10.34,18:00
2019,5,2019-05-01,X,TechBrasil,Tecnologia,Live,290544,66348,4770,5217,364672,2026444,3.01,12:00
2019,5,2019-05-01,TikTok,GamesBR,Educação,Vídeo,59981,73876,4032,2483,99542,1649048,3.32,18:00
2019,5,2019-05-01,LinkedIn,EducaOnline,Entretenimento,Stories,515261,2347,1530,8891,1287801,2189271,3.17,18:00
2019,5,2019-05-01,TikTok,TechBrasil,Tecnologia,Imagem,115452,36011,2015,9696,1204975,1119621,4.33,18:00
2019,5,2019-05-01,LinkedIn,TechBrasil,Educação,Imagem,63283,15393,3550,4764,1549612,1566086,8.51,12:00
2019,5,2019-05-01,Instagram,EducaOnline,Entretenimento,Carrossel,298746,15579,536,9178,936554,2276057,7.02,12:00
2019,6,2019-06-01,YouTube,ModaHoje,Tecnologia,Carrossel,674915,35539,666,4803,972240,641861,5.6,18:00
2019,6,2019-06-01,Facebook,EducaOnline,Educação,Vídeo,718880,32844,3520,5132,1747796,2093119,1.19,18:00
2019,6,2019-06-01,X,ModaHoje,Tecnologia,Live,890033,49607,1122,6744,890579,1680429,0.56,08:00
2019,6,2019-06-01,Facebook,ModaHoje,Tecnologia,Carrossel,232001,77013,1422,5212,372883,115209,6.37,21:00
2019,6,2019-06-01,YouTube,GamesBR,Tecnologia,Imagem,511720,2928,2102,1692,770479,258867,1.47,12:00
2019,6,2019-06-01,LinkedIn,EducaOnline,Entretenimento,Stories,270605,79810,36,7541,940972,482504,8.08,18:00
2019,6,2019-06-01,YouTube,TechBrasil,Games,Carrossel,783908,38593,4006,8043,1306244,1712807,0.98,18:00
2019,6,2019-06-01,LinkedIn,TechBrasil,Tecnologia,Imagem,942320,5692,160,3487,871103,1914001,4.19,21:00
2019,6,2019-06-01,YouTube,TechBrasil,Tecnologia,Imagem,266371,1351,2989,302,863356,732030,0.89,08:00
2019,6,2019-06-01,Instagram,EducaOnline,Entretenimento,Vídeo,995463,6109,34,9305,1692483,1413388,1.42,21:00
2019,6,2019-06-01,TikTok,TechBrasil,Educação,Stories,625496,64114,2174,9509,1614601,247386,1.42,12:00
2019,6,2019-06-01,TikTok,EducaOnline,Games,Stories,832491,4318,1733,2723,89374,2478405,2.85,12:00
2019,6,2019-06-01,LinkedIn,GamesBR,Educação,Carrossel,279246,9086,2558,9998,1735582,2262411,0.57,18:00
2019,6,2019-06-01,X,GamesBR,Tecnologia,Live,251980,6727,1210,7372,758939,1747074,9.67,18:00
2019,6,2019-06-01,TikTok,ModaHoje,Games,Stories,325073,12051,2412,4532,519794,2478969,5.77,08:00
2019,6,2019-06-01,Facebook,TechBrasil,Tecnologia,Vídeo,841164,35906,2547,1707,759368,1022271,8.11,12:00
2019,6,2019-06-01,TikTok,GamesBR,Tecnologia,Vídeo,238984,52114,3987,8534,393092,562265,2.25,21:00
2019,6,2019-06-01,Facebook,EducaOnline,Educação,Vídeo,985399,42665,2733,7162,1722278,796031,11.55,21:00
2019,6,2019-06-01,X,EducaOnline,Educação,Imagem,68067,60837,2547,7893,410526,2082639,7.06,18:00
2019,6,2019-06-01,X,ModaHoje,Educação,Carrossel,430943,57658,3622,2172,553937,324652,10.02,21:00
2019,6,2019-06-01,LinkedIn,TechBrasil,Games,Imagem,591003,74187,2691,5180,385405,2238732,7.41,18:00
2019,6,2019-06-01,X,GamesBR,Entretenimento,Stories,616550,10653,2907,6978,837374,395316,1.99,18:00
2019,6,2019-06-01,Instagram,EducaOnline,Entretenimento,Vídeo,124814,44350,200,5455,1868050,192229,3.73,21:00
2019,6,2019-06-01,Instagram,TechBrasil,Games,Vídeo,392991,39017,291,3681,1112217,1086226,1.83,18:00
2019,6,2019-06-01,Instagram,EducaOnline,Tecnologia,Live,92363,76044,4400,6977,1873770,1581082,6.45,18:00
2019,6,2019-06-01,Facebook,ModaHoje,Educação,Stories,718355,23456,452,1573,948549,669082,3.23,18:00
2019,6,2019-06-01,LinkedIn,ModaHoje,Educação,Vídeo,549673,72317,3069,5045,1502083,590666,8.63,08:00
2019,6,2019-06-01,TikTok,GamesBR,Educação,Live,732902,43589,4691,6672,218858,1241475,6.7,08:00
2019,6,2019-06-01,X,GamesBR,Entretenimento,Vídeo,204677,21772,2412,7205,270554,806635,10.71,12:00
2019,6,2019-06-01,X,GamesBR,Tecnologia,Vídeo,461111,1128,932,394,1787706,2199595,5.07,08:00
2019,6,2019-06-01,TikTok,TechBrasil,Tecnologia,Vídeo,96314,36204,2499,9777,250718,1057387,2.32,08:00
2019,6,2019-06-01,X,GamesBR,Tecnologia,Carrossel,767172,29869,4446,3966,767945,433223,8.33,08:00
2019,6,2019-06-01,LinkedIn,GamesBR,Entretenimento,Vídeo,178400,4847,851,3887,953923,2030302,8.81,08:00
2019,6,2019-06-01,TikTok,TechBrasil,Entretenimento,Imagem,318948,8048,2734,1442,227337,915602,1.29,12:00
2019,6,2019-06-01,X,ModaHoje,Games,Vídeo,223520,36513,1135,2741,1021457,396238,9.36,21:00
2019,6,2019-06-01,LinkedIn,TechBrasil,Tecnologia,Imagem,730613,56899,2804,8867,1643908,2167483,6.8,18:00
2019,6,2019-06-01,TikTok,ModaHoje,Entretenimento,Stories,469154,3100,1393,2308,1186283,638826,9.54,08:00
2019,7,2019-07-01,X,EducaOnline,Educação,Carrossel,731135,69541,4238,7986,260536,2409571,1.4,12:00
2019,7,2019-07-01,LinkedIn,EducaOnline,Educação,Carrossel,745243,27405,548,2774,1351235,442827,3.3,21:00
2019,7,2019-07-01,LinkedIn,GamesBR,Educação,Live,611824,52778,4357,9821,324221,1552038,7.59,21:00
2019,7,2019-07-01,LinkedIn,GamesBR,Entretenimento,Live,662845,17789,4580,9338,1076162,2071423,7.97,18:00
2019,7,2019-07-01,TikTok,GamesBR,Tecnologia,Imagem,674773,70794,3685,9561,1078165,1455119,6.55,18:00
2019,7,2019-07-01,Instagram,TechBrasil,Tecnologia,Imagem,469887,47872,3620,7514,269551,2499265,3.47,12:00
2019,7,2019-07-01,Instagram,ModaHoje,Tecnologia,Vídeo,26908,12267,4577,5762,1079841,1247950,11.22,08:00
2019,7,2019-07-01,Instagram,TechBrasil,Tecnologia,Carrossel,656781,66856,320,3940,1321940,149440,10.79,08:00
2019,7,2019-07-01,LinkedIn,ModaHoje,Tecnologia,Carrossel,631250,11257,4000,831,1051901,2061443,11.65,08:00
2019,7,2019-07-01,TikTok,EducaOnline,Entretenimento,Imagem,610146,30700,1218,5429,1873571,2022933,2.67,12:00
2019,7,2019-07-01,LinkedIn,GamesBR,Tecnologia,Imagem,681416,55976,1561,4762,21166,1586883,5.03,18:00
2019,7,2019-07-01,TikTok,ModaHoje,Entretenimento,Carrossel,745140,75005,4536,7225,540195,663952,7.75,18:00
2019,7,2019-07-01,X,TechBrasil,Entretenimento,Carrossel,861378,6048,1824,9731,1296849,1400663,0.89,12:00
2019,7,2019-07-01,Instagram,EducaOnline,Entretenimento,Imagem,770896,4609,2035,4286,426968,1736351,11.69,21:00
2019,7,2019-07-01,TikTok,ModaHoje,Educação,Imagem,863475,6896,4588,4450,1691684,566679,8.68,21:00
2019,7,2019-07-01,LinkedIn,GamesBR,Entretenimento,Imagem,85513,28047,2760,6307,929863,1500945,3.2,21:00
2019,7,2019-07-01,LinkedIn,EducaOnline,Games,Stories,254470,77302,2931,8272,1394675,1865122,6.63,12:00
2019,7,2019-07-01,X,TechBrasil,Entretenimento,Stories,227624,25796,4918,3774,84659,2396528,9.15,21:00
2019,7,2019-07-01,TikTok,GamesBR,Tecnologia,Vídeo,225120,49860,1453,9541,1713601,2343221,2.42,12:00
2019,7,2019-07-01,LinkedIn,EducaOnline,Games,Stories,583682,31211,3254,6195,1655429,2372523,7.14,08:00
2019,7,2019-07-01,X,EducaOnline,Entretenimento,Imagem,357546,79566,4544,7008,798282,1857267,4.49,08:00
2019,7,2019-07-01,LinkedIn,ModaHoje,Games,Imagem,67923,55296,722,138,1030433,299125,5.52,18:00
2019,7,2019-07-01,Instagram,EducaOnline,Educação,Stories,497244,23806,1149,9307,1521883,150659,6.48,08:00
2019,7,2019-07-01,Instagram,EducaOnline,Entretenimento,Stories,733425,68926,1157,6770,613908,24514,10.31,18:00
2019,7,2019-07-01,TikTok,EducaOnline,Tecnologia,Carrossel,591767,21818,154,6323,741043,2415319,9.34,21:00
2019,7,2019-07-01,X,TechBrasil,Tecnologia,Stories,492153,19352,1460,1300,1728228,480320,8.77,21:00
2019,7,2019-07-01,Instagram,TechBrasil,Tecnologia,Live,715723,77206,1782,4982,1707017,1213191,3.9,08:00
2019,7,2019-07-01,X,TechBrasil,Educação,Stories,117344,2757,729,1078,999176,1301100,2.1,18:00
2019,7,2019-07-01,YouTube,TechBrasil,Games,Stories,459861,11177,4769,4884,327051,19213,4.07,21:00
2019,7,2019-07-01,Facebook,EducaOnline,Educação,Stories,872399,9124,175,3167,1291463,1478609,8.95,21:00
2019,7,2019-07-01,YouTube,EducaOnline,Games,Live,843915,382,3840,2139,1132719,1751855,7.77,12:00
2019,7,2019-07-01,Facebook,TechBrasil,Tecnologia,Live,557025,3835,2855,969,1095004,832521,8.7,21:00
2019,7,2019-07-01,X,GamesBR,Tecnologia,Stories,603131,25785,3454,6489,99254,809039,1.83,12:00
2019,7,2019-07-01,LinkedIn,GamesBR,Games,Live,961312,38098,631,540,1093084,1772954,1.26,21:00
2019,7,2019-07-01,X,TechBrasil,Tecnologia,Imagem,33191,61355,431,7451,456489,1475016,9.9,12:00
2019,7,2019-07-01,YouTube,GamesBR,Entretenimento,Imagem,632171,19210,1749,9285,1558424,1087874,8.52,21:00
2019,7,2019-07-01,X,TechBrasil,Games,Imagem,351588,34382,2294,7650,1602874,352485,2.59,12:00
2019,8,2019-08-01,YouTube,GamesBR,Entretenimento,Stories,898777,72508,3079,437,251422,1107935,10.31,18:00
2019,8,2019-08-01,Instagram,GamesBR,Tecnologia,Carrossel,333654,75629,3341,8213,1748293,2013922,7.84,08:00
2019,8,2019-08-01,Instagram,TechBrasil,Games,Stories,230538,24221,4870,6174,1886669,1685348,3.22,21:00
2019,8,2019-08-01,TikTok,GamesBR,Tecnologia,Live,676615,10821,2712,9179,1978559,2342958,5.48,08:00
2019,8,2019-08-01,X,GamesBR,Entretenimento,Vídeo,908983,56087,1142,3102,1496904,555875,0.73,18:00
2019,8,2019-08-01,X,TechBrasil,Tecnologia,Vídeo,765662,42783,3773,2763,1378922,990639,4.57,18:00
2019,8,2019-08-01,YouTube,GamesBR,Games,Imagem,807837,65363,2236,6690,440826,1852686,7.59,12:00
2019,8,2019-08-01,Facebook,EducaOnline,Tecnologia,Live,587458,67027,3247,3093,57204,509213,3.89,21:00
2019,8,2019-08-01,Instagram,GamesBR,Tecnologia,Imagem,844579,65925,1925,3077,1769764,1778359,6.3,08:00
2019,8,2019-08-01,LinkedIn,GamesBR,Tecnologia,Carrossel,525239,42587,1152,9669,483167,271218,4.94,12:00
2019,8,2019-08-01,X,TechBrasil,Tecnologia,Vídeo,792269,54973,1788,2381,1405905,68402,4.59,18:00
2019,8,2019-08-01,X,ModaHoje,Entretenimento,Vídeo,174638,3768,761,2193,1122340,106162,3.68,21:00
2019,8,2019-08-01,Instagram,EducaOnline,Entretenimento,Imagem,688107,66854,3832,5999,1764691,1135646,9.32,18:00
2019,8,2019-08-01,Instagram,GamesBR,Entretenimento,Imagem,246109,1799,58,6101,1071782,1056147,1.74,08:00
2019,8,2019-08-01,X,EducaOnline,Tecnologia,Carrossel,925573,5421,4767,3539,782155,2012825,4.56,18:00
2019,8,2019-08-01,LinkedIn,EducaOnline,Educação,Carrossel,623361,41325,363,7506,1774156,457299,4.84,08:00
2019,8,2019-08-01,LinkedIn,ModaHoje,Games,Live,282717,33018,2059,4473,671702,832658,0.7,12:00
2019,8,2019-08-01,TikTok,EducaOnline,Tecnologia,Carrossel,450328,42373,2477,1096,753523,2308986,9.02,08:00
2019,8,2019-08-01,LinkedIn,TechBrasil,Educação,Stories,377875,60231,625,6900,1142259,1499380,3.75,18:00
2019,8,2019-08-01,YouTube,EducaOnline,Tecnologia,Live,447971,67379,4258,5550,1367645,2419129,3.43,18:00
2019,8,2019-08-01,LinkedIn,GamesBR,Tecnologia,Live,325690,67481,3829,5986,1372123,2002264,10.19,08:00
2019,8,2019-08-01,Facebook,GamesBR,Educação,Stories,214986,35692,4860,2259,48904,642957,2.15,08:00
2019,8,2019-08-01,X,GamesBR,Tecnologia,Carrossel,56998,63744,1301,2658,192609,2467910,3.89,08:00
2019,8,2019-08-01,Instagram,TechBrasil,Games,Imagem,239707,73369,430,9731,13998,947887,4.7,21:00
2019,8,2019-08-01,Instagram,ModaHoje,Games,Live,803174,76742,2134,8116,838980,2345894,10.22,18:00
2019,8,2019-08-01,TikTok,TechBrasil,Games,Imagem,335724,15204,4527,3866,1133697,102591,6.55,18:00
2019,8,2019-08-01,Instagram,GamesBR,Entretenimento,Stories,594838,53746,2971,3149,160667,1725309,4.31,08:00
2019,8,2019-08-01,LinkedIn,GamesBR,Tecnologia,Live,584479,48689,2397,7098,570071,675343,1.83,18:00
2019,8,2019-08-01,TikTok,EducaOnline,Educação,Imagem,516953,70899,789,2919,936428,2147956,7.16,12:00
2019,8,2019-08-01,LinkedIn,TechBrasil,Tecnologia,Carrossel,491782,55198,3641,7892,1414601,1894673,2.2,18:00
2019,8,2019-08-01,X,EducaOnline,Tecnologia,Imagem,210529,77726,2923,1733,1950405,1866548,8.2,12:00
2019,8,2019-08-01,Instagram,ModaHoje,Games,Vídeo,438859,41067,4761,2662,979797,1639040,8.32,21:00
2019,8,2019-08-01,TikTok,EducaOnline,Games,Stories,780013,11750,305,1165,857986,18510,1.13,21:00
2019,8,2019-08-01,Facebook,ModaHoje,Entretenimento,Live,758260,44362,3725,8734,1736101,1400176,5.06,21:00
2019,8,2019-08-01,Instagram,GamesBR,Educação,Stories,624792,7111,4221,4052,1545737,128157,6.01,21:00
2019,8,2019-08-01,Facebook,ModaHoje,Tecnologia,Live,223137,53380,2265,6398,1164643,1110647,5.26,18:00
2019,8,2019-08-01,TikTok,EducaOnline,Educação,Vídeo,685340,26804,3885,4891,1012567,1665304,0.81,12:00
2019,9,2019-09-01,YouTube,TechBrasil,Games,Imagem,625267,57382,3654,2259,913871,1366207,9.47,12:00
2019,9,2019-09-01,LinkedIn,GamesBR,Games,Stories,773028,57486,979,9541,1253016,1778360,6.8,08:00
2019,9,2019-09-01,YouTube,GamesBR,Tecnologia,Imagem,879304,78691,3503,6694,172501,1397191,4.89,18:00
2019,9,2019-09-01,YouTube,TechBrasil,Educação,Imagem,271374,20079,4521,1305,952580,1702124,2.69,12:00
2019,9,2019-09-01,X,EducaOnline,Games,Carrossel,875546,71911,414,7495,78532,2222597,10.95,12:00
2019,9,2019-09-01,X,TechBrasil,Tecnologia,Stories,111399,70908,3778,7974,394413,939408,10.66,18:00
2019,9,2019-09-01,Facebook,TechBrasil,Games,Vídeo,981688,19216,3805,1321,1830838,665351,4.97,12:00
2019,9,2019-09-01,YouTube,TechBrasil,Entretenimento,Live,583964,70450,4375,8253,717543,1257345,8.49,18:00
2019,9,2019-09-01,YouTube,GamesBR,Educação,Stories,208107,67300,2363,1016,341419,1689715,10.92,12:00
2019,9,2019-09-01,X,GamesBR,Educação,Vídeo,106780,22438,2678,1680,1576023,2409134,3.07,21:00
2019,9,2019-09-01,Facebook,EducaOnline,Games,Carrossel,489588,16965,901,7517,864870,882501,2.0,12:00
2019,9,2019-09-01,Instagram,ModaHoje,Educação,Stories,475048,33522,3797,6907,1206675,1924252,3.39,18:00
2019,9,2019-09-01,LinkedIn,GamesBR,Entretenimento,Stories,688486,7021,1955,1221,1246242,666346,11.41,12:00
2019,9,2019-09-01,LinkedIn,ModaHoje,Tecnologia,Vídeo,958989,13297,4848,4135,1622312,2335080,10.09,12:00
2019,9,2019-09-01,Instagram,GamesBR,Entretenimento,Stories,865750,12805,2496,4810,51545,1553203,2.23,08:00
2019,9,2019-09-01,Instagram,GamesBR,Tecnologia,Live,3209,28190,673,9707,140816,633049,8.42,21:00
2019,9,2019-09-01,LinkedIn,TechBrasil,Games,Stories,932078,39983,2546,7392,1517137,306220,6.59,21:00
2019,9,2019-09-01,Facebook,TechBrasil,Games,Imagem,367481,72243,4582,4374,1864801,1792533,11.08,21:00
2019,9,2019-09-01,Instagram,GamesBR,Educação,Imagem,192534,48601,3882,8208,442450,445518,8.62,12:00
2019,9,2019-09-01,YouTube,ModaHoje,Educação,Vídeo,769697,25041,4766,1464,1829407,2336584,8.53,08:00
2019,9,2019-09-01,TikTok,EducaOnline,Games,Stories,129152,35115,1625,263,1379421,804065,8.91,08:00
2019,9,2019-09-01,X,EducaOnline,Games,Carrossel,764137,21430,205,3238,1568600,758615,5.08,18:00
2019,9,2019-09-01,YouTube,ModaHoje,Educação,Live,952043,70694,4619,5625,1700940,416378,10.38,08:00
2019,9,2019-09-01,X,ModaHoje,Games,Imagem,118242,64072,2394,6500,834733,796879,0.84,21:00
2019,9,2019-09-01,LinkedIn,EducaOnline,Tecnologia,Live,365869,59302,2829,478,1349986,1795166,2.3,18:00
2019,9,2019-09-01,X,TechBrasil,Tecnologia,Stories,847149,7293,2548,7813,649630,1707073,0.65,18:00
2019,9,2019-09-01,Facebook,TechBrasil,Tecnologia,Live,396077,40186,3800,4047,239706,808420,1.35,21:00
2019,9,2019-09-01,X,GamesBR,Entretenimento,Vídeo,938370,42235,2762,5045,954374,1435011,7.65,21:00
2019,9,2019-09-01,LinkedIn,GamesBR,Games,Live,570106,6574,2791,1224,780279,817248,6.96,18:00
2019,9,2019-09-01,TikTok,EducaOnline,Educação,Vídeo,733705,53548,4299,5603,1831921,1637790,11.68,12:00
2019,9,2019-09-01,Instagram,EducaOnline,Tecnologia,Vídeo,258073,19671,4394,3353,36759,564035,4.9,18:00
2019,9,2019-09-01,LinkedIn,EducaOnline,Tecnologia,Carrossel,424882,66214,4004,6714,171880,2091232,4.37,12:00
2019,9,2019-09-01,TikTok,TechBrasil,Educação,Vídeo,822271,72281,4022,5455,715579,1658139,5.48,21:00
2019,9,2019-09-01,YouTube,ModaHoje,Entretenimento,Stories,411359,47439,4323,344,930175,1934266,3.47,21:00
2019,9,2019-09-01,LinkedIn,EducaOnline,Games,Carrossel,152140,10800,961,6819,1522229,34284,8.98,08:00
2019,9,2019-09-01,X,EducaOnline,Entretenimento,Live,776040,52546,4276,2887,253004,1872258,2.24,18:00
2019,9,2019-09-01,YouTube,TechBrasil,Tecnologia,Carrossel,723198,41858,532,3343,235309,873302,5.36,12:00
2019,10,2019-10-01,LinkedIn,GamesBR,Games,Stories,877794,45697,389,1008,1328139,1315249,11.52,21:00
2019,10,2019-10-01,LinkedIn,GamesBR,Educação,Imagem,454904,17678,896,8581,1147687,1204314,7.49,21:00
2019,10,2019-10-01,X,EducaOnline,Entretenimento,Imagem,221324,54318,3573,9363,1643628,774954,2.49,08:00
2019,10,2019-10-01,Instagram,GamesBR,Games,Imagem,983294,68211,970,7052,1872653,144965,7.23,08:00
2019,10,2019-10-01,TikTok,TechBrasil,Entretenimento,Live,964924,23739,4493,9145,1373843,1311629,4.55,18:00
2019,10,2019-10-01,TikTok,ModaHoje,Educação,Live,45371,39537,451,3859,1721943,637458,3.61,21:00
2019,10,2019-10-01,TikTok,ModaHoje,Entretenimento,Imagem,39001,47353,3126,4258,1942668,1315402,8.09,08:00
2019,10,2019-10-01,LinkedIn,GamesBR,Educação,Live,313850,7619,4283,7003,249654,1326374,11.18,12:00
2019,10,2019-10-01,Instagram,GamesBR,Tecnologia,Stories,914838,37545,871,2370,392081,554382,3.4,21:00
2019,10,2019-10-01,YouTube,EducaOnline,Games,Stories,629824,71707,559,1630,550723,1793968,7.69,21:00
2019,10,2019-10-01,Facebook,GamesBR,Educação,Imagem,521983,59053,2801,2432,761916,1573340,8.94,18:00
2019,10,2019-10-01,Instagram,GamesBR,Educação,Stories,575918,21085,4722,7671,1186527,646182,11.22,21:00
2019,10,2019-10-01,YouTube,GamesBR,Games,Vídeo,740282,18886,2166,1143,1384043,1354670,3.01,08:00
2019,10,2019-10-01,YouTube,ModaHoje,Games,Stories,731568,51432,327,3474,1724557,1835066,6.71,21:00
2019,10,2019-10-01,TikTok,EducaOnline,Games,Vídeo,165066,41805,2077,706,1651922,2045179,11.17,18:00
2019,10,2019-10-01,Facebook,ModaHoje,Educação,Stories,278571,14293,3909,4030,1708116,2006530,5.18,08:00
2019,10,2019-10-01,YouTube,EducaOnline,Entretenimento,Vídeo,507419,70389,3850,6300,1273501,1752590,3.95,08:00
2019,10,2019-10-01,Instagram,ModaHoje,Tecnologia,Stories,851218,58371,2647,4933,934863,1520774,1.23,08:00
2019,10,2019-10-01,Facebook,ModaHoje,Games,Imagem,577777,45731,2220,306,1159512,322555,1.69,21:00
2019,10,2019-10-01,TikTok,EducaOnline,Games,Live,430107,43145,4795,2519,1217528,114569,7.93,18:00
2019,10,2019-10-01,TikTok,ModaHoje,Games,Carrossel,783185,22738,1764,5868,360172,1079047,1.54,18:00
2019,10,2019-10-01,X,GamesBR,Tecnologia,Live,243039,51531,1559,6021,774927,2258379,10.71,12:00
2019,10,2019-10-01,LinkedIn,GamesBR,Tecnologia,Carrossel,762751,77934,2077,1621,57919,883320,6.57,21:00
2019,10,2019-10-01,X,EducaOnline,Games,Stories,900599,6732,1865,6746,833422,1275773,6.06,08:00
2019,10,2019-10-01,X,ModaHoje,Games,Carrossel,484041,53830,1569,8036,1011543,1084624,8.37,12:00
2019,10,2019-10-01,X,TechBrasil,Games,Carrossel,766590,69643,3509,5223,1569692,1345357,9.47,18:00
2019,10,2019-10-01,LinkedIn,TechBrasil,Educação,Vídeo,41056,22882,513,9734,1630938,1465192,11.96,21:00
2019,10,2019-10-01,LinkedIn,GamesBR,Tecnologia,Imagem,392999,7414,224,6551,854534,1390768,5.13,18:00
2019,10,2019-10-01,LinkedIn,ModaHoje,Educação,Live,274781,10432,3357,8138,443634,2192066,3.1,21:00
2019,10,2019-10-01,YouTube,GamesBR,Tecnologia,Vídeo,461703,54423,3451,597,1728575,1936649,8.98,21:00
2019,10,2019-10-01,YouTube,EducaOnline,Tecnologia,Imagem,374131,12056,98,4471,1933931,606693,7.0,08:00
2019,10,2019-10-01,LinkedIn,TechBrasil,Entretenimento,Carrossel,79002,15957,2798,3139,191941,188038,11.96,18:00
2019,10,2019-10-01,X,ModaHoje,Educação,Stories,551407,54481,4319,1408,1611466,190338,3.89,08:00
2019,10,2019-10-01,YouTube,ModaHoje,Educação,Imagem,751730,9023,1774,5600,1675901,157157,8.95,21:00
2019,10,2019-10-01,Facebook,EducaOnline,Educação,Carrossel,661698,24285,851,1498,302665,2414963,1.69,08:00
2019,10,2019-10-01,Facebook,GamesBR,Educação,Stories,790029,31206,477,3127,351719,1704097,11.69,18:00
2019,10,2019-10-01,LinkedIn,GamesBR,Games,Vídeo,685067,46658,4028,9434,246968,774103,3.17,12:00
2019,11,2019-11-01,TikTok,TechBrasil,Educação,Vídeo,355084,73291,2127,7128,674375,735705,3.36,21:00
2019,11,2019-11-01,X,TechBrasil,Educação,Vídeo,254555,26262,217,5134,1468274,1079935,3.68,12:00
2019,11,2019-11-01,X,ModaHoje,Games,Stories,957507,24386,4815,8402,1655071,2211013,2.79,08:00
2019,11,2019-11-01,TikTok,ModaHoje,Entretenimento,Vídeo,937794,22622,386,6391,923960,2092586,3.43,21:00
2019,11,2019-11-01,LinkedIn,EducaOnline,Entretenimento,Stories,402301,22413,3406,2290,1037262,1397243,4.92,21:00
2019,11,2019-11-01,Instagram,EducaOnline,Tecnologia,Stories,450970,75228,880,7355,800953,2413889,10.96,18:00
2019,11,2019-11-01,TikTok,TechBrasil,Games,Imagem,973359,2987,3904,4512,469432,544722,9.62,12:00
2019,11,2019-11-01,X,TechBrasil,Entretenimento,Stories,190260,79582,3618,1797,1981249,840208,9.01,12:00
2019,11,2019-11-01,Facebook,ModaHoje,Educação,Imagem,115148,31533,394,4453,777398,127976,6.6,08:00
2019,11,2019-11-01,LinkedIn,EducaOnline,Entretenimento,Imagem,898038,52681,4893,9021,1185231,222159,3.78,08:00
2019,11,2019-11-01,LinkedIn,GamesBR,Games,Live,661726,39400,2562,9009,1143724,1466715,9.47,18:00
2019,11,2019-11-01,YouTube,TechBrasil,Tecnologia,Stories,234843,59675,3148,2190,877847,666647,9.31,21:00
2019,11,2019-11-01,Facebook,EducaOnline,Games,Stories,976300,56622,1776,8181,896807,634989,0.66,18:00
2019,11,2019-11-01,X,GamesBR,Educação,Live,916783,21406,3802,7248,966559,1887000,8.67,12:00
2019,11,2019-11-01,Facebook,EducaOnline,Entretenimento,Vídeo,369991,24371,1446,6513,1553658,640770,11.37,18:00
2019,11,2019-11-01,TikTok,GamesBR,Tecnologia,Imagem,73069,50025,1452,2292,105028,1094266,7.92,21:00
2019,11,2019-11-01,TikTok,EducaOnline,Educação,Vídeo,291038,48390,4747,1512,905574,461724,1.78,21:00
2019,11,2019-11-01,Facebook,ModaHoje,Games,Vídeo,786654,71572,2732,8433,1653371,1437757,9.03,21:00
2019,11,2019-11-01,Facebook,ModaHoje,Games,Live,2730,77400,2346,4019,1331128,1913388,1.35,21:00
2019,11,2019-11-01,Instagram,EducaOnline,Tecnologia,Stories,246545,56030,792,386,353495,2320328,8.52,21:00
2019,11,2019-11-01,TikTok,GamesBR,Entretenimento,Stories,120290,25389,733,9900,870661,26110,6.09,21:00
2019,11,2019-11-01,LinkedIn,TechBrasil,Educação,Imagem,813975,58319,447,8005,1118612,1278141,1.94,18:00
2019,11,2019-11-01,Instagram,GamesBR,Games,Vídeo,578703,29764,4035,9781,1872083,1925849,11.37,18:00
2019,11,2019-11-01,Facebook,TechBrasil,Entretenimento,Vídeo,108467,73244,3734,4704,635171,2293313,4.79,12:00
2019,11,2019-11-01,YouTube,EducaOnline,Tecnologia,Carrossel,182374,31874,1163,4954,1228080,445955,11.48,18:00
2019,11,2019-11-01,X,TechBrasil,Educação,Carrossel,183645,40737,2703,6860,1293543,1414516,9.13,12:00
2019,11,2019-11-01,YouTube,EducaOnline,Educação,Live,705345,23270,2177,9140,1512475,1688486,8.88,08:00
2019,11,2019-11-01,X,EducaOnline,Educação,Live,2309,19071,3508,2659,1053121,1168998,8.88,08:00
2019,11,2019-11-01,Facebook,TechBrasil,Tecnologia,Carrossel,118592,55259,3452,4166,1300128,566209,4.11,08:00
2019,11,2019-11-01,TikTok,TechBrasil,Tecnologia,Imagem,550773,22843,542,9328,1856677,451255,10.41,21:00
2019,11,2019-11-01,YouTube,ModaHoje,Tecnologia,Vídeo,283770,30623,1162,3925,1052964,754801,2.36,12:00
2019,11,2019-11-01,Facebook,TechBrasil,Tecnologia,Vídeo,60646,79692,798,8091,744830,2455467,5.95,21:00
2019,11,2019-11-01,TikTok,ModaHoje,Entretenimento,Live,448862,61734,3070,3191,1696015,1281969,3.32,08:00
2019,11,2019-11-01,Facebook,GamesBR,Games,Vídeo,523665,57094,370,8821,1305946,545019,7.48,18:00
2019,11,2019-11-01,Facebook,GamesBR,Educação,Vídeo,513140,72980,1565,1045,981721,2265993,9.32,18:00
2019,11,2019-11-01,X,GamesBR,Entretenimento,Carrossel,575949,12281,3880,5848,792322,1132189,6.23,21:00
2019,11,2019-11-01,LinkedIn,ModaHoje,Educação,Imagem,205529,16561,4890,7299,852764,1525647,4.52,08:00
2019,12,2019-12-01,Facebook,GamesBR,Games,Live,937745,66313,1592,1245,1785273,1042741,0.82,18:00
2019,12,2019-12-01,Facebook,EducaOnline,Entretenimento,Imagem,961156,38523,3679,7919,1301443,202568,8.55,21:00
2019,12,2019-12-01,YouTube,GamesBR,Tecnologia,Live,923065,19163,504,9375,538810,762095,4.08,18:00
2019,12,2019-12-01,Facebook,ModaHoje,Tecnologia,Live,540576,54908,785,3918,433301,1427107,9.73,18:00
2019,12,2019-12-01,TikTok,ModaHoje,Educação,Carrossel,553516,67944,267,8488,943464,2027960,5.84,12:00
2019,12,2019-12-01,LinkedIn,GamesBR,Tecnologia,Imagem,635222,33777,733,8959,1351923,996820,1.94,18:00
2019,12,2019-12-01,TikTok,EducaOnline,Entretenimento,Live,884252,73722,4033,3679,1800344,1740834,5.65,21:00
2019,12,2019-12-01,Facebook,GamesBR,Tecnologia,Imagem,730654,39148,3865,3010,583801,1858685,8.08,18:00
2019,12,2019-12-01,TikTok,GamesBR,Tecnologia,Live,408323,16667,119,2456,841547,1553916,1.76,18:00
2019,12,2019-12-01,YouTube,TechBrasil,Tecnologia,Stories,337246,11842,2476,6797,401072,961133,11.59,21:00
2019,12,2019-12-01,YouTube,GamesBR,Tecnologia,Live,489489,47941,3811,5721,944595,68813,6.78,08:00
2019,12,2019-12-01,X,GamesBR,Tecnologia,Carrossel,372166,16344,4349,3213,738806,2498308,1.11,12:00
2019,12,2019-12-01,YouTube,EducaOnline,Tecnologia,Carrossel,783416,4341,1721,9742,1971344,193926,7.94,12:00
2019,12,2019-12-01,Instagram,TechBrasil,Games,Carrossel,91040,78260,1209,565,752722,326964,2.62,12:00
2019,12,2019-12-01,LinkedIn,EducaOnline,Tecnologia,Imagem,236310,9433,4171,1262,54910,1155036,1.97,08:00
2019,12,2019-12-01,X,GamesBR,Educação,Live,511944,11308,2506,9436,1570597,1622802,7.31,18:00
2019,12,2019-12-01,LinkedIn,TechBrasil,Entretenimento,Vídeo,940494,49265,1966,5848,1871445,521630,1.17,08:00
2019,12,2019-12-01,Facebook,ModaHoje,Educação,Live,913349,10351,3343,7370,1069520,1798216,3.19,08:00
2019,12,2019-12-01,YouTube,TechBrasil,Entretenimento,Stories,326657,43153,1559,4799,295139,296117,10.92,08:00
2019,12,2019-12-01,LinkedIn,GamesBR,Entretenimento,Stories,704985,22989,2788,1113,577786,216914,2.52,12:00
2019,12,2019-12-01,LinkedIn,GamesBR,Games,Live,47923,79160,92,9714,1167015,1547235,9.38,21:00
2019,12,2019-12-01,LinkedIn,EducaOnline,Educação,Vídeo,72337,54621,1670,8080,1894171,906921,4.07,18:00
2019,12,2019-12-01,LinkedIn,EducaOnline,Tecnologia,Carrossel,561524,47154,3040,2247,737141,1708360,5.66,12:00
2019,12,2019-12-01,YouTube,EducaOnline,Games,Stories,11046,76564,3226,3239,1288283,1966991,9.61,12:00
2019,12,2019-12-01,X,GamesBR,Educação,Stories,730349,56831,636,8011,400369,182887,10.96,12:00
2019,12,2019-12-01,TikTok,ModaHoje,Entretenimento,Stories,371856,25667,818,2785,1922245,289744,6.79,21:00
2019,12,2019-12-01,TikTok,TechBrasil,Games,Stories,798216,59714,3560,6003,682449,904897,11.2,18:00
2019,12,2019-12-01,X,EducaOnline,Tecnologia,Imagem,871190,36415,2928,7057,1868834,937373,5.85,08:00
2019,12,2019-12-01,TikTok,GamesBR,Tecnologia,Imagem,757598,34247,649,2020,1511648,1908681,7.28,18:00
2019,12,2019-12-01,TikTok,ModaHoje,Tecnologia,Stories,73617,55337,767,2426,1681270,1738049,1.36,18:00
2019,12,2019-12-01,YouTube,GamesBR,Tecnologia,Live,43071,33099,4436,4560,1883903,1562292,11.55,18:00
2019,12,2019-12-01,Instagram,EducaOnline,Entretenimento,Imagem,582829,63034,1724,4589,1425308,1121426,6.57,21:00
2019,12,2019-12-01,Instagram,GamesBR,Educação,Carrossel,663449,56725,60,1688,101673,776357,5.43,08:00
2019,12,2019-12-01,YouTube,TechBrasil,Tecnologia,Carrossel,417824,2793,1728,1921,342227,1322797,6.59,21:00
2019,12,2019-12-01,Instagram,EducaOnline,Educação,Carrossel,349162,3012,2835,8201,1389406,786285,6.75,12:00
2019,12,2019-12-01,TikTok,EducaOnline,Games,Carrossel,709055,41012,380,6647,1991972,913963,2.16,21:00
2019,12,2019-12-01,Instagram,GamesBR,Tecnologia,Vídeo,515870,40172,4795,7704,274649,412117,10.72,18:00
2020,1,2020-01-01,X,EducaOnline,Educação,Imagem,819489,66522,266,9410,537005,2156769,11.44,08:00
2020,1,2020-01-01,Facebook,GamesBR,Tecnologia,Stories,526098,2464,4073,5943,853363,59632,9.58,18:00
2020,1,2020-01-01,YouTube,ModaHoje,Games,Vídeo,553745,29478,1621,9187,1353997,1464457,11.6,21:00
2020,1,2020-01-01,YouTube,TechBrasil,Tecnologia,Stories,723837,36286,1309,2080,361390,1042638,2.39,21:00
2020,1,2020-01-01,X,EducaOnline,Games,Vídeo,976644,48929,288,9348,1724315,2181919,9.47,18:00
2020,1,2020-01-01,TikTok,EducaOnline,Tecnologia,Carrossel,807841,75242,853,8578,133919,1549475,5.5,12:00
2020,1,2020-01-01,X,ModaHoje,Tecnologia,Imagem,222234,5653,2941,637,647986,340454,7.87,12:00
2020,1,2020-01-01,Instagram,ModaHoje,Entretenimento,Vídeo,436219,64647,4079,6528,1520358,1288139,9.62,08:00
2020,1,2020-01-01,X,GamesBR,Games,Imagem,192489,77586,3941,9063,1594120,1538283,10.27,12:00
2020,1,2020-01-01,TikTok,EducaOnline,Educação,Vídeo,242537,8265,2011,4842,1095756,929039,11.75,08:00
2020,1,2020-01-01,X,EducaOnline,Entretenimento,Live,105232,31629,2388,3439,568619,990101,7.28,12:00
2020,1,2020-01-01,X,TechBrasil,Games,Carrossel,783838,54052,1660,222,367986,256586,6.69,18:00
2020,1,2020-01-01,YouTube,TechBrasil,Tecnologia,Carrossel,273837,12321,4549,2556,1301712,34402,6.12,18:00
2020,1,2020-01-01,X,GamesBR,Games,Live,654127,29876,2862,7108,963832,2001967,7.17,21:00
2020,1,2020-01-01,TikTok,ModaHoje,Games,Live,767046,52669,4613,8836,377468,1287394,1.69,12:00
2020,1,2020-01-01,X,EducaOnline,Tecnologia,Live,995396,48027,3447,2121,1730635,2051961,4.66,18:00
2020,1,2020-01-01,Instagram,TechBrasil,Educação,Live,154429,40002,4826,2171,588580,202380,3.6,21:00
2020,1,2020-01-01,Facebook,TechBrasil,Entretenimento,Stories,879745,31545,4736,3295,1216282,2337825,7.31,12:00
2020,1,2020-01-01,YouTube,ModaHoje,Games,Vídeo,609383,65931,4802,2146,449550,1489951,5.55,12:00
2020,1,2020-01-01,YouTube,GamesBR,Tecnologia,Live,152989,60167,2767,5420,1779845,18048,8.25,21:00
2020,1,2020-01-01,Facebook,EducaOnline,Games,Imagem,503829,79983,1460,8804,362009,988081,7.86,21:00
2020,1,2020-01-01,LinkedIn,EducaOnline,Tecnologia,Carrossel,843366,79317,556,155,631147,698867,1.49,08:00
2020,1,2020-01-01,X,ModaHoje,Tecnologia,Carrossel,159974,68514,4965,2544,201710,272094,9.43,18:00
2020,1,2020-01-01,TikTok,ModaHoje,Tecnologia,Imagem,860167,78374,1199,2672,1410232,1655107,7.1,21:00
2020,1,2020-01-01,LinkedIn,TechBrasil,Tecnologia,Vídeo,182751,27388,2238,5197,1708728,1351175,10.09,18:00
2020,1,2020-01-01,YouTube,ModaHoje,Educação,Stories,265353,7799,3100,4830,1772956,507424,6.24,21:00
2020,1,2020-01-01,TikTok,EducaOnline,Entretenimento,Imagem,311659,51619,170,5376,1152643,663896,5.03,08:00
2020,1,2020-01-01,TikTok,TechBrasil,Educação,Vídeo,997939,48531,3800,4462,1126710,971395,3.18,21:00
2020,1,2020-01-01,Facebook,EducaOnline,Games,Live,76535,70679,4888,9432,678164,1853,6.78,21:00
2020,1,2020-01-01,TikTok,TechBrasil,Tecnologia,Stories,248976,39794,2988,6096,1693438,278318,4.94,08:00
2020,1,2020-01-01,Facebook,GamesBR,Tecnologia,Stories,598483,33121,333,6662,1309126,121453,5.6,08:00
2020,1,2020-01-01,X,ModaHoje,Tecnologia,Carrossel,553937,40587,3173,7274,1477772,1574605,2.63,08:00
2020,1,2020-01-01,Instagram,TechBrasil,Entretenimento,Stories,62692,23288,837,4722,1533789,2471397,0.73,08:00
2020,1,2020-01-01,LinkedIn,EducaOnline,Educação,Vídeo,28660,32975,4283,473,562415,7532,1.72,18:00
2020,1,2020-01-01,X,EducaOnline,Tecnologia,Imagem,998333,9202,3970,5108,596089,625604,3.35,21:00
2020,1,2020-01-01,Instagram,ModaHoje,Tecnologia,Carrossel,248617,23318,3979,19,1271627,2316162,7.11,12:00
2020,1,2020-01-01,Instagram,TechBrasil,Tecnologia,Live,58724,79152,4873,6466,1478141,2373288,7.32,21:00
2020,2,2020-02-01,LinkedIn,GamesBR,Tecnologia,Carrossel,157140,64972,3675,1914,1936571,2250428,9.09,12:00
2020,2,2020-02-01,X,ModaHoje,Tecnologia,Carrossel,771630,32089,1677,1526,369296,1745850,7.81,12:00
2020,2,2020-02-01,Facebook,EducaOnline,Games,Vídeo,685813,51403,339,4114,1738125,1141682,4.32,12:00
2020,2,2020-02-01,TikTok,ModaHoje,Educação,Carrossel,705634,33442,874,5181,677375,282084,11.63,21:00
2020,2,2020-02-01,TikTok,EducaOnline,Games,Carrossel,272403,24128,451,2899,143446,2026586,7.78,21:00
2020,2,2020-02-01,Facebook,GamesBR,Educação,Live,616259,9857,3546,6843,223000,250278,2.64,12:00
2020,2,2020-02-01,TikTok,GamesBR,Tecnologia,Carrossel,923405,53735,4758,484,780795,2165592,3.64,08:00
2020,2,2020-02-01,Facebook,TechBrasil,Educação,Vídeo,306038,6765,166,633,1721571,2188569,8.3,08:00
2020,2,2020-02-01,X,TechBrasil,Educação,Vídeo,221659,75882,3197,8939,723798,1243365,8.03,18:00
2020,2,2020-02-01,Facebook,ModaHoje,Educação,Carrossel,367135,78372,295,7276,1532709,166837,6.66,08:00
2020,2,2020-02-01,TikTok,ModaHoje,Entretenimento,Vídeo,931618,77886,2184,6304,874515,1947045,7.45,12:00
2020,2,2020-02-01,X,EducaOnline,Educação,Vídeo,846274,58324,4141,2144,1600746,1712267,4.66,08:00
2020,2,2020-02-01,Instagram,GamesBR,Tecnologia,Live,8804,78889,3060,9541,25109,1930583,4.34,12:00
2020,2,2020-02-01,X,ModaHoje,Entretenimento,Imagem,842077,78485,2962,4162,1344647,2388230,10.29,21:00
2020,2,2020-02-01,TikTok,GamesBR,Tecnologia,Vídeo,31449,61498,2511,7873,1881491,320854,2.5,21:00
2020,2,2020-02-01,X,GamesBR,Educação,Live,996667,10001,595,1132,1954982,658639,3.45,18:00
2020,2,2020-02-01,Facebook,EducaOnline,Entretenimento,Vídeo,544126,79408,783,5783,1110421,2188890,10.61,21:00
2020,2,2020-02-01,Facebook,EducaOnline,Entretenimento,Vídeo,865463,74491,2273,4610,230498,249100,6.46,08:00
2020,2,2020-02-01,YouTube,ModaHoje,Tecnologia,Imagem,98149,59462,1816,6485,1081672,931855,3.34,12:00
2020,2,2020-02-01,X,GamesBR,Tecnologia,Stories,943509,41172,2660,1674,1049654,1522564,5.52,21:00
2020,2,2020-02-01,Facebook,TechBrasil,Games,Live,859686,58904,2893,374,1134259,1539042,5.09,21:00
2020,2,2020-02-01,X,GamesBR,Games,Live,201677,28872,1553,3229,951838,1859123,2.75,12:00
2020,2,2020-02-01,TikTok,ModaHoje,Games,Stories,767093,57196,698,999,1053323,1333486,4.48,18:00
2020,2,2020-02-01,Instagram,GamesBR,Tecnologia,Stories,703057,44129,747,7607,611808,177738,6.16,12:00
2020,2,2020-02-01,TikTok,EducaOnline,Educação,Carrossel,84144,4517,4022,4056,768281,2314246,9.53,08:00
2020,2,2020-02-01,LinkedIn,GamesBR,Educação,Imagem,101357,6468,3729,5444,572533,435847,5.9,21:00
2020,2,2020-02-01,X,GamesBR,Educação,Vídeo,531167,3793,953,5612,1072548,2418437,8.75,08:00
2020,2,2020-02-01,X,TechBrasil,Games,Stories,129451,70795,1336,1576,59057,1319478,9.4,18:00
2020,2,2020-02-01,TikTok,ModaHoje,Entretenimento,Live,296101,20895,156,9404,341343,1440489,0.87,18:00
2020,2,2020-02-01,YouTube,ModaHoje,Tecnologia,Imagem,902686,53037,3050,6540,1652540,2309774,1.26,21:00
2020,2,2020-02-01,X,GamesBR,Games,Vídeo,31315,38004,3442,5169,494059,1473797,2.72,21:00
2020,2,2020-02-01,Instagram,TechBrasil,Games,Imagem,329558,28623,4679,6341,770634,2435996,11.49,21:00
2020,2,2020-02-01,Instagram,EducaOnline,Games,Imagem,134862,76050,1405,1016,290593,1876702,7.81,18:00
2020,2,2020-02-01,TikTok,ModaHoje,Tecnologia,Stories,520383,30456,3583,1690,773354,584658,7.21,18:00
2020,2,2020-02-01,Instagram,TechBrasil,Tecnologia,Live,11958,54160,345,7078,209476,2416927,10.34,12:00
2020,2,2020-02-01,X,GamesBR,Tecnologia,Live,460124,13958,3720,9958,114194,2053131,3.27,12:00
2020,2,2020-02-01,LinkedIn,EducaOnline,Entretenimento,Imagem,287320,62397,3612,1952,1797272,787142,8.61,08:00
2020,3,2020-03-01,LinkedIn,ModaHoje,Educação,Imagem,195147,54304,218,3108,804072,493752,2.8,08:00
2020,3,2020-03-01,LinkedIn,GamesBR,Games,Stories,132823,11054,2688,7654,903717,1237881,7.81,08:00
2020,3,2020-03-01,YouTube,TechBrasil,Entretenimento,Imagem,940046,66391,3718,2158,1816497,1451771,1.96,21:00
2020,3,2020-03-01,X,ModaHoje,Tecnologia,Live,992486,2554,749,9000,239393,628469,2.68,12:00
2020,3,2020-03-01,LinkedIn,ModaHoje,Educação,Vídeo,398805,34253,2870,411,981647,1377048,11.21,21:00
2020,3,2020-03-01,YouTube,EducaOnline,Educação,Carrossel,300231,47897,4893,2533,1572196,1774587,6.13,21:00
2020,3,2020-03-01,LinkedIn,ModaHoje,Games,Vídeo,153191,12442,2600,855,83209,2410981,2.11,21:00
2020,3,2020-03-01,X,GamesBR,Tecnologia,Live,949660,35598,3292,2336,638670,26084,3.95,08:00
2020,3,2020-03-01,YouTube,TechBrasil,Educação,Vídeo,761631,45519,2804,1916,545030,299894,5.81,08:00
2020,3,2020-03-01,X,TechBrasil,Tecnologia,Imagem,762669,75704,3472,4666,1187396,648571,4.4,18:00
2020,3,2020-03-01,X,ModaHoje,Entretenimento,Stories,13054,64781,186,6566,245432,2479098,2.27,12:00
2020,3,2020-03-01,Instagram,TechBrasil,Tecnologia,Vídeo,217836,44060,3702,270,816944,706539,3.53,18:00
2020,3,2020-03-01,LinkedIn,GamesBR,Games,Imagem,588809,14299,4554,7981,1686375,29346,7.53,12:00
2020,3,2020-03-01,Instagram,EducaOnline,Entretenimento,Stories,59804,57601,3854,5882,1129884,1489728,1.3,18:00
2020,3,2020-03-01,TikTok,TechBrasil,Games,Live,255932,22922,381,9009,1996349,474942,10.84,18:00
2020,3,2020-03-01,TikTok,ModaHoje,Entretenimento,Stories,969425,50978,1120,6932,1062973,2474672,11.7,18:00
2020,3,2020-03-01,YouTube,ModaHoje,Tecnologia,Live,1619,23636,271,5784,1313639,912641,11.77,08:00
2020,3,2020-03-01,X,EducaOnline,Entretenimento,Carrossel,461173,35407,2810,3606,1444482,1753910,5.16,21:00
2020,3,2020-03-01,YouTube,ModaHoje,Tecnologia,Imagem,672144,39364,4648,8972,1289206,1936277,5.63,18:00
2020,3,2020-03-01,LinkedIn,GamesBR,Entretenimento,Stories,2639,15751,2850,8645,1827205,235869,1.76,12:00
2020,3,2020-03-01,TikTok,TechBrasil,Entretenimento,Carrossel,874621,47612,1965,6369,1948005,890924,7.23,08:00
2020,3,2020-03-01,Facebook,TechBrasil,Games,Live,748129,10937,4563,3450,104220,1856797,6.01,08:00
2020,3,2020-03-01,TikTok,GamesBR,Games,Imagem,338204,52266,1196,144,690365,1394091,9.73,12:00
2020,3,2020-03-01,YouTube,GamesBR,Entretenimento,Stories,711454,70290,3492,1444,1590527,345013,2.45,12:00
2020,3,2020-03-01,YouTube,GamesBR,Games,Vídeo,988156,38472,394,5486,339718,138696,1.19,12:00
2020,3,2020-03-01,X,TechBrasil,Entretenimento,Live,461945,21617,3079,1391,1397515,1817926,10.05,08:00
2020,3,2020-03-01,Instagram,TechBrasil,Tecnologia,Stories,181247,4314,4523,397,630155,1926176,2.58,08:00
2020,3,2020-03-01,TikTok,GamesBR,Tecnologia,Carrossel,196315,62333,2179,683,669127,1893994,9.96,08:00
2020,3,2020-03-01,YouTube,TechBrasil,Games,Imagem,596939,34638,1335,6441,41392,2154950,8.54,12:00
2020,3,2020-03-01,LinkedIn,EducaOnline,Educação,Stories,655244,64040,3606,1498,1068412,1285222,6.76,21:00
2020,3,2020-03-01,YouTube,EducaOnline,Entretenimento,Carrossel,328805,15599,1229,1270,397031,1220740,11.33,12:00
2020,3,2020-03-01,LinkedIn,TechBrasil,Entretenimento,Carrossel,746793,73691,4809,7140,549607,524719,9.28,21:00
2020,3,2020-03-01,TikTok,TechBrasil,Tecnologia,Live,712907,9626,942,4786,290394,2405402,9.99,18:00
2020,3,2020-03-01,YouTube,TechBrasil,Tecnologia,Vídeo,628697,34468,4444,2526,1816006,1261995,8.78,12:00
2020,3,2020-03-01,TikTok,EducaOnline,Tecnologia,Carrossel,821759,3408,1961,6665,396304,2056662,6.76,21:00
2020,3,2020-03-01,TikTok,GamesBR,Educação,Vídeo,594244,65504,998,696,431855,1436332,7.42,08:00
2020,3,2020-03-01,TikTok,GamesBR,Games,Vídeo,692778,46796,2287,2585,1696825,691316,8.42,21:00
2020,4,2020-04-01,YouTube,ModaHoje,Entretenimento,Imagem,476868,44822,3392,9110,454940,1840325,9.2,18:00
2020,4,2020-04-01,Instagram,EducaOnline,Entretenimento,Carrossel,800462,57271,3851,8416,833327,428205,9.4,18:00
2020,4,2020-04-01,Instagram,TechBrasil,Games,Imagem,768858,55680,3848,9205,880010,1985031,9.4,18:00
2020,4,2020-04-01,YouTube,EducaOnline,Games,Stories,716610,43728,4007,9864,942064,351080,5.24,08:00
2020,4,2020-04-01,TikTok,TechBrasil,Entretenimento,Vídeo,389542,24595,3886,5348,1742116,1959333,10.12,18:00
2020,4,2020-04-01,Facebook,GamesBR,Games,Live,855577,41910,3279,2877,1284218,1953015,6.47,18:00
2020,4,2020-04-01,X,EducaOnline,Games,Carrossel,414060,9708,2226,9265,459679,574620,11.77,18:00
2020,4,2020-04-01,Facebook,EducaOnline,Educação,Vídeo,947293,40429,1245,1604,1794108,1448336,7.05,21:00
2020,4,2020-04-01,YouTube,ModaHoje,Educação,Imagem,535445,57663,1662,9260,1507071,1371492,1.75,12:00
2020,4,2020-04-01,LinkedIn,ModaHoje,Educação,Live,640668,31829,759,5754,1205104,5271,1.28,12:00
2020,4,2020-04-01,Facebook,TechBrasil,Tecnologia,Stories,131586,49003,776,2129,368138,1958145,10.04,08:00
2020,4,2020-04-01,LinkedIn,ModaHoje,Games,Vídeo,444870,45887,480,7848,878526,1360145,3.2,12:00
2020,4,2020-04-01,LinkedIn,GamesBR,Educação,Imagem,491231,632,3423,1149,1723435,646816,9.47,08:00
2020,4,2020-04-01,Facebook,ModaHoje,Games,Vídeo,580777,26369,3661,2514,27902,2343652,5.63,08:00
2020,4,2020-04-01,Facebook,GamesBR,Entretenimento,Vídeo,706717,69662,2009,947,1154827,448859,0.81,12:00
2020,4,2020-04-01,X,ModaHoje,Educação,Stories,9941,69366,3388,9337,1686444,1389288,7.61,18:00
2020,4,2020-04-01,Facebook,TechBrasil,Entretenimento,Vídeo,679284,40338,506,1263,1340067,118534,3.09,21:00
2020,4,2020-04-01,Instagram,TechBrasil,Games,Vídeo,372286,12534,4819,5213,421920,791421,9.6,08:00
2020,4,2020-04-01,Instagram,TechBrasil,Entretenimento,Carrossel,69261,38966,1360,1139,369589,187260,4.62,12:00
2020,4,2020-04-01,YouTube,EducaOnline,Entretenimento,Stories,78983,25988,1341,3114,71669,1057473,1.04,18:00
2020,4,2020-04-01,Facebook,ModaHoje,Tecnologia,Vídeo,335966,27394,1722,7497,1884607,166066,3.16,18:00
2020,4,2020-04-01,YouTube,EducaOnline,Tecnologia,Vídeo,41575,71231,563,599,1834191,1254789,9.31,18:00
2020,4,2020-04-01,LinkedIn,ModaHoje,Games,Carrossel,846591,21771,3408,9830,1449397,1839311,6.35,21:00
2020,4,2020-04-01,Facebook,EducaOnline,Entretenimento,Vídeo,623517,54652,2768,3830,439451,2209841,5.4,08:00
2020,4,2020-04-01,X,ModaHoje,Educação,Stories,759730,78569,2705,5171,1753713,2105115,6.42,12:00
2020,4,2020-04-01,YouTube,ModaHoje,Tecnologia,Imagem,342872,77387,382,7625,408490,489097,2.87,12:00
2020,4,2020-04-01,TikTok,GamesBR,Entretenimento,Carrossel,94853,9077,654,612,817461,350463,4.76,21:00
2020,4,2020-04-01,YouTube,TechBrasil,Entretenimento,Stories,234055,52436,1197,1232,262836,213086,2.05,18:00
2020,4,2020-04-01,X,GamesBR,Educação,Carrossel,175974,44784,2001,1377,1803046,2227151,11.84,21:00
2020,4,2020-04-01,X,EducaOnline,Entretenimento,Stories,792459,49167,4822,1953,871632,2284680,0.87,12:00
2020,4,2020-04-01,LinkedIn,ModaHoje,Games,Stories,140783,69539,1548,8090,864117,133981,7.34,21:00
2020,4,2020-04-01,TikTok,EducaOnline,Entretenimento,Stories,316183,49525,2726,9638,1362275,607222,11.93,12:00
2020,4,2020-04-01,YouTube,GamesBR,Tecnologia,Carrossel,352151,15740,4416,807,488295,1684714,4.01,12:00
2020,4,2020-04-01,YouTube,EducaOnline,Educação,Stories,211742,68367,4656,2300,812536,794715,8.38,21:00
2020,4,2020-04-01,LinkedIn,TechBrasil,Educação,Stories,294034,79690,2135,2267,941206,2007209,11.06,21:00
2020,4,2020-04-01,TikTok,ModaHoje,Educação,Imagem,107067,22898,3377,3654,952914,1824687,3.85,08:00
2020,4,2020-04-01,LinkedIn,ModaHoje,Entretenimento,Imagem,523729,12483,2828,1791,1142091,843356,11.73,18:00
2020,5,2020-05-01,YouTube,TechBrasil,Tecnologia,Stories,366790,78952,4742,9149,1288903,900158,0.54,18:00
2020,5,2020-05-01,TikTok,GamesBR,Tecnologia,Live,824107,8867,2961,2458,187289,1492344,0.93,08:00
2020,5,2020-05-01,Instagram,TechBrasil,Tecnologia,Carrossel,144952,53867,1190,449,1480601,570661,9.41,21:00
2020,5,2020-05-01,YouTube,GamesBR,Entretenimento,Stories,524947,45425,939,7170,1724039,685179,9.91,21:00
2020,5,2020-05-01,TikTok,ModaHoje,Entretenimento,Imagem,310907,44517,1236,684,153266,992598,10.33,12:00
2020,5,2020-05-01,LinkedIn,GamesBR,Games,Carrossel,716217,16511,1683,3072,457837,2234460,9.8,21:00
2020,5,2020-05-01,Instagram,TechBrasil,Games,Carrossel,595871,1134,1681,7738,340533,1762172,8.78,12:00
2020,5,2020-05-01,YouTube,ModaHoje,Entretenimento,Carrossel,239202,70934,4577,8812,1936393,1960033,7.8,08:00
2020,5,2020-05-01,Instagram,GamesBR,Entretenimento,Vídeo,818403,1847,1790,8255,1459064,1517805,6.51,08:00
2020,5,2020-05-01,Instagram,TechBrasil,Games,Live,296176,65935,2581,7796,1507147,263254,0.86,12:00
2020,5,2020-05-01,Instagram,GamesBR,Games,Imagem,984462,24477,4431,2904,987142,260439,7.7,12:00
2020,5,2020-05-01,X,GamesBR,Entretenimento,Vídeo,52808,68938,2879,8097,1034236,1919538,4.44,08:00
2020,5,2020-05-01,X,EducaOnline,Entretenimento,Live,155515,63227,625,7541,1600839,2284754,12.0,12:00
2020,5,2020-05-01,LinkedIn,ModaHoje,Games,Vídeo,922020,39617,1507,5805,1191125,1506953,7.25,21:00
2020,5,2020-05-01,X,EducaOnline,Entretenimento,Live,670362,50520,4105,4233,803907,471570,5.52,18:00
2020,5,2020-05-01,X,TechBrasil,Educação,Vídeo,277105,58797,2804,6746,396700,2053006,8.67,12:00
2020,5,2020-05-01,LinkedIn,GamesBR,Games,Imagem,915485,42903,4041,2643,298657,546582,6.45,21:00
2020,5,2020-05-01,TikTok,ModaHoje,Games,Vídeo,984640,43617,1053,4518,711085,1246047,10.88,18:00
2020,5,2020-05-01,YouTube,ModaHoje,Tecnologia,Carrossel,65391,38241,2041,3862,1736156,385384,7.32,18:00
2020,5,2020-05-01,LinkedIn,GamesBR,Tecnologia,Imagem,796413,53786,2011,7445,1874334,522961,11.07,18:00
2020,5,2020-05-01,Instagram,GamesBR,Games,Imagem,586130,56510,1014,4630,903671,1107855,9.26,12:00
2020,5,2020-05-01,Facebook,EducaOnline,Tecnologia,Carrossel,22553,8417,2280,4225,944542,1189231,3.23,21:00
2020,5,2020-05-01,LinkedIn,GamesBR,Educação,Carrossel,116018,39079,1419,522,385997,937229,4.14,18:00
2020,5,2020-05-01,LinkedIn,GamesBR,Tecnologia,Carrossel,165409,34250,1009,1700,1546642,873541,9.5,21:00
2020,5,2020-05-01,TikTok,ModaHoje,Tecnologia,Stories,795112,72160,908,4746,362410,1224781,6.78,18:00
2020,5,2020-05-01,TikTok,ModaHoje,Entretenimento,Imagem,95876,42891,4521,4606,818383,582929,3.95,21:00
2020,5,2020-05-01,LinkedIn,TechBrasil,Educação,Stories,314266,21981,2688,7600,1200422,710776,0.58,21:00
2020,5,2020-05-01,YouTube,ModaHoje,Tecnologia,Live,841825,6999,299,598,474568,48401,10.25,18:00
2020,5,2020-05-01,Instagram,GamesBR,Entretenimento,Live,251830,25866,215,324,941639,2236414,1.68,21:00
2020,5,2020-05-01,Instagram,EducaOnline,Tecnologia,Stories,6576,22955,46,2830,17423,2381430,7.19,18:00
2020,5,2020-05-01,YouTube,GamesBR,Tecnologia,Imagem,553420,22901,3315,2001,1090738,312556,5.45,18:00
2020,5,2020-05-01,Facebook,EducaOnline,Games,Stories,608881,79544,4509,6785,1024931,251470,1.98,21:00
2020,5,2020-05-01,Instagram,TechBrasil,Tecnologia,Carrossel,507589,30345,3977,2595,1417900,2121158,5.11,21:00
2020,5,2020-05-01,YouTube,GamesBR,Educação,Imagem,28418,25472,1733,4889,1882694,1590439,2.65,08:00
2020,5,2020-05-01,TikTok,TechBrasil,Entretenimento,Carrossel,567838,19762,73,1152,1882499,2279761,2.27,12:00
2020,5,2020-05-01,X,EducaOnline,Entretenimento,Imagem,102465,76366,1933,8614,992243,504206,4.2,18:00
2020,5,2020-05-01,LinkedIn,ModaHoje,Games,Stories,843020,13832,777,3606,1781702,2379177,9.99,18:00
2020,6,2020-06-01,X,TechBrasil,Entretenimento,Vídeo,811229,67757,4976,8274,587881,2419562,0.51,08:00
2020,6,2020-06-01,YouTube,GamesBR,Games,Vídeo,890724,60960,1805,459,1958067,504356,3.76,18:00
2020,6,2020-06-01,LinkedIn,EducaOnline,Tecnologia,Carrossel,897010,13229,3066,3306,779312,1078869,8.11,08:00
2020,6,2020-06-01,TikTok,GamesBR,Entretenimento,Vídeo,853334,1569,3451,3994,1946080,2021225,1.51,08:00
2020,6,2020-06-01,TikTok,EducaOnline,Educação,Stories,310062,20579,3210,7191,1601848,172953,7.79,08:00
2020,6,2020-06-01,Instagram,EducaOnline,Games,Stories,785666,60527,1861,4766,1346448,1225420,7.67,08:00
2020,6,2020-06-01,Facebook,GamesBR,Educação,Carrossel,816268,63967,4998,2722,1913197,1987684,4.64,08:00
2020,6,2020-06-01,LinkedIn,ModaHoje,Educação,Imagem,860050,51033,1248,2987,937569,1962468,7.02,12:00
2020,6,2020-06-01,Instagram,TechBrasil,Entretenimento,Carrossel,579010,7035,2617,5859,169891,766950,1.07,21:00
2020,6,2020-06-01,Instagram,ModaHoje,Entretenimento,Stories,39357,55910,2899,723,1942275,2057671,6.79,08:00
2020,6,2020-06-01,YouTube,TechBrasil,Entretenimento,Live,242717,13091,1508,6738,1759024,712804,9.15,08:00
2020,6,2020-06-01,YouTube,ModaHoje,Games,Imagem,170188,29347,1740,8807,511724,1898604,3.34,21:00
2020,6,2020-06-01,YouTube,ModaHoje,Entretenimento,Imagem,203945,50303,2560,6629,534576,1044541,0.56,12:00
2020,6,2020-06-01,YouTube,ModaHoje,Games,Vídeo,533881,37542,3476,357,960813,384194,4.47,12:00
2020,6,2020-06-01,YouTube,GamesBR,Tecnologia,Live,117390,12787,510,605,148865,665851,4.56,18:00
2020,6,2020-06-01,LinkedIn,EducaOnline,Educação,Vídeo,554759,14898,299,5037,1858082,489700,11.87,21:00
2020,6,2020-06-01,X,EducaOnline,Entretenimento,Live,849434,508,4307,9801,837344,898002,9.77,08:00
2020,6,2020-06-01,TikTok,TechBrasil,Games,Vídeo,776864,53599,4912,2685,1939808,763128,3.52,18:00
2020,6,2020-06-01,X,ModaHoje,Entretenimento,Vídeo,800572,28333,4853,9351,291310,1184895,7.6,18:00
2020,6,2020-06-01,X,GamesBR,Entretenimento,Live,909065,7504,3069,3620,545233,510254,8.91,08:00
2020,6,2020-06-01,LinkedIn,ModaHoje,Entretenimento,Stories,558585,79084,2446,585,186602,159377,9.46,18:00
2020,6,2020-06-01,LinkedIn,GamesBR,Tecnologia,Vídeo,614021,49649,4048,152,313957,1787554,1.0,18:00
2020,6,2020-06-01,YouTube,EducaOnline,Games,Live,341672,44573,2831,6963,525736,138263,9.24,08:00
2020,6,2020-06-01,TikTok,GamesBR,Games,Vídeo,925458,64311,1401,1231,913671,992922,7.44,21:00
2020,6,2020-06-01,X,EducaOnline,Entretenimento,Vídeo,739307,43146,1873,1276,105410,1351033,5.13,21:00
2020,6,2020-06-01,Facebook,TechBrasil,Educação,Carrossel,186223,8091,2576,5603,61011,1513249,0.86,08:00
2020,6,2020-06-01,LinkedIn,ModaHoje,Educação,Vídeo,179025,56069,3126,4197,202847,1721494,3.77,08:00
2020,6,2020-06-01,LinkedIn,GamesBR,Tecnologia,Vídeo,446084,50383,497,4714,1993309,2021172,11.43,08:00
2020,6,2020-06-01,YouTube,GamesBR,Tecnologia,Vídeo,80069,24838,472,9719,1806193,909593,1.96,21:00
2020,6,2020-06-01,X,GamesBR,Games,Imagem,88572,57624,1450,4748,1507606,962921,4.28,21:00
2020,6,2020-06-01,X,GamesBR,Games,Carrossel,866784,38872,1202,4515,1937115,1187030,4.9,08:00
2020,6,2020-06-01,Facebook,GamesBR,Entretenimento,Imagem,127230,61245,3217,6172,1117561,1572754,7.41,12:00
2020,6,2020-06-01,LinkedIn,EducaOnline,Entretenimento,Carrossel,906235,44926,151,7126,69641,1882166,9.36,21:00
2020,6,2020-06-01,Facebook,EducaOnline,Educação,Stories,711059,11604,2422,1076,89843,1477684,6.82,21:00
2020,6,2020-06-01,YouTube,TechBrasil,Educação,Stories,519975,18320,2153,6372,83576,1968556,4.24,08:00
2020,6,2020-06-01,YouTube,ModaHoje,Educação,Stories,467621,35276,4070,3939,757868,1039358,9.21,12:00
2020,6,2020-06-01,LinkedIn,ModaHoje,Entretenimento,Vídeo,722090,6921,208,7364,206577,1979438,10.31,21:00
2020,7,2020-07-01,YouTube,GamesBR,Tecnologia,Carrossel,236547,16889,2760,158,654160,794727,0.55,12:00
2020,7,2020-07-01,LinkedIn,ModaHoje,Tecnologia,Stories,114008,52946,539,1718,1651116,1568061,0.65,18:00
2020,7,2020-07-01,YouTube,GamesBR,Educação,Live,276383,47604,2850,5619,83438,1807731,7.23,21:00
2020,7,2020-07-01,LinkedIn,GamesBR,Entretenimento,Carrossel,404671,2932,957,9436,1801574,321229,11.96,08:00
2020,7,2020-07-01,Facebook,GamesBR,Tecnologia,Vídeo,665235,33832,995,753,1284221,727845,10.53,08:00
2020,7,2020-07-01,TikTok,TechBrasil,Games,Vídeo,680321,51461,1255,3139,1040275,1896696,5.24,21:00
2020,7,2020-07-01,LinkedIn,GamesBR,Entretenimento,Imagem,51831,32854,2991,1445,705990,322918,7.21,12:00
2020,7,2020-07-01,Instagram,GamesBR,Games,Carrossel,294019,69793,1414,4167,448264,126011,2.22,08:00
2020,7,2020-07-01,X,ModaHoje,Games,Live,679465,28936,2954,7948,912817,503384,1.92,21:00
2020,7,2020-07-01,Facebook,EducaOnline,Entretenimento,Live,488620,24827,2044,3689,670712,346536,10.92,12:00
2020,7,2020-07-01,X,EducaOnline,Entretenimento,Live,929346,32169,2335,783,908762,753340,0.99,21:00
2020,7,2020-07-01,Facebook,EducaOnline,Educação,Stories,720782,62334,4680,8969,205519,1132867,2.33,12:00
2020,7,2020-07-01,Facebook,EducaOnline,Entretenimento,Carrossel,652553,11988,3086,3411,564461,1815091,1.05,12:00
2020,7,2020-07-01,X,GamesBR,Games,Stories,136751,11991,492,3725,1313755,1712044,4.61,18:00
2020,7,2020-07-01,LinkedIn,ModaHoje,Games,Live,946241,62242,507,7194,1506810,439123,8.09,08:00
2020,7,2020-07-01,YouTube,TechBrasil,Tecnologia,Stories,788290,52856,4443,1255,1706443,1343756,10.63,21:00
2020,7,2020-07-01,Instagram,ModaHoje,Educação,Imagem,968938,52878,2864,7487,1563707,550294,11.99,12:00
2020,7,2020-07-01,X,ModaHoje,Educação,Carrossel,609841,59907,3289,5670,1240335,2076934,7.93,21:00
2020,7,2020-07-01,Facebook,TechBrasil,Entretenimento,Live,939574,3523,2794,9226,1832315,1993791,4.65,18:00
2020,7,2020-07-01,Facebook,TechBrasil,Entretenimento,Stories,191977,56638,3341,3067,1366008,2018846,4.88,21:00
2020,7,2020-07-01,X,EducaOnline,Tecnologia,Carrossel,392224,2261,1208,2766,100673,829806,9.9,08:00
2020,7,2020-07-01,Facebook,GamesBR,Tecnologia,Live,86209,29718,2907,8753,1044372,2490949,0.89,21:00
2020,7,2020-07-01,Facebook,GamesBR,Educação,Imagem,421093,26034,1447,6205,1724263,20514,5.06,18:00
2020,7,2020-07-01,X,TechBrasil,Games,Imagem,613174,78163,776,5695,580653,2273808,9.56,12:00
2020,7,2020-07-01,TikTok,ModaHoje,Games,Stories,69303,58418,4771,3366,115464,664228,7.63,08:00
2020,7,2020-07-01,TikTok,EducaOnline,Tecnologia,Live,892814,57489,2964,7716,1436290,46199,1.84,12:00
2020,7,2020-07-01,Instagram,EducaOnline,Games,Imagem,57509,23221,349,7878,1339200,1628113,1.56,18:00
2020,7,2020-07-01,LinkedIn,ModaHoje,Educação,Vídeo,429250,64231,2722,3418,1688586,2350523,11.91,12:00
2020,7,2020-07-01,Instagram,TechBrasil,Games,Imagem,835930,33500,4030,712,1437359,1038426,1.64,08:00
2020,7,2020-07-01,Facebook,TechBrasil,Entretenimento,Stories,375484,65309,3379,439,1158592,832115,8.8,12:00
2020,7,2020-07-01,LinkedIn,EducaOnline,Games,Stories,786873,77225,1433,5671,1029973,1184053,6.29,08:00
2020,7,2020-07-01,Instagram,EducaOnline,Tecnologia,Imagem,439797,33455,4014,1046,1664369,518683,8.59,21:00
2020,7,2020-07-01,TikTok,GamesBR,Entretenimento,Stories,547308,69997,1074,4712,513083,873790,11.49,12:00
2020,7,2020-07-01,Facebook,GamesBR,Games,Live,419793,64462,4413,4428,767020,1625401,4.04,18:00
2020,7,2020-07-01,Facebook,TechBrasil,Games,Live,458243,76295,2387,4796,859857,931659,3.6,08:00
2020,7,2020-07-01,YouTube,TechBrasil,Tecnologia,Imagem,425990,49609,1785,7988,1956838,121620,1.2,08:00
2020,7,2020-07-01,Instagram,TechBrasil,Entretenimento,Stories,283728,69259,840,9363,1701969,1544912,5.74,12:00
2020,8,2020-08-01,Instagram,ModaHoje,Games,Carrossel,620987,28246,3304,7358,1381593,621852,2.19,08:00
2020,8,2020-08-01,Facebook,ModaHoje,Tecnologia,Vídeo,569751,63037,3425,8899,10325,2172576,6.03,21:00
2020,8,2020-08-01,X,EducaOnline,Educação,Carrossel,533930,73760,1663,4733,544080,1543210,5.94,18:00
2020,8,2020-08-01,Instagram,ModaHoje,Entretenimento,Live,309571,60524,3573,4154,90841,2216327,7.38,12:00
2020,8,2020-08-01,LinkedIn,GamesBR,Entretenimento,Imagem,432684,37529,3011,8702,429905,517932,10.89,21:00
2020,8,2020-08-01,TikTok,GamesBR,Entretenimento,Stories,975051,3277,1823,4203,1892299,1113947,1.43,21:00
2020,8,2020-08-01,Facebook,EducaOnline,Games,Carrossel,812339,41185,231,3998,1175454,1861658,8.89,21:00
2020,8,2020-08-01,Facebook,EducaOnline,Entretenimento,Live,813780,18002,2123,1053,1474955,798787,1.83,18:00
2020,8,2020-08-01,YouTube,ModaHoje,Tecnologia,Live,954655,51254,2378,1368,1219399,2433109,1.8,08:00
2020,8,2020-08-01,Facebook,TechBrasil,Games,Imagem,191853,73329,210,3950,865828,1471567,10.14,08:00
2020,8,2020-08-01,YouTube,ModaHoje,Entretenimento,Stories,148148,14898,1835,1145,1481347,1773279,6.53,12:00
2020,8,2020-08-01,Facebook,EducaOnline,Tecnologia,Live,866220,25126,1318,9085,1868475,1614640,10.58,21:00
2020,8,2020-08-01,LinkedIn,ModaHoje,Educação,Carrossel,388349,12613,818,5096,870260,1370192,9.43,08:00
2020,8,2020-08-01,Instagram,EducaOnline,Tecnologia,Vídeo,39618,45855,3444,7310,940165,2085402,4.52,18:00
2020,8,2020-08-01,Instagram,EducaOnline,Games,Imagem,702210,47376,2415,1653,268920,2095045,1.5,08:00
2020,8,2020-08-01,YouTube,EducaOnline,Educação,Carrossel,742887,13861,3780,8690,1224988,607355,10.28,12:00
2020,8,2020-08-01,X,EducaOnline,Games,Live,651497,5231,4638,191,594885,1155469,0.83,12:00
2020,8,2020-08-01,TikTok,ModaHoje,Entretenimento,Live,532554,27687,2820,4596,707114,1648475,8.48,12:00
2020,8,2020-08-01,YouTube,TechBrasil,Games,Vídeo,603881,7212,692,6206,974706,1653572,6.59,12:00
2020,8,2020-08-01,YouTube,TechBrasil,Entretenimento,Stories,339440,60297,3744,219,1608913,314358,6.25,18:00
2020,8,2020-08-01,LinkedIn,ModaHoje,Tecnologia,Vídeo,207101,44478,3638,3010,1612007,2351550,3.46,18:00
2020,8,2020-08-01,YouTube,GamesBR,Entretenimento,Imagem,150289,5352,1039,8905,395731,1132334,11.68,18:00
2020,8,2020-08-01,X,GamesBR,Games,Imagem,338861,8086,3525,5070,934235,1750692,2.99,08:00
2020,8,2020-08-01,YouTube,TechBrasil,Educação,Imagem,844731,10178,2896,5850,1493630,242875,8.06,21:00
2020,8,2020-08-01,Instagram,GamesBR,Entretenimento,Live,569047,7783,587,2706,1123748,1257874,5.8,08:00
2020,8,2020-08-01,YouTube,GamesBR,Tecnologia,Live,810319,23536,4206,1212,454597,1275385,6.27,12:00
2020,8,2020-08-01,YouTube,TechBrasil,Games,Stories,811979,27342,3979,3751,559506,2016001,8.34,08:00
2020,8,2020-08-01,X,GamesBR,Games,Carrossel,326537,10962,4681,1671,1091965,1049340,6.14,21:00
2020,8,2020-08-01,YouTube,TechBrasil,Tecnologia,Vídeo,972513,31982,3957,2835,1605646,1193540,4.3,12:00
2020,8,2020-08-01,Instagram,EducaOnline,Games,Imagem,147934,844,4439,659,1785384,2139667,11.77,21:00
2020,8,2020-08-01,X,GamesBR,Tecnologia,Live,906711,18372,4407,9058,1345830,1105415,8.41,12:00
2020,8,2020-08-01,TikTok,EducaOnline,Tecnologia,Vídeo,624834,71556,2211,8461,1110244,742642,7.62,18:00
2020,8,2020-08-01,Instagram,GamesBR,Tecnologia,Stories,358369,843,1977,4986,643077,974943,11.2,08:00
2020,8,2020-08-01,Instagram,EducaOnline,Games,Vídeo,66493,54527,4370,6873,822632,37163,6.01,08:00
2020,8,2020-08-01,Instagram,GamesBR,Entretenimento,Imagem,501868,23350,1876,9808,1998805,2096211,3.99,18:00
2020,8,2020-08-01,LinkedIn,EducaOnline,Games,Carrossel,722283,47211,317,7668,1403625,67458,7.87,08:00
2020,8,2020-08-01,YouTube,TechBrasil,Games,Vídeo,703765,14859,1444,3178,1524673,1156054,4.57,18:00
2020,9,2020-09-01,YouTube,EducaOnline,Educação,Vídeo,830723,59982,329,5491,205684,1920104,7.91,18:00
2020,9,2020-09-01,TikTok,EducaOnline,Tecnologia,Vídeo,112709,73151,3367,1164,606995,1677370,4.92,08:00
2020,9,2020-09-01,X,ModaHoje,Entretenimento,Imagem,409519,46810,3653,5702,81098,2213740,1.02,21:00
2020,9,2020-09-01,TikTok,EducaOnline,Entretenimento,Live,925637,30339,2647,411,1761304,1008564,8.17,21:00
2020,9,2020-09-01,LinkedIn,TechBrasil,Entretenimento,Vídeo,452549,33438,1126,169,301348,1778568,4.53,21:00
2020,9,2020-09-01,Instagram,EducaOnline,Tecnologia,Carrossel,150130,6572,415,8112,1632170,202410,2.3,18:00
2020,9,2020-09-01,Facebook,TechBrasil,Tecnologia,Stories,477124,24079,2235,8719,1830258,168601,1.65,21:00
2020,9,2020-09-01,Instagram,EducaOnline,Tecnologia,Carrossel,902689,71542,3593,891,1348618,465931,10.91,18:00
2020,9,2020-09-01,YouTube,EducaOnline,Entretenimento,Live,543027,36974,2834,4893,1533569,476249,3.35,12:00
2020,9,2020-09-01,Facebook,TechBrasil,Educação,Vídeo,791617,78379,3537,4430,262880,1796193,4.89,21:00
2020,9,2020-09-01,TikTok,GamesBR,Games,Imagem,537036,10343,2031,6799,1513420,1329008,9.32,12:00
2020,9,2020-09-01,Facebook,TechBrasil,Games,Carrossel,497091,33659,1374,3794,1174075,1557479,0.52,12:00
2020,9,2020-09-01,TikTok,GamesBR,Games,Carrossel,504373,21282,2383,1239,797239,1370133,9.31,12:00
2020,9,2020-09-01,TikTok,GamesBR,Tecnologia,Stories,298979,14136,4298,1657,396922,2471241,6.51,08:00
2020,9,2020-09-01,Facebook,GamesBR,Tecnologia,Live,244588,75337,4910,5166,112938,560101,5.58,12:00
2020,9,2020-09-01,LinkedIn,GamesBR,Entretenimento,Live,174740,3626,3346,749,614821,652921,1.04,18:00
2020,9,2020-09-01,TikTok,GamesBR,Entretenimento,Stories,51740,78133,3405,1309,1794991,2097078,4.43,08:00
2020,9,2020-09-01,Instagram,TechBrasil,Games,Live,219442,978,1173,8480,21008,1543035,3.93,08:00
2020,9,2020-09-01,YouTube,EducaOnline,Entretenimento,Imagem,696108,9389,4228,2959,1187733,2425927,5.78,18:00
2020,9,2020-09-01,YouTube,TechBrasil,Tecnologia,Vídeo,756289,36932,463,4123,981660,2097500,9.06,18:00
2020,9,2020-09-01,YouTube,ModaHoje,Entretenimento,Imagem,467487,65388,4791,9694,1560718,1912452,11.98,18:00
2020,9,2020-09-01,Instagram,TechBrasil,Entretenimento,Stories,871411,1579,2396,5933,773150,2007191,7.24,18:00
2020,9,2020-09-01,TikTok,EducaOnline,Tecnologia,Vídeo,564756,8545,693,140,110065,1849329,1.31,18:00
2020,9,2020-09-01,LinkedIn,TechBrasil,Entretenimento,Carrossel,396148,28925,624,1773,1040300,2113549,9.16,21:00
2020,9,2020-09-01,X,EducaOnline,Tecnologia,Carrossel,643054,45181,1957,1977,1806267,2188433,4.12,08:00
2020,9,2020-09-01,X,TechBrasil,Tecnologia,Live,371571,41138,2086,9514,283245,2474526,10.18,08:00
2020,9,2020-09-01,Instagram,ModaHoje,Educação,Imagem,357785,54616,1282,1056,317343,568653,10.26,21:00
2020,9,2020-09-01,TikTok,EducaOnline,Educação,Imagem,922815,71187,2980,7341,1243397,690223,1.92,08:00
2020,9,2020-09-01,TikTok,GamesBR,Educação,Live,668129,59201,3742,6194,1866489,2416389,0.72,12:00
2020,9,2020-09-01,Instagram,GamesBR,Tecnologia,Stories,975820,74152,2109,3439,1159836,1978721,11.89,18:00
2020,9,2020-09-01,X,TechBrasil,Educação,Stories,19346,35274,118,8751,1658671,50745,8.98,08:00
2020,9,2020-09-01,Instagram,GamesBR,Games,Live,879043,50403,551,6215,348819,1723408,6.0,21:00
2020,9,2020-09-01,TikTok,GamesBR,Games,Live,41945,3865,4848,2740,751119,2382757,2.31,08:00
2020,9,2020-09-01,TikTok,ModaHoje,Games,Carrossel,532970,15656,793,7001,303012,1706154,2.41,18:00
2020,9,2020-09-01,YouTube,TechBrasil,Entretenimento,Live,133168,16541,3945,2274,826223,1064545,2.09,18:00
2020,9,2020-09-01,X,TechBrasil,Games,Vídeo,916669,62956,4581,2390,1638721,588940,5.82,08:00
2020,9,2020-09-01,TikTok,GamesBR,Educação,Live,803632,48639,4553,299,1979893,1540659,11.19,18:00
2020,10,2020-10-01,LinkedIn,TechBrasil,Educação,Carrossel,575193,30432,3803,7517,1010045,672412,11.36,18:00
2020,10,2020-10-01,Instagram,ModaHoje,Educação,Live,21724,60194,635,8411,793919,2045784,6.95,18:00
2020,10,2020-10-01,Facebook,GamesBR,Tecnologia,Vídeo,523044,51415,3266,4997,705921,2451279,10.02,18:00
2020,10,2020-10-01,Facebook,ModaHoje,Games,Carrossel,916599,47252,3266,446,54486,97595,1.09,18:00
2020,10,2020-10-01,Instagram,TechBrasil,Educação,Carrossel,882732,25211,1756,8633,1397322,642026,4.49,08:00
2020,10,2020-10-01,LinkedIn,EducaOnline,Entretenimento,Stories,617793,55551,4677,4479,1713279,741218,11.14,21:00
2020,10,2020-10-01,LinkedIn,TechBrasil,Entretenimento,Carrossel,47226,61999,1467,7483,1812182,1195113,11.53,18:00
2020,10,2020-10-01,Instagram,EducaOnline,Educação,Stories,620132,42559,1879,2883,1617429,993610,3.89,12:00
2020,10,2020-10-01,X,TechBrasil,Games,Imagem,877400,12948,2758,6792,1702502,2291352,9.39,21:00
2020,10,2020-10-01,LinkedIn,EducaOnline,Games,Vídeo,392938,5054,351,3636,1196887,1662974,9.93,08:00
2020,10,2020-10-01,Instagram,TechBrasil,Entretenimento,Carrossel,425661,55958,3281,3784,280409,1064380,11.56,12:00
2020,10,2020-10-01,LinkedIn,ModaHoje,Entretenimento,Vídeo,541109,10909,3589,3893,1910555,2247035,11.98,12:00
2020,10,2020-10-01,TikTok,ModaHoje,Tecnologia,Imagem,167663,25290,347,7175,385077,376781,6.07,08:00
2020,10,2020-10-01,TikTok,TechBrasil,Games,Imagem,760148,61152,3623,8197,151651,626161,10.37,08:00
2020,10,2020-10-01,TikTok,EducaOnline,Games,Live,242186,58150,2340,9672,1525853,590759,5.51,21:00
2020,10,2020-10-01,YouTube,EducaOnline,Games,Carrossel,120848,12228,433,8343,950971,676500,8.62,18:00
2020,10,2020-10-01,YouTube,GamesBR,Educação,Imagem,438000,4925,1885,5221,1874712,1056695,8.31,08:00
2020,10,2020-10-01,Instagram,EducaOnline,Tecnologia,Imagem,302003,38537,1679,2999,1136116,842823,4.94,12:00
2020,10,2020-10-01,Facebook,ModaHoje,Educação,Carrossel,329024,68221,472,4548,1417213,1853351,9.55,12:00
2020,10,2020-10-01,X,TechBrasil,Entretenimento,Stories,248226,22852,2091,2625,455822,1884364,9.77,21:00
2020,10,2020-10-01,LinkedIn,GamesBR,Games,Live,240734,24841,86,7113,556349,573363,9.15,08:00
2020,10,2020-10-01,YouTube,GamesBR,Educação,Imagem,579810,4065,3337,2529,1753266,1431084,6.44,12:00
2020,10,2020-10-01,X,TechBrasil,Games,Vídeo,484664,62068,2545,5928,560167,1772165,8.08,08:00
2020,10,2020-10-01,TikTok,GamesBR,Entretenimento,Live,776463,65688,4002,3699,253702,690143,5.85,12:00
2020,10,2020-10-01,TikTok,GamesBR,Entretenimento,Stories,607342,52646,2409,4971,910856,1596935,2.08,18:00
2020,10,2020-10-01,Facebook,ModaHoje,Entretenimento,Carrossel,360730,49316,105,1601,1264068,462630,1.4,08:00
2020,10,2020-10-01,X,ModaHoje,Games,Carrossel,973149,31281,2906,5212,1375316,547639,8.59,21:00
2020,10,2020-10-01,Facebook,EducaOnline,Tecnologia,Carrossel,787618,77255,1191,185,60680,65827,0.79,21:00
2020,10,2020-10-01,Instagram,TechBrasil,Tecnologia,Carrossel,316647,15483,2241,5611,1436938,68507,6.99,12:00
2020,10,2020-10-01,Facebook,ModaHoje,Tecnologia,Carrossel,105227,53629,1365,6976,470636,1326165,9.51,21:00
2020,10,2020-10-01,Instagram,EducaOnline,Educação,Stories,13437,74325,4406,7713,851168,1118550,1.9,21:00
2020,10,2020-10-01,Facebook,TechBrasil,Games,Vídeo,990045,65514,2177,1688,648263,1538042,10.46,08:00
2020,10,2020-10-01,LinkedIn,EducaOnline,Tecnologia,Vídeo,975576,27009,4680,9093,429112,207485,2.74,12:00
2020,10,2020-10-01,X,EducaOnline,Educação,Vídeo,55376,56982,3512,4412,1990602,248690,6.39,08:00
2020,10,2020-10-01,Facebook,EducaOnline,Entretenimento,Live,184339,38917,3024,9216,746266,365989,3.39,18:00
2020,10,2020-10-01,Instagram,ModaHoje,Tecnologia,Imagem,387390,66487,4204,282,1886647,112642,6.1,21:00
2020,10,2020-10-01,LinkedIn,TechBrasil,Tecnologia,Stories,625189,56102,3149,413,115818,1499446,3.08,18:00
2020,11,2020-11-01,Instagram,TechBrasil,Games,Stories,225113,60447,1785,4225,996035,681209,11.41,12:00
2020,11,2020-11-01,X,GamesBR,Entretenimento,Carrossel,474747,29487,3537,57,1883469,112982,7.16,21:00
2020,11,2020-11-01,LinkedIn,TechBrasil,Educação,Live,83533,33546,1766,9591,55024,656004,4.69,08:00
2020,11,2020-11-01,TikTok,EducaOnline,Games,Imagem,345030,41318,2962,5764,364912,362568,6.47,08:00
2020,11,2020-11-01,LinkedIn,TechBrasil,Games,Vídeo,307922,78581,720,5705,1055955,1369584,2.49,18:00
2020,11,2020-11-01,Instagram,ModaHoje,Games,Stories,326747,58916,1981,8912,441735,1455915,11.53,12:00
2020,11,2020-11-01,LinkedIn,GamesBR,Tecnologia,Vídeo,74760,59141,409,998,4203,1007296,11.49,18:00
2020,11,2020-11-01,X,ModaHoje,Games,Imagem,667388,29424,1214,4166,552502,573876,7.55,21:00
2020,11,2020-11-01,YouTube,TechBrasil,Educação,Live,226585,21253,2392,974,1149204,1591431,5.03,21:00
2020,11,2020-11-01,Facebook,TechBrasil,Games,Vídeo,304976,75832,836,7810,300025,1531247,10.12,12:00
2020,11,2020-11-01,YouTube,EducaOnline,Games,Live,213620,646,26,7259,1822341,1824126,2.89,18:00
2020,11,2020-11-01,X,TechBrasil,Games,Stories,748438,41539,2516,5083,1078628,1181834,2.03,08:00
2020,11,2020-11-01,Instagram,ModaHoje,Tecnologia,Stories,214162,7781,659,5885,402036,492134,0.86,18:00
2020,11,2020-11-01,Instagram,GamesBR,Entretenimento,Vídeo,861393,2112,4934,1006,409448,1379705,10.1,12:00
2020,11,2020-11-01,Instagram,GamesBR,Games,Vídeo,378284,61496,4929,6168,137528,1878080,3.03,18:00
2020,11,2020-11-01,YouTube,ModaHoje,Tecnologia,Live,538649,6865,1080,8796,1144883,1076471,5.08,12:00
2020,11,2020-11-01,Instagram,ModaHoje,Tecnologia,Stories,721216,24756,2361,6661,1558818,2402229,3.34,12:00
2020,11,2020-11-01,X,ModaHoje,Educação,Vídeo,975891,3297,4333,9360,343998,1803421,10.98,08:00
2020,11,2020-11-01,Instagram,ModaHoje,Educação,Vídeo,586444,72545,3553,205,57566,2358407,11.72,12:00
2020,11,2020-11-01,X,TechBrasil,Educação,Vídeo,88032,60600,173,1576,1171430,2382597,5.33,21:00
2020,11,2020-11-01,YouTube,TechBrasil,Games,Live,672383,59051,4776,2421,641126,755794,9.92,12:00
2020,11,2020-11-01,Instagram,ModaHoje,Educação,Live,122791,4459,3099,3735,1164529,757864,11.82,08:00
2020,11,2020-11-01,TikTok,TechBrasil,Games,Carrossel,444127,34052,748,9530,553385,201053,6.93,21:00
2020,11,2020-11-01,TikTok,EducaOnline,Games,Live,394582,35874,1990,212,463142,1309228,4.35,08:00
2020,11,2020-11-01,Instagram,ModaHoje,Educação,Imagem,169774,72321,4760,555,1081295,1708184,11.85,21:00
2020,11,2020-11-01,Instagram,TechBrasil,Educação,Live,267278,5587,1018,5774,1203826,2160566,1.67,12:00
2020,11,2020-11-01,Facebook,GamesBR,Educação,Live,266400,71813,3759,7893,1000169,1414978,5.97,12:00
2020,11,2020-11-01,LinkedIn,GamesBR,Educação,Vídeo,524326,18507,1227,7630,473771,498823,7.41,18:00
2020,11,2020-11-01,X,GamesBR,Tecnologia,Live,248610,57639,3505,3242,7996,390239,11.43,08:00
2020,11,2020-11-01,Instagram,EducaOnline,Tecnologia,Carrossel,917885,47524,2136,7819,1627115,756412,6.84,12:00
2020,11,2020-11-01,Facebook,TechBrasil,Games,Vídeo,628869,64168,1517,9066,398998,40006,8.23,18:00
2020,11,2020-11-01,Instagram,EducaOnline,Games,Vídeo,529833,8554,1432,1603,1636994,2256799,11.86,18:00
2020,11,2020-11-01,YouTube,EducaOnline,Entretenimento,Stories,534049,40733,4867,9991,354626,1785673,4.62,12:00
2020,11,2020-11-01,Facebook,GamesBR,Tecnologia,Live,533395,907,53,3281,639332,2041208,11.82,12:00
2020,11,2020-11-01,Instagram,ModaHoje,Entretenimento,Vídeo,885040,17405,2677,4961,19116,1897130,11.75,18:00
2020,11,2020-11-01,Facebook,GamesBR,Tecnologia,Vídeo,544528,66590,2912,2006,363253,35659,6.65,18:00
2020,11,2020-11-01,YouTube,TechBrasil,Educação,Carrossel,91049,2697,2681,1205,769360,402531,10.78,08:00
2020,12,2020-12-01,TikTok,ModaHoje,Games,Vídeo,335013,66530,583,8537,802624,2358944,11.76,18:00
2020,12,2020-12-01,TikTok,EducaOnline,Tecnologia,Carrossel,5403,29439,2103,2704,290393,1911121,1.89,08:00
2020,12,2020-12-01,X,ModaHoje,Educação,Vídeo,786803,62005,3085,6037,1133108,957495,6.36,21:00
2020,12,2020-12-01,TikTok,GamesBR,Games,Live,274581,5166,4560,1223,149331,1184787,2.17,08:00
2020,12,2020-12-01,Facebook,EducaOnline,Educação,Imagem,998088,51154,3476,6256,425375,1681510,11.51,08:00
2020,12,2020-12-01,YouTube,GamesBR,Tecnologia,Vídeo,17837,65727,3210,1960,1088029,394680,11.25,21:00
2020,12,2020-12-01,X,EducaOnline,Entretenimento,Carrossel,443383,28133,155,7506,1718020,1838211,3.18,18:00
2020,12,2020-12-01,X,EducaOnline,Tecnologia,Stories,68276,22241,168,4165,1448435,1238310,2.78,12:00
2020,12,2020-12-01,Instagram,TechBrasil,Entretenimento,Live,973790,70833,331,2342,1402497,1265442,9.43,12:00
2020,12,2020-12-01,LinkedIn,ModaHoje,Educação,Stories,636212,72216,235,9650,601883,727488,3.27,18:00
2020,12,2020-12-01,X,ModaHoje,Entretenimento,Live,553441,32686,4588,751,1390329,1009672,2.4,08:00
2020,12,2020-12-01,Instagram,TechBrasil,Educação,Imagem,871877,66345,426,5543,470795,1913452,4.95,12:00
2020,12,2020-12-01,Facebook,ModaHoje,Entretenimento,Stories,259131,47875,2562,7725,1911067,2328176,4.79,21:00
2020,12,2020-12-01,LinkedIn,TechBrasil,Entretenimento,Imagem,215913,22750,280,3722,1717512,444572,8.51,18:00
2020,12,2020-12-01,X,ModaHoje,Educação,Imagem,207479,30036,3147,8769,966143,1997124,8.23,18:00
2020,12,2020-12-01,Facebook,EducaOnline,Educação,Stories,53413,60394,3183,2790,1517903,53451,7.47,18:00
2020,12,2020-12-01,TikTok,GamesBR,Tecnologia,Imagem,974328,12645,2848,1556,525097,967255,1.22,12:00
2020,12,2020-12-01,TikTok,GamesBR,Educação,Vídeo,487687,37917,1120,9447,1572010,2378793,5.37,12:00
2020,12,2020-12-01,Facebook,TechBrasil,Entretenimento,Vídeo,12460,53325,490,2320,385581,1281354,3.88,12:00
2020,12,2020-12-01,TikTok,GamesBR,Games,Live,697434,3219,656,4582,114719,1452723,9.4,12:00
2020,12,2020-12-01,X,TechBrasil,Games,Carrossel,95052,10922,337,4647,1143270,1636681,8.9,21:00
2020,12,2020-12-01,X,ModaHoje,Entretenimento,Stories,744883,77132,1831,1269,1929730,2249974,1.4,08:00
2020,12,2020-12-01,YouTube,EducaOnline,Tecnologia,Live,494548,17307,2154,141,245383,2331199,11.28,21:00
2020,12,2020-12-01,Facebook,ModaHoje,Entretenimento,Live,981628,40678,636,5172,948880,2439877,6.64,08:00
2020,12,2020-12-01,TikTok,GamesBR,Educação,Stories,498627,22885,3816,3404,53149,138467,7.21,21:00
2020,12,2020-12-01,TikTok,TechBrasil,Educação,Live,53092,63303,623,3173,358406,940249,10.59,12:00
2020,12,2020-12-01,X,ModaHoje,Entretenimento,Stories,533531,3908,3596,2526,1898433,1768481,6.78,08:00
2020,12,2020-12-01,Instagram,GamesBR,Games,Vídeo,787727,62810,4836,3949,1381358,1543831,10.14,12:00
2020,12,2020-12-01,YouTube,ModaHoje,Entretenimento,Carrossel,351366,25634,2262,8056,979100,1822201,1.96,08:00
2020,12,2020-12-01,Facebook,ModaHoje,Tecnologia,Vídeo,980700,9051,4327,8471,1903528,694643,1.0,12:00
2020,12,2020-12-01,Instagram,TechBrasil,Tecnologia,Imagem,839167,25813,3030,5826,808139,856636,10.1,18:00
2020,12,2020-12-01,Instagram,GamesBR,Games,Imagem,645476,37604,1124,5714,1718629,2161703,7.66,21:00
2020,12,2020-12-01,Facebook,ModaHoje,Entretenimento,Live,242814,36090,2549,3520,511359,1405258,7.61,12:00
2020,12,2020-12-01,Instagram,EducaOnline,Entretenimento,Live,125357,26937,1831,8619,1772882,2024015,8.86,21:00
2020,12,2020-12-01,TikTok,GamesBR,Tecnologia,Live,354890,32895,4487,5400,1748633,641149,7.98,18:00
2020,12,2020-12-01,YouTube,EducaOnline,Games,Vídeo,841946,48583,2336,561,1921582,2254345,11.67,12:00
2020,12,2020-12-01,LinkedIn,ModaHoje,Games,Carrossel,374787,53652,2673,9084,598951,1505034,8.28,18:00
2021,1,2021-01-01,LinkedIn,EducaOnline,Tecnologia,Imagem,374469,33999,2120,7948,1326341,497598,3.26,12:00
2021,1,2021-01-01,YouTube,GamesBR,Educação,Vídeo,108565,79576,3835,9990,714525,88222,10.61,21:00
2021,1,2021-01-01,YouTube,TechBrasil,Entretenimento,Carrossel,134251,34888,4146,7046,146107,2392543,0.74,08:00
2021,1,2021-01-01,Facebook,ModaHoje,Games,Carrossel,6418,27379,1116,7762,1486059,604223,5.27,12:00
2021,1,2021-01-01,LinkedIn,GamesBR,Tecnologia,Stories,938466,12772,3555,1632,1418393,707007,8.89,21:00
2021,1,2021-01-01,TikTok,EducaOnline,Entretenimento,Stories,317674,63921,2755,6240,805144,2067267,5.7,12:00
2021,1,2021-01-01,LinkedIn,ModaHoje,Educação,Imagem,852557,53358,2286,455,452803,250034,5.68,21:00
2021,1,2021-01-01,Facebook,ModaHoje,Educação,Carrossel,722371,20260,2110,3758,972650,2387150,2.96,08:00
2021,1,2021-01-01,Instagram,GamesBR,Games,Live,999280,3779,3211,871,77084,1146981,4.66,08:00
2021,1,2021-01-01,YouTube,GamesBR,Entretenimento,Imagem,453403,36466,3000,2689,543458,2432623,10.61,08:00
2021,1,2021-01-01,Instagram,ModaHoje,Tecnologia,Vídeo,309721,1125,3413,7332,1854777,2148858,4.59,12:00
2021,1,2021-01-01,TikTok,TechBrasil,Educação,Carrossel,877230,29232,2200,7418,1722776,1430066,1.15,18:00
2021,1,2021-01-01,Facebook,ModaHoje,Educação,Stories,166167,6160,3744,9000,1505030,1480567,3.04,21:00
2021,1,2021-01-01,Instagram,TechBrasil,Tecnologia,Vídeo,949440,58085,2460,654,1227666,377395,11.35,12:00
2021,1,2021-01-01,Facebook,TechBrasil,Tecnologia,Live,71394,36609,4702,8251,1821562,2438273,6.25,18:00
2021,1,2021-01-01,TikTok,EducaOnline,Educação,Imagem,250484,21395,2114,6712,1573846,1654447,10.18,08:00
2021,1,2021-01-01,YouTube,ModaHoje,Entretenimento,Carrossel,629439,57645,2501,4569,553128,905841,11.88,12:00
2021,1,2021-01-01,Facebook,EducaOnline,Tecnologia,Imagem,111702,47843,2897,9411,341473,1741428,11.71,21:00
2021,1,2021-01-01,LinkedIn,TechBrasil,Games,Imagem,715797,1532,3396,6469,189478,355278,4.34,08:00
2021,1,2021-01-01,Instagram,EducaOnline,Educação,Stories,129827,69996,4544,7273,1933654,966040,5.86,21:00
2021,1,2021-01-01,LinkedIn,ModaHoje,Entretenimento,Stories,52826,30669,4901,5411,609657,2416914,7.01,18:00
2021,1,2021-01-01,TikTok,GamesBR,Tecnologia,Imagem,734594,13426,1032,800,57837,2172966,2.64,21:00
2021,1,2021-01-01,Facebook,TechBrasil,Games,Carrossel,3769,70936,2133,7419,544429,1368270,5.93,21:00
2021,1,2021-01-01,X,TechBrasil,Tecnologia,Imagem,333960,36046,3509,8425,305287,348419,4.95,21:00
2021,1,2021-01-01,Instagram,EducaOnline,Tecnologia,Vídeo,777552,35181,2183,4035,24990,2414891,0.99,08:00
2021,1,2021-01-01,Facebook,ModaHoje,Tecnologia,Carrossel,888107,32102,1888,1980,178288,1676308,11.33,18:00
2021,1,2021-01-01,LinkedIn,ModaHoje,Games,Imagem,132410,11958,2622,4821,591863,1169515,3.47,18:00
2021,1,2021-01-01,YouTube,EducaOnline,Games,Carrossel,783978,16946,4664,5168,750118,2385158,2.86,08:00
2021,1,2021-01-01,Instagram,GamesBR,Educação,Imagem,644258,22444,2308,6551,437272,755895,1.96,08:00
2021,1,2021-01-01,Facebook,EducaOnline,Tecnologia,Imagem,104433,67138,391,493,1499725,1768186,4.6,08:00
2021,1,2021-01-01,Instagram,EducaOnline,Tecnologia,Imagem,96671,68748,1018,4712,710519,789343,4.94,21:00
2021,1,2021-01-01,X,EducaOnline,Games,Live,642442,66438,2053,1123,1147547,1119442,7.4,21:00
2021,1,2021-01-01,Instagram,GamesBR,Entretenimento,Imagem,785111,65217,3778,5468,1864520,1181002,1.5,12:00
2021,1,2021-01-01,YouTube,ModaHoje,Tecnologia,Imagem,295657,66865,4251,6804,649532,1790022,8.97,18:00
2021,1,2021-01-01,X,GamesBR,Educação,Live,906664,73239,3720,8048,951185,1075908,8.25,21:00
2021,1,2021-01-01,YouTube,EducaOnline,Tecnologia,Stories,512891,54053,4389,1434,140184,143836,2.55,18:00
2021,1,2021-01-01,LinkedIn,EducaOnline,Tecnologia,Live,409987,19172,3498,439,1243780,1145773,6.5,18:00
2021,2,2021-02-01,X,GamesBR,Educação,Carrossel,718359,26201,4356,6085,25075,2361009,0.84,21:00
2021,2,2021-02-01,X,EducaOnline,Tecnologia,Live,686931,57527,3735,2955,1823069,72586,8.37,21:00
2021,2,2021-02-01,TikTok,GamesBR,Educação,Imagem,493089,61593,3853,1292,109700,1140359,5.2,12:00
2021,2,2021-02-01,Instagram,GamesBR,Entretenimento,Vídeo,424455,38148,1287,7033,439635,818578,1.08,21:00
2021,2,2021-02-01,X,EducaOnline,Games,Stories,531194,12088,666,6345,1691176,479924,5.14,18:00
2021,2,2021-02-01,Facebook,GamesBR,Tecnologia,Imagem,754051,75228,1718,6963,1827953,2454447,7.95,12:00
2021,2,2021-02-01,Facebook,ModaHoje,Educação,Imagem,719409,56764,2428,6176,243091,48927,1.89,12:00
2021,2,2021-02-01,TikTok,GamesBR,Games,Stories,8918,34963,2664,3617,1615532,864503,10.43,12:00
2021,2,2021-02-01,X,GamesBR,Tecnologia,Vídeo,397364,72078,2504,5331,812357,2032938,11.81,08:00
2021,2,2021-02-01,Facebook,EducaOnline,Games,Stories,20811,74210,2061,6272,668477,122078,6.15,18:00
2021,2,2021-02-01,TikTok,ModaHoje,Games,Carrossel,137022,35256,4567,1126,604868,2084592,8.65,12:00
2021,2,2021-02-01,YouTube,EducaOnline,Educação,Imagem,778828,189,3115,6985,368107,1214534,1.93,08:00
2021,2,2021-02-01,YouTube,EducaOnline,Entretenimento,Vídeo,115517,52047,1366,9639,1121547,1852127,8.53,08:00
2021,2,2021-02-01,LinkedIn,EducaOnline,Tecnologia,Stories,842130,295,540,4938,1311096,2162081,5.3,18:00
2021,2,2021-02-01,Facebook,EducaOnline,Educação,Imagem,310405,55013,4590,5527,882526,1191522,9.82,08:00
2021,2,2021-02-01,X,GamesBR,Tecnologia,Imagem,523601,51386,773,8564,1730707,1414801,11.42,21:00
2021,2,2021-02-01,TikTok,EducaOnline,Entretenimento,Imagem,46922,28267,3781,7975,1354805,1451625,10.42,18:00
2021,2,2021-02-01,Instagram,TechBrasil,Games,Stories,804525,28461,2087,1437,13354,1094975,6.23,18:00
2021,2,2021-02-01,YouTube,EducaOnline,Entretenimento,Imagem,964824,2910,2870,3264,65704,1340427,10.82,18:00
2021,2,2021-02-01,LinkedIn,GamesBR,Educação,Carrossel,71073,64644,4974,7855,1212692,2427311,10.25,18:00
2021,2,2021-02-01,TikTok,TechBrasil,Tecnologia,Imagem,233935,22204,2015,1416,1589401,1278867,3.48,12:00
2021,2,2021-02-01,Instagram,EducaOnline,Games,Carrossel,933531,37722,4416,848,17042,2229166,7.49,18:00
2021,2,2021-02-01,LinkedIn,EducaOnline,Games,Imagem,597053,35739,4647,505,1597542,219020,1.55,21:00
2021,2,2021-02-01,Instagram,TechBrasil,Games,Live,136564,66869,309,886,1044016,1801926,11.8,18:00
2021,2,2021-02-01,X,TechBrasil,Educação,Stories,510741,31865,3064,9105,176591,4983,0.98,12:00
2021,2,2021-02-01,Facebook,GamesBR,Educação,Vídeo,405804,65855,2954,3181,32413,2066722,4.05,08:00
2021,2,2021-02-01,Instagram,EducaOnline,Tecnologia,Vídeo,606947,46816,4576,122,877891,1913696,11.48,12:00
2021,2,2021-02-01,YouTube,TechBrasil,Entretenimento,Imagem,795133,75453,3563,3564,702249,1358900,5.0,21:00
2021,2,2021-02-01,Facebook,GamesBR,Educação,Vídeo,548564,15514,4000,867,1102939,593918,4.07,21:00
2021,2,2021-02-01,LinkedIn,ModaHoje,Entretenimento,Live,521758,10614,1659,6680,691428,489238,9.44,08:00
2021,2,2021-02-01,LinkedIn,EducaOnline,Games,Carrossel,728215,53488,729,9288,1952161,2330470,1.24,18:00
2021,2,2021-02-01,LinkedIn,EducaOnline,Games,Live,125722,25494,1985,8093,1493521,2182219,7.91,08:00
2021,2,2021-02-01,Instagram,TechBrasil,Entretenimento,Carrossel,495655,61877,193,3142,1094010,2077976,5.65,08:00
2021,2,2021-02-01,TikTok,TechBrasil,Games,Stories,762530,39397,1548,1341,113093,1117039,11.12,12:00
2021,2,2021-02-01,Instagram,ModaHoje,Tecnologia,Carrossel,301038,2988,1134,5884,254769,591206,11.97,18:00
2021,2,2021-02-01,TikTok,TechBrasil,Educação,Stories,582900,6245,1257,7193,1130605,1967451,5.46,08:00
2021,2,2021-02-01,YouTube,GamesBR,Games,Imagem,209255,53687,2443,3763,1248229,1324521,8.54,12:00
2021,3,2021-03-01,Facebook,GamesBR,Games,Carrossel,473432,32483,2001,354,434049,810198,9.46,12:00
2021,3,2021-03-01,YouTube,EducaOnline,Educação,Vídeo,595863,59267,898,3534,242684,567866,9.04,18:00
2021,3,2021-03-01,TikTok,TechBrasil,Entretenimento,Stories,993873,75771,4299,6649,1274765,462867,0.87,18:00
2021,3,2021-03-01,LinkedIn,EducaOnline,Educação,Imagem,484715,5798,901,4132,1533428,1001006,1.91,21:00
2021,3,2021-03-01,YouTube,GamesBR,Entretenimento,Stories,709433,44126,424,2867,1068038,1291723,5.09,08:00
2021,3,2021-03-01,TikTok,TechBrasil,Games,Stories,981031,6207,1684,6654,1056947,2012020,11.57,08:00
2021,3,2021-03-01,Facebook,GamesBR,Games,Live,764107,76857,263,1758,1401000,343072,2.34,08:00
2021,3,2021-03-01,Instagram,ModaHoje,Tecnologia,Stories,726508,77135,1015,753,26652,2471984,4.36,08:00
2021,3,2021-03-01,Instagram,EducaOnline,Entretenimento,Vídeo,626636,1464,1515,3590,366899,1693581,7.05,12:00
2021,3,2021-03-01,Facebook,EducaOnline,Games,Vídeo,483131,2238,3462,4032,254262,1840758,11.64,21:00
2021,3,2021-03-01,YouTube,ModaHoje,Tecnologia,Carrossel,539370,18732,1077,4209,950445,2103760,1.26,18:00
2021,3,2021-03-01,X,GamesBR,Tecnologia,Live,65773,40269,3584,3579,1292265,510085,2.5,18:00
2021,3,2021-03-01,YouTube,TechBrasil,Educação,Stories,701754,40675,4208,3034,922473,1335318,1.86,12:00
2021,3,2021-03-01,Instagram,EducaOnline,Games,Carrossel,118829,54821,2136,9660,1146304,2991,5.6,08:00
2021,3,2021-03-01,Instagram,ModaHoje,Tecnologia,Imagem,106271,40829,2178,6814,177067,251304,4.06,21:00
2021,3,2021-03-01,Instagram,TechBrasil,Educação,Carrossel,386334,17066,551,9569,1529970,1761404,4.19,18:00
2021,3,2021-03-01,LinkedIn,GamesBR,Educação,Imagem,94805,40979,4624,3484,1819147,646176,2.99,08:00
2021,3,2021-03-01,TikTok,GamesBR,Games,Vídeo,952114,37945,3279,8026,147639,1396625,3.39,21:00
2021,3,2021-03-01,X,EducaOnline,Tecnologia,Carrossel,286229,12835,4240,1226,1647540,261370,8.42,21:00
2021,3,2021-03-01,LinkedIn,ModaHoje,Educação,Vídeo,679486,51896,4121,9872,319404,752524,8.52,21:00
2021,3,2021-03-01,Instagram,ModaHoje,Tecnologia,Stories,507525,20844,186,5476,1324945,1494486,9.06,08:00
2021,3,2021-03-01,Facebook,ModaHoje,Tecnologia,Live,894081,68778,3617,4619,755796,278088,3.21,18:00
2021,3,2021-03-01,Instagram,GamesBR,Tecnologia,Vídeo,659452,33542,176,4192,846407,2356058,4.2,18:00
2021,3,2021-03-01,Instagram,EducaOnline,Entretenimento,Live,858914,62468,2443,2097,1243991,2009965,11.21,08:00
2021,3,2021-03-01,X,EducaOnline,Games,Stories,661472,70253,1972,2493,847069,823076,7.62,08:00
2021,3,2021-03-01,X,EducaOnline,Tecnologia,Vídeo,365182,31605,2857,5992,464067,86215,4.52,12:00
2021,3,2021-03-01,YouTube,ModaHoje,Entretenimento,Imagem,626638,13043,3981,1466,1636729,1473515,10.04,21:00
2021,3,2021-03-01,Facebook,GamesBR,Entretenimento,Carrossel,64373,21474,1693,2592,14776,495814,8.87,08:00
2021,3,2021-03-01,Facebook,GamesBR,Tecnologia,Stories,144387,18429,2728,2133,542043,719332,7.19,12:00
2021,3,2021-03-01,YouTube,EducaOnline,Tecnologia,Imagem,26167,31001,4014,4726,399896,1962473,9.48,12:00
2021,3,2021-03-01,YouTube,TechBrasil,Educação,Imagem,531414,31361,2339,6199,1662723,549157,6.93,12:00
2021,3,2021-03-01,TikTok,GamesBR,Educação,Stories,582700,35698,3696,6465,557896,205754,11.92,08:00
2021,3,2021-03-01,YouTube,EducaOnline,Entretenimento,Carrossel,195028,32939,304,5906,1935122,1187580,9.37,18:00
2021,3,2021-03-01,Facebook,GamesBR,Entretenimento,Imagem,68314,8859,3910,2189,1469084,1374383,5.65,12:00
2021,3,2021-03-01,LinkedIn,EducaOnline,Games,Imagem,498860,34424,3175,7884,1444921,1117533,2.98,18:00
2021,3,2021-03-01,Facebook,GamesBR,Entretenimento,Live,130039,11189,4343,1141,333532,2284444,5.17,18:00
2021,3,2021-03-01,X,TechBrasil,Games,Imagem,85777,3830,3604,3712,1118522,1563994,8.05,08:00
2021,4,2021-04-01,LinkedIn,ModaHoje,Games,Imagem,46926,18000,4513,5788,661674,2046698,2.77,08:00
2021,4,2021-04-01,YouTube,ModaHoje,Educação,Vídeo,845755,13725,3471,5427,497368,2258305,11.84,21:00
2021,4,2021-04-01,Instagram,ModaHoje,Games,Live,254386,43016,2531,4298,1352926,2013539,3.02,08:00
2021,4,2021-04-01,X,GamesBR,Entretenimento,Carrossel,415615,17022,2609,7949,788321,2164787,6.05,08:00
2021,4,2021-04-01,LinkedIn,ModaHoje,Tecnologia,Imagem,885515,18424,913,4140,1166482,315539,8.9,08:00
2021,4,2021-04-01,YouTube,TechBrasil,Entretenimento,Imagem,396322,3126,582,820,1959836,1400316,8.69,08:00
2021,4,2021-04-01,LinkedIn,EducaOnline,Tecnologia,Live,164080,50864,3216,3671,581988,1016521,8.44,21:00
2021,4,2021-04-01,Facebook,GamesBR,Educação,Live,500724,51039,869,645,1537661,1033244,0.68,08:00
2021,4,2021-04-01,YouTube,TechBrasil,Educação,Live,41242,63726,3914,3496,1308499,2180105,3.1,12:00
2021,4,2021-04-01,LinkedIn,GamesBR,Educação,Imagem,701768,71373,117,7272,612829,2177680,8.48,12:00
2021,4,2021-04-01,TikTok,ModaHoje,Educação,Stories,544314,51926,2120,1976,1023633,81233,10.01,21:00
2021,4,2021-04-01,X,EducaOnline,Games,Carrossel,260192,28753,492,1328,673286,136879,1.99,08:00
2021,4,2021-04-01,YouTube,GamesBR,Entretenimento,Carrossel,686064,6648,4712,944,377839,276730,3.38,21:00
2021,4,2021-04-01,YouTube,GamesBR,Tecnologia,Imagem,909548,70650,1836,2298,1980628,2020789,5.82,08:00
2021,4,2021-04-01,TikTok,ModaHoje,Educação,Carrossel,365923,69513,2736,8608,1925102,2016708,2.45,08:00
2021,4,2021-04-01,YouTube,GamesBR,Games,Vídeo,836030,39022,2732,9120,1809216,1150497,2.34,12:00
2021,4,2021-04-01,Instagram,TechBrasil,Entretenimento,Live,155942,74878,2841,117,316497,861156,6.75,18:00
2021,4,2021-04-01,LinkedIn,ModaHoje,Tecnologia,Carrossel,853407,72417,3145,9431,341566,202257,0.86,08:00
2021,4,2021-04-01,LinkedIn,GamesBR,Educação,Live,455051,61661,3741,2277,1028751,548634,5.79,08:00
2021,4,2021-04-01,Facebook,ModaHoje,Games,Stories,4468,40183,3530,9773,1274425,1155565,7.02,21:00
2021,4,2021-04-01,TikTok,GamesBR,Educação,Stories,868441,17903,3276,4387,1259592,1737358,2.35,08:00
2021,4,2021-04-01,Facebook,GamesBR,Tecnologia,Imagem,662081,75387,4302,4102,1097502,839849,1.57,08:00
2021,4,2021-04-01,LinkedIn,ModaHoje,Educação,Stories,320274,11842,735,2455,1174333,231513,1.1,18:00
2021,4,2021-04-01,X,GamesBR,Educação,Imagem,125333,53349,4266,3254,1205404,1157153,8.08,21:00
2021,4,2021-04-01,X,GamesBR,Educação,Carrossel,731664,27349,2641,4301,929747,2417563,8.82,12:00
2021,4,2021-04-01,Instagram,TechBrasil,Entretenimento,Carrossel,279087,54310,358,3839,1578628,848018,6.96,21:00
2021,4,2021-04-01,LinkedIn,TechBrasil,Games,Vídeo,847202,54479,4183,8226,1379347,726330,2.25,12:00
2021,4,2021-04-01,LinkedIn,EducaOnline,Games,Imagem,997807,76521,1189,8397,384395,2215578,6.18,18:00
2021,4,2021-04-01,LinkedIn,TechBrasil,Entretenimento,Imagem,118157,54376,3917,4250,227056,1199690,10.42,12:00
2021,4,2021-04-01,X,ModaHoje,Games,Vídeo,534313,53997,387,8367,1782093,1204119,0.56,08:00
2021,4,2021-04-01,X,TechBrasil,Tecnologia,Vídeo,20011,25584,1043,898,876797,136023,10.91,12:00
2021,4,2021-04-01,YouTube,TechBrasil,Games,Vídeo,824165,20286,175,8835,51046,375006,5.56,12:00
2021,4,2021-04-01,TikTok,TechBrasil,Tecnologia,Vídeo,386145,26684,3346,5464,1462749,2195978,4.64,21:00
2021,4,2021-04-01,Facebook,GamesBR,Educação,Stories,372362,69520,951,5240,1992882,2343757,6.93,21:00
2021,4,2021-04-01,TikTok,GamesBR,Games,Live,564138,65231,2950,8128,1625080,2190456,3.6,12:00
2021,4,2021-04-01,X,GamesBR,Entretenimento,Carrossel,857650,12803,2028,1648,1551492,2165748,4.44,18:00
2021,4,2021-04-01,LinkedIn,EducaOnline,Games,Carrossel,289152,77302,1550,4000,1428603,1680550,2.06,08:00
2021,5,2021-05-01,X,TechBrasil,Educação,Carrossel,124299,79217,1938,5291,1903160,400756,1.08,21:00
2021,5,2021-05-01,Facebook,EducaOnline,Entretenimento,Stories,81812,57160,1979,5518,960654,2273511,6.89,21:00
2021,5,2021-05-01,Facebook,EducaOnline,Entretenimento,Stories,894987,17399,4193,9171,205252,1312537,5.54,21:00
2021,5,2021-05-01,LinkedIn,ModaHoje,Games,Imagem,416025,78869,3707,8525,1797307,1830848,7.79,21:00
2021,5,2021-05-01,Instagram,GamesBR,Games,Live,960542,24100,1400,925,1000994,827259,10.57,08:00
2021,5,2021-05-01,X,GamesBR,Games,Carrossel,792613,13583,4597,7031,31201,2141820,10.74,08:00
2021,5,2021-05-01,Facebook,EducaOnline,Entretenimento,Imagem,29031,72099,1829,3057,484917,287584,11.91,18:00
2021,5,2021-05-01,Instagram,TechBrasil,Tecnologia,Imagem,230169,65246,2096,6666,1205530,82197,11.3,21:00
2021,5,2021-05-01,Facebook,ModaHoje,Educação,Carrossel,790305,57092,4546,2908,902448,1334150,3.45,21:00
2021,5,2021-05-01,TikTok,TechBrasil,Entretenimento,Imagem,799893,9936,3778,2636,474785,1940728,10.1,18:00
2021,5,2021-05-01,Facebook,GamesBR,Educação,Live,271532,66552,4030,6344,483358,1120849,4.5,08:00
2021,5,2021-05-01,X,EducaOnline,Educação,Imagem,132246,11796,1893,4208,184285,2147330,2.0,12:00
2021,5,2021-05-01,X,ModaHoje,Educação,Carrossel,185864,35316,228,763,1430171,2122856,3.9,18:00
2021,5,2021-05-01,LinkedIn,GamesBR,Tecnologia,Live,196830,60934,3843,4609,221821,2047078,10.4,18:00
2021,5,2021-05-01,X,GamesBR,Educação,Imagem,591725,12105,414,2805,50283,1890008,4.0,08:00
2021,5,2021-05-01,X,EducaOnline,Tecnologia,Stories,483233,65363,466,8035,1506480,1852574,2.67,18:00
2021,5,2021-05-01,Facebook,GamesBR,Entretenimento,Live,517379,67560,365,498,1308709,2453286,4.88,12:00
2021,5,2021-05-01,YouTube,ModaHoje,Games,Imagem,403400,7333,2590,2612,1305771,2367218,0.77,12:00
2021,5,2021-05-01,TikTok,ModaHoje,Games,Carrossel,311124,28556,523,3964,441714,885555,11.76,21:00
2021,5,2021-05-01,TikTok,TechBrasil,Tecnologia,Live,923554,18111,967,6504,654048,1118332,2.84,18:00
2021,5,2021-05-01,LinkedIn,ModaHoje,Games,Carrossel,542447,53145,4103,6601,1498956,1197380,4.0,08:00
2021,5,2021-05-01,LinkedIn,EducaOnline,Tecnologia,Stories,24607,6304,3812,7738,903022,574885,11.77,18:00
2021,5,2021-05-01,LinkedIn,EducaOnline,Educação,Live,728033,77976,1514,6365,240928,621431,8.88,08:00
2021,5,2021-05-01,YouTube,EducaOnline,Entretenimento,Stories,130343,43484,428,5828,892785,2042197,3.72,12:00
2021,5,2021-05-01,X,GamesBR,Tecnologia,Carrossel,897770,69591,1293,130,574418,1899979,7.01,21:00
2021,5,2021-05-01,Instagram,ModaHoje,Entretenimento,Vídeo,770268,71510,3437,2165,1267315,1109983,7.42,21:00
2021,5,2021-05-01,X,ModaHoje,Entretenimento,Vídeo,866414,749,3701,6981,391761,721436,10.09,08:00
2021,5,2021-05-01,LinkedIn,TechBrasil,Educação,Stories,62971,54991,2944,7589,1125608,1785930,0.94,21:00
2021,5,2021-05-01,YouTube,EducaOnline,Educação,Live,517170,30892,3688,1092,1647453,2282707,2.24,21:00
2021,5,2021-05-01,X,ModaHoje,Tecnologia,Live,418128,16011,98,1209,563764,2017495,10.71,18:00
2021,5,2021-05-01,Instagram,EducaOnline,Tecnologia,Carrossel,95082,57886,4448,1830,1853550,442956,7.47,18:00
2021,5,2021-05-01,LinkedIn,EducaOnline,Entretenimento,Carrossel,739824,9303,143,2001,319713,2236938,8.27,08:00
2021,5,2021-05-01,YouTube,ModaHoje,Games,Imagem,465961,49546,253,1718,314084,2209273,5.29,12:00
2021,5,2021-05-01,Instagram,GamesBR,Games,Vídeo,245391,28622,4026,4045,874583,1180524,4.89,18:00
2021,5,2021-05-01,Instagram,ModaHoje,Tecnologia,Live,557679,47166,1753,8873,958995,473675,7.26,08:00
2021,5,2021-05-01,LinkedIn,EducaOnline,Tecnologia,Vídeo,372110,17134,162,7059,1333462,503811,1.02,12:00
2021,5,2021-05-01,YouTube,ModaHoje,Entretenimento,Imagem,870846,24806,2044,4251,472801,316374,4.43,12:00
2021,6,2021-06-01,LinkedIn,GamesBR,Educação,Live,888144,5118,420,9826,281321,1492406,2.99,12:00
2021,6,2021-06-01,X,TechBrasil,Tecnologia,Stories,649706,47734,2752,22,259118,668340,5.12,12:00
2021,6,2021-06-01,Instagram,EducaOnline,Games,Carrossel,712490,39573,1700,814,1066534,2481300,9.53,12:00
2021,6,2021-06-01,X,EducaOnline,Tecnologia,Carrossel,502331,44775,3040,3091,508095,2447878,2.66,21:00
2021,6,2021-06-01,LinkedIn,ModaHoje,Entretenimento,Carrossel,672483,25725,1168,5342,1465183,1885615,5.59,12:00
2021,6,2021-06-01,Facebook,TechBrasil,Tecnologia,Imagem,84709,50522,3028,8916,149796,2107821,10.45,21:00
2021,6,2021-06-01,X,GamesBR,Tecnologia,Vídeo,496537,70049,4122,802,1878715,69512,2.52,18:00
2021,6,2021-06-01,YouTube,GamesBR,Educação,Imagem,912972,30471,1426,2149,1369427,801821,5.13,12:00
2021,6,2021-06-01,X,ModaHoje,Entretenimento,Carrossel,586387,54084,3530,4255,1172652,1853658,4.54,18:00
2021,6,2021-06-01,YouTube,ModaHoje,Educação,Stories,307566,39559,4714,7444,1090430,1356544,3.64,08:00
2021,6,2021-06-01,LinkedIn,GamesBR,Games,Carrossel,799380,43203,4315,3326,1800756,1059704,5.38,21:00
2021,6,2021-06-01,Facebook,EducaOnline,Tecnologia,Carrossel,344588,25572,472,153,1855057,447003,10.11,21:00
2021,6,2021-06-01,X,GamesBR,Tecnologia,Vídeo,426712,34354,1559,7486,170802,2384700,8.13,12:00
2021,6,2021-06-01,TikTok,TechBrasil,Games,Stories,122294,34434,318,6382,734241,1388372,11.33,21:00
2021,6,2021-06-01,YouTube,GamesBR,Tecnologia,Live,467035,22156,1840,7312,1778835,701072,6.94,08:00
2021,6,2021-06-01,LinkedIn,GamesBR,Entretenimento,Vídeo,315405,5076,4696,9265,564387,670663,0.94,18:00
2021,6,2021-06-01,YouTube,EducaOnline,Entretenimento,Imagem,835041,2327,2178,2236,871616,2488340,10.11,18:00
2021,6,2021-06-01,X,ModaHoje,Educação,Live,608869,20137,253,334,1267909,2321864,9.49,21:00
2021,6,2021-06-01,Instagram,TechBrasil,Tecnologia,Imagem,769815,46732,4759,234,1780499,1941090,0.58,08:00
2021,6,2021-06-01,LinkedIn,TechBrasil,Educação,Vídeo,186442,67384,2518,5084,1288899,2207522,5.8,12:00
2021,6,2021-06-01,Instagram,ModaHoje,Entretenimento,Vídeo,891520,12220,3136,5810,1753592,2213233,10.55,21:00
2021,6,2021-06-01,X,EducaOnline,Games,Live,734651,47824,66,9201,804031,678919,10.3,08:00
2021,6,2021-06-01,Facebook,EducaOnline,Games,Carrossel,899416,75516,2427,2665,956292,1864686,5.09,12:00
2021,6,2021-06-01,X,GamesBR,Entretenimento,Imagem,319909,19156,1756,9634,885835,631075,2.83,18:00
2021,6,2021-06-01,Instagram,EducaOnline,Educação,Imagem,999317,26637,3914,5823,96607,115855,4.87,21:00
2021,6,2021-06-01,LinkedIn,EducaOnline,Tecnologia,Live,996456,19774,3476,9568,1233262,1011377,8.04,21:00
2021,6,2021-06-01,YouTube,GamesBR,Games,Imagem,939472,18373,4760,3260,1040917,1619146,6.74,18:00
2021,6,2021-06-01,TikTok,EducaOnline,Tecnologia,Stories,194092,49038,3184,7401,1024166,1932066,6.29,18:00
2021,6,2021-06-01,YouTube,EducaOnline,Entretenimento,Live,568486,76081,1284,9650,296868,2439032,6.39,21:00
2021,6,2021-06-01,X,GamesBR,Tecnologia,Imagem,167250,58992,4153,242,1346527,1290208,8.01,08:00
2021,6,2021-06-01,TikTok,ModaHoje,Games,Carrossel,118358,73179,1036,4933,1440780,382853,8.58,08:00
2021,6,2021-06-01,TikTok,EducaOnline,Entretenimento,Stories,439009,71575,2766,6956,868163,1872053,11.21,08:00
2021,6,2021-06-01,LinkedIn,TechBrasil,Games,Stories,202817,50916,278,6294,566698,1846325,4.16,21:00
2021,6,2021-06-01,LinkedIn,TechBrasil,Educação,Vídeo,536749,65714,4681,1012,828496,2066746,2.3,18:00
2021,6,2021-06-01,TikTok,GamesBR,Educação,Imagem,621939,70446,126,3524,296696,316710,3.09,21:00
2021,6,2021-06-01,X,GamesBR,Games,Imagem,73659,55482,1276,4474,892320,575394,5.38,12:00
2021,6,2021-06-01,Facebook,EducaOnline,Educação,Live,912226,78314,2995,3755,1163170,1021023,3.26,08:00
2021,7,2021-07-01,LinkedIn,GamesBR,Entretenimento,Carrossel,615223,17813,3044,5838,1571780,1420414,5.2,08:00
2021,7,2021-07-01,Facebook,EducaOnline,Educação,Carrossel,977478,1646,4515,5277,578839,1451623,5.02,21:00
2021,7,2021-07-01,Instagram,GamesBR,Educação,Vídeo,67598,5481,81,2276,190071,1872054,10.54,21:00
2021,7,2021-07-01,X,TechBrasil,Games,Carrossel,729345,57557,2962,7878,70545,2033918,8.29,08:00
2021,7,2021-07-01,TikTok,ModaHoje,Tecnologia,Stories,955857,18435,3096,165,1237045,514604,10.93,08:00
2021,7,2021-07-01,YouTube,EducaOnline,Educação,Carrossel,280180,60203,2621,1310,1264001,2286300,9.62,21:00
2021,7,2021-07-01,LinkedIn,EducaOnline,Tecnologia,Stories,265011,79021,1382,141,774163,1276708,6.3,21:00
2021,7,2021-07-01,LinkedIn,TechBrasil,Games,Imagem,202741,34155,2781,4004,1221789,1543701,1.88,12:00
2021,7,2021-07-01,TikTok,ModaHoje,Entretenimento,Live,661207,79540,221,7099,861250,1671601,6.58,18:00
2021,7,2021-07-01,X,ModaHoje,Games,Imagem,800216,61736,2798,3168,898032,2294510,5.33,12:00
2021,7,2021-07-01,LinkedIn,ModaHoje,Educação,Vídeo,267606,79252,3431,4276,878998,1628023,3.94,12:00
2021,7,2021-07-01,Instagram,ModaHoje,Entretenimento,Carrossel,953708,27257,4309,6155,609436,2076351,7.7,18:00
2021,7,2021-07-01,LinkedIn,GamesBR,Entretenimento,Stories,528232,30824,1840,9117,1581040,739714,6.27,08:00
2021,7,2021-07-01,Instagram,GamesBR,Tecnologia,Carrossel,819473,39659,2206,5394,1356608,498289,5.55,12:00
2021,7,2021-07-01,Instagram,TechBrasil,Tecnologia,Stories,420470,30284,1905,8234,641359,417699,8.53,18:00
2021,7,2021-07-01,Facebook,EducaOnline,Tecnologia,Live,77444,6156,1320,6480,1184063,56394,5.58,18:00
2021,7,2021-07-01,X,TechBrasil,Tecnologia,Imagem,300447,25934,4211,206,204988,1586331,6.89,12:00
2021,7,2021-07-01,YouTube,EducaOnline,Games,Vídeo,736709,52499,2823,5385,1169515,1357779,3.11,21:00
2021,7,2021-07-01,LinkedIn,TechBrasil,Tecnologia,Stories,117634,19506,2283,7014,1159293,1659576,11.05,18:00
2021,7,2021-07-01,YouTube,TechBrasil,Games,Live,247207,70634,3337,830,28669,467372,3.98,21:00
2021,7,2021-07-01,Facebook,TechBrasil,Games,Stories,423077,44496,1509,4143,1097632,1332263,10.68,18:00
2021,7,2021-07-01,X,EducaOnline,Educação,Live,568326,59438,4931,2516,1166766,618407,4.37,12:00
2021,7,2021-07-01,LinkedIn,EducaOnline,Educação,Vídeo,215760,42671,1372,1934,1160036,182237,7.93,18:00
2021,7,2021-07-01,LinkedIn,ModaHoje,Tecnologia,Stories,200301,43074,780,5990,1987000,1482913,3.22,21:00
2021,7,2021-07-01,YouTube,ModaHoje,Educação,Live,594219,49388,381,9326,117521,1493014,5.15,21:00
2021,7,2021-07-01,Facebook,GamesBR,Tecnologia,Stories,412897,58565,4630,6970,1389540,521969,0.87,18:00
2021,7,2021-07-01,Instagram,TechBrasil,Games,Imagem,24882,27096,3188,971,428979,1767221,10.95,21:00
2021,7,2021-07-01,Instagram,EducaOnline,Educação,Imagem,789049,55752,3935,5675,591621,1812642,5.61,12:00
2021,7,2021-07-01,X,ModaHoje,Entretenimento,Carrossel,38119,26431,1087,972,1522690,288646,5.92,18:00
2021,7,2021-07-01,YouTube,ModaHoje,Tecnologia,Stories,362074,72125,1468,8284,263286,826755,11.38,12:00
2021,7,2021-07-01,Instagram,TechBrasil,Tecnologia,Carrossel,414221,53572,3814,7979,1064327,1109145,1.29,12:00
2021,7,2021-07-01,YouTube,TechBrasil,Games,Carrossel,693497,6221,659,4080,1407359,2077246,6.03,08:00
2021,7,2021-07-01,TikTok,EducaOnline,Entretenimento,Vídeo,477338,9933,4255,4323,940930,2299367,8.86,18:00
2021,7,2021-07-01,TikTok,ModaHoje,Entretenimento,Stories,713947,51283,1797,7279,1704406,2449700,4.73,08:00
2021,7,2021-07-01,Instagram,GamesBR,Tecnologia,Live,590219,23194,4477,3664,877922,1754538,7.73,12:00
2021,7,2021-07-01,LinkedIn,EducaOnline,Games,Live,643515,56163,2547,6668,1112741,333219,8.1,18:00
2021,7,2021-07-01,TikTok,ModaHoje,Educação,Live,676214,17094,4105,2176,1454951,1180341,3.16,21:00
2021,8,2021-08-01,TikTok,ModaHoje,Educação,Imagem,586405,65370,1093,4872,755967,2419335,0.58,08:00
2021,8,2021-08-01,Facebook,EducaOnline,Games,Carrossel,338111,64303,4290,1951,1863935,2423394,8.04,21:00
2021,8,2021-08-01,X,TechBrasil,Educação,Carrossel,474916,14827,779,5366,1476056,600626,10.98,21:00
2021,8,2021-08-01,Facebook,EducaOnline,Games,Carrossel,875816,70754,2227,1641,1431888,517725,11.44,12:00
2021,8,2021-08-01,LinkedIn,ModaHoje,Educação,Imagem,908754,33440,511,3060,877549,1242541,7.91,12:00
2021,8,2021-08-01,TikTok,ModaHoje,Entretenimento,Carrossel,421014,27465,3992,8172,372024,1485273,8.14,18:00
2021,8,2021-08-01,YouTube,GamesBR,Tecnologia,Stories,694861,14790,943,6239,1703762,1906578,0.98,18:00
2021,8,2021-08-01,YouTube,TechBrasil,Tecnologia,Stories,994342,42102,967,3626,1599473,785592,8.98,21:00
2021,8,2021-08-01,Facebook,ModaHoje,Games,Imagem,280275,21066,2156,6510,1188885,1681279,3.11,18:00
2021,8,2021-08-01,TikTok,GamesBR,Educação,Carrossel,74712,46250,3666,9675,1208067,1967230,11.81,18:00
2021,8,2021-08-01,Facebook,TechBrasil,Games,Carrossel,513611,33476,4652,522,1524002,1652061,1.04,12:00
2021,8,2021-08-01,X,ModaHoje,Tecnologia,Imagem,639324,55550,4743,8291,399739,1955359,7.79,18:00
2021,8,2021-08-01,YouTube,ModaHoje,Entretenimento,Carrossel,770413,75273,2258,6238,1351762,491255,3.98,21:00
2021,8,2021-08-01,Facebook,EducaOnline,Games,Imagem,757345,72340,3111,1845,40376,1044991,6.22,08:00
2021,8,2021-08-01,X,TechBrasil,Tecnologia,Imagem,986845,74934,395,4548,122487,1674207,7.7,12:00
2021,8,2021-08-01,YouTube,ModaHoje,Educação,Live,148572,52381,4670,6768,233680,1081359,7.08,18:00
2021,8,2021-08-01,TikTok,ModaHoje,Tecnologia,Imagem,56230,30369,4997,4462,4700,1872316,5.71,12:00
2021,8,2021-08-01,TikTok,GamesBR,Tecnologia,Stories,235004,6618,4157,853,1305952,448134,4.14,08:00
2021,8,2021-08-01,TikTok,EducaOnline,Games,Carrossel,167640,69214,4236,8744,590171,1945639,8.64,21:00
2021,8,2021-08-01,X,GamesBR,Tecnologia,Stories,690227,1936,4419,2073,1675603,2044498,9.98,08:00
2021,8,2021-08-01,Facebook,TechBrasil,Entretenimento,Carrossel,822465,40152,2228,1251,751319,2414658,10.16,12:00
2021,8,2021-08-01,LinkedIn,TechBrasil,Tecnologia,Imagem,566785,11545,4550,8920,1395668,2408838,6.12,18:00
2021,8,2021-08-01,TikTok,GamesBR,Entretenimento,Stories,72192,29024,4790,6594,597977,1571084,9.97,21:00
2021,8,2021-08-01,Instagram,TechBrasil,Entretenimento,Stories,912763,21612,4700,9575,1701138,604948,11.62,21:00
2021,8,2021-08-01,LinkedIn,GamesBR,Educação,Carrossel,686676,67674,4736,8530,246159,428018,1.32,12:00
2021,8,2021-08-01,Facebook,ModaHoje,Games,Live,545581,67835,14,1886,985161,1517121,8.29,12:00
2021,8,2021-08-01,LinkedIn,ModaHoje,Educação,Imagem,222248,53873,428,9344,1477010,2465286,1.18,08:00
2021,8,2021-08-01,X,EducaOnline,Games,Vídeo,844260,4441,4440,7972,174451,2337052,6.02,21:00
2021,8,2021-08-01,X,EducaOnline,Entretenimento,Carrossel,358621,71346,2081,5956,1804207,1567169,11.58,12:00
2021,8,2021-08-01,YouTube,GamesBR,Tecnologia,Carrossel,969786,15992,4830,4227,1016584,2226621,4.12,08:00
2021,8,2021-08-01,Facebook,EducaOnline,Educação,Imagem,959559,55156,4503,7801,373029,936629,0.78,12:00
2021,8,2021-08-01,Facebook,GamesBR,Entretenimento,Carrossel,297617,8875,3980,416,550882,2279058,5.55,18:00
2021,8,2021-08-01,X,ModaHoje,Tecnologia,Vídeo,349078,6629,789,5886,1613953,2294200,3.22,12:00
2021,8,2021-08-01,YouTube,EducaOnline,Entretenimento,Carrossel,405875,40323,3300,195,845941,559018,1.51,08:00
2021,8,2021-08-01,TikTok,GamesBR,Entretenimento,Vídeo,418441,56906,1731,6404,296933,1465746,2.79,18:00
2021,8,2021-08-01,X,TechBrasil,Educação,Carrossel,742206,34833,1170,1775,1118619,1201682,4.1,18:00
2021,8,2021-08-01,YouTube,TechBrasil,Tecnologia,Live,451410,51273,4245,7502,1163403,580072,3.23,21:00
2021,9,2021-09-01,X,TechBrasil,Educação,Imagem,996505,72139,1653,5076,1142858,1159274,7.32,12:00
2021,9,2021-09-01,X,EducaOnline,Tecnologia,Vídeo,595067,45326,922,6025,493261,576066,1.77,08:00
2021,9,2021-09-01,YouTube,EducaOnline,Entretenimento,Carrossel,611265,41618,4030,5755,1787651,1822908,0.83,18:00
2021,9,2021-09-01,LinkedIn,GamesBR,Tecnologia,Imagem,952277,13348,768,5230,847015,1933556,4.94,12:00
2021,9,2021-09-01,LinkedIn,ModaHoje,Educação,Carrossel,678419,66388,3352,1225,737965,1901519,1.49,18:00
2021,9,2021-09-01,YouTube,GamesBR,Games,Vídeo,235267,51051,1248,1840,1050319,386312,6.37,12:00
2021,9,2021-09-01,TikTok,GamesBR,Educação,Stories,578790,75125,3134,8358,1283939,29681,6.49,12:00
2021,9,2021-09-01,Instagram,GamesBR,Educação,Imagem,662934,59615,2575,3457,860641,152748,8.17,21:00
2021,9,2021-09-01,Instagram,ModaHoje,Educação,Stories,956329,76350,1281,3259,254119,649265,8.08,21:00
2021,9,2021-09-01,TikTok,ModaHoje,Entretenimento,Live,882888,60793,1957,9057,1056560,696301,0.62,21:00
2021,9,2021-09-01,Instagram,GamesBR,Tecnologia,Live,998205,26975,4015,6072,1597691,2145949,5.41,12:00
2021,9,2021-09-01,Facebook,ModaHoje,Educação,Live,302340,9254,236,1904,319299,37800,4.1,18:00
2021,9,2021-09-01,Facebook,GamesBR,Tecnologia,Live,339179,41865,3625,2170,671571,2418960,2.63,21:00
2021,9,2021-09-01,TikTok,TechBrasil,Entretenimento,Carrossel,628976,69716,3509,4269,454784,701114,0.55,08:00
2021,9,2021-09-01,LinkedIn,ModaHoje,Educação,Live,118484,41061,4343,551,1143003,234356,6.45,12:00
2021,9,2021-09-01,X,GamesBR,Educação,Live,944646,39838,1336,9873,1510892,532724,1.15,21:00
2021,9,2021-09-01,LinkedIn,GamesBR,Educação,Stories,803963,492,2587,9105,1143362,2151183,6.41,12:00
2021,9,2021-09-01,LinkedIn,EducaOnline,Games,Imagem,652957,4264,445,2907,1390007,1044709,4.25,18:00
2021,9,2021-09-01,LinkedIn,GamesBR,Tecnologia,Stories,293895,77198,2907,3441,496778,2260078,5.46,12:00
2021,9,2021-09-01,TikTok,ModaHoje,Entretenimento,Imagem,520867,35582,3051,2676,47442,1748710,9.8,12:00
2021,9,2021-09-01,Instagram,EducaOnline,Tecnologia,Carrossel,31874,68849,2134,5603,886423,826148,11.36,12:00
2021,9,2021-09-01,X,ModaHoje,Tecnologia,Vídeo,596773,79044,4098,4943,320507,1958880,6.81,12:00
2021,9,2021-09-01,LinkedIn,ModaHoje,Entretenimento,Imagem,739677,20201,200,2505,1961188,1082993,10.13,21:00
2021,9,2021-09-01,LinkedIn,ModaHoje,Educação,Imagem,515675,79656,2746,7675,1154557,1001432,0.75,21:00
2021,9,2021-09-01,Instagram,TechBrasil,Entretenimento,Imagem,943929,35434,4199,4471,26579,521471,5.11,08:00
2021,9,2021-09-01,Instagram,GamesBR,Entretenimento,Stories,561763,77740,1813,5985,1672977,1485714,2.17,08:00
2021,9,2021-09-01,Instagram,GamesBR,Educação,Imagem,603485,70695,4691,6272,115381,924014,10.62,21:00
2021,9,2021-09-01,Instagram,GamesBR,Tecnologia,Stories,655021,6750,3457,3746,1958665,871503,7.71,08:00
2021,9,2021-09-01,X,GamesBR,Entretenimento,Imagem,284438,68964,1873,9949,1362831,1864687,0.81,18:00
2021,9,2021-09-01,YouTube,ModaHoje,Games,Imagem,590180,49410,1331,8135,1638685,2435347,3.3,21:00
2021,9,2021-09-01,YouTube,EducaOnline,Entretenimento,Carrossel,137182,79280,2817,7740,1888021,1899384,10.56,08:00
2021,9,2021-09-01,Instagram,EducaOnline,Games,Imagem,260317,62127,2944,447,1094567,2266752,5.51,08:00
2021,9,2021-09-01,Facebook,EducaOnline,Games,Imagem,675413,79591,54,5908,922306,2265240,4.24,21:00
2021,9,2021-09-01,YouTube,EducaOnline,Tecnologia,Carrossel,819718,68405,969,1573,1376134,1760085,3.95,08:00
2021,9,2021-09-01,YouTube,TechBrasil,Entretenimento,Vídeo,961390,12482,1339,3205,173193,2403804,9.37,12:00
2021,9,2021-09-01,YouTube,TechBrasil,Educação,Imagem,825768,18710,3235,8213,471426,2201527,6.63,21:00
2021,9,2021-09-01,TikTok,ModaHoje,Tecnologia,Imagem,421986,52063,3776,699,633895,2436705,11.2,12:00
2021,10,2021-10-01,TikTok,TechBrasil,Educação,Carrossel,731499,34043,1279,97,1229547,1418385,7.09,12:00
2021,10,2021-10-01,X,GamesBR,Educação,Carrossel,515330,45759,479,6992,1834253,1644326,9.25,21:00
2021,10,2021-10-01,Instagram,ModaHoje,Games,Live,483605,72933,1705,9788,1346208,1430968,5.22,08:00
2021,10,2021-10-01,YouTube,ModaHoje,Entretenimento,Imagem,560264,9207,3999,1327,1616685,184256,11.1,12:00
2021,10,2021-10-01,TikTok,TechBrasil,Educação,Live,438094,16464,2909,2564,599395,228287,10.58,21:00
2021,10,2021-10-01,YouTube,EducaOnline,Games,Vídeo,946742,61570,2716,6939,328442,1102479,1.87,18:00
2021,10,2021-10-01,LinkedIn,EducaOnline,Games,Live,487791,41251,1256,7557,1483506,2364411,8.29,18:00
2021,10,2021-10-01,X,EducaOnline,Tecnologia,Vídeo,684550,26533,110,17,1931681,1652852,2.36,12:00
2021,10,2021-10-01,Facebook,ModaHoje,Tecnologia,Carrossel,374575,15027,3239,2513,1227254,2149884,0.68,08:00
2021,10,2021-10-01,Instagram,ModaHoje,Entretenimento,Vídeo,912701,44675,1883,4171,1947215,513481,2.75,18:00
2021,10,2021-10-01,TikTok,GamesBR,Educação,Vídeo,48957,14984,3538,2919,901071,1083736,2.54,12:00
2021,10,2021-10-01,LinkedIn,EducaOnline,Educação,Carrossel,874808,50485,2255,2892,1385928,1388968,4.17,21:00
2021,10,2021-10-01,TikTok,EducaOnline,Games,Imagem,314520,7862,2333,805,743311,425496,10.17,21:00
2021,10,2021-10-01,X,ModaHoje,Educação,Vídeo,120701,6145,180,6697,1016213,153855,8.49,21:00
2021,10,2021-10-01,TikTok,TechBrasil,Educação,Vídeo,561308,22222,1561,7349,602629,1877127,8.43,18:00
2021,10,2021-10-01,LinkedIn,EducaOnline,Educação,Stories,499646,24062,4021,5011,1313340,1760164,8.62,12:00
2021,10,2021-10-01,YouTube,GamesBR,Games,Stories,541966,37345,2400,4278,363524,459424,6.22,18:00
2021,10,2021-10-01,LinkedIn,ModaHoje,Tecnologia,Imagem,79062,34179,399,519,15142,706318,10.76,21:00
2021,10,2021-10-01,Instagram,EducaOnline,Educação,Live,910807,13505,176,4945,93018,1387888,9.0,12:00
2021,10,2021-10-01,Facebook,EducaOnline,Educação,Stories,517275,9388,4774,4430,1328930,1249274,5.95,18:00
2021,10,2021-10-01,LinkedIn,EducaOnline,Tecnologia,Live,437673,738,4028,2820,953690,1027672,3.51,12:00
2021,10,2021-10-01,Instagram,TechBrasil,Educação,Carrossel,302369,28133,4884,2640,1484420,71506,8.69,18:00
2021,10,2021-10-01,YouTube,ModaHoje,Tecnologia,Live,716978,42957,2612,4002,1749347,321929,10.58,18:00
2021,10,2021-10-01,TikTok,ModaHoje,Educação,Live,786093,70909,1370,8951,576901,1155797,5.96,18:00
2021,10,2021-10-01,Instagram,EducaOnline,Educação,Vídeo,292610,14814,3239,3149,1011052,639541,8.66,12:00
2021,10,2021-10-01,Facebook,TechBrasil,Tecnologia,Live,541236,17109,1388,9151,1641140,1313817,7.92,08:00
2021,10,2021-10-01,TikTok,EducaOnline,Games,Imagem,362252,34800,1039,2437,290924,2087957,3.07,18:00
2021,10,2021-10-01,Instagram,GamesBR,Educação,Imagem,708221,79368,39,666,348657,532918,3.25,12:00
2021,10,2021-10-01,Facebook,EducaOnline,Entretenimento,Vídeo,601370,11979,2081,2598,768954,1574798,10.43,12:00
2021,10,2021-10-01,Facebook,ModaHoje,Games,Carrossel,153450,17723,2869,150,741674,2438225,6.82,08:00
2021,10,2021-10-01,YouTube,EducaOnline,Games,Imagem,763638,1805,2427,5310,454759,2221209,2.77,18:00
2021,10,2021-10-01,Instagram,EducaOnline,Educação,Stories,689449,25670,3533,1672,206793,56926,3.07,08:00
2021,10,2021-10-01,YouTube,TechBrasil,Games,Imagem,644749,44001,461,9761,1349983,879708,5.67,18:00
2021,10,2021-10-01,LinkedIn,GamesBR,Tecnologia,Imagem,60300,5236,2537,5312,1995239,2192786,7.25,21:00
2021,10,2021-10-01,X,TechBrasil,Entretenimento,Carrossel,515824,20012,1503,8605,1385153,105266,7.46,08:00
2021,10,2021-10-01,Instagram,ModaHoje,Entretenimento,Carrossel,686085,52639,2092,2760,323548,2324632,6.32,18:00
2021,10,2021-10-01,LinkedIn,TechBrasil,Educação,Carrossel,772284,11726,3799,9077,989290,195343,10.57,18:00
2021,11,2021-11-01,X,GamesBR,Educação,Stories,131352,56417,4543,7480,378517,908472,9.5,18:00
2021,11,2021-11-01,Instagram,EducaOnline,Tecnologia,Carrossel,802715,880,3226,242,21932,1019357,2.45,12:00
2021,11,2021-11-01,Instagram,TechBrasil,Games,Vídeo,375638,15501,3336,1383,977297,2412904,7.67,08:00
2021,11,2021-11-01,LinkedIn,ModaHoje,Tecnologia,Imagem,371029,36548,3329,9829,994633,1114322,6.82,18:00
2021,11,2021-11-01,Instagram,EducaOnline,Entretenimento,Carrossel,605930,17677,312,1064,1209257,2483521,0.66,12:00
2021,11,2021-11-01,TikTok,TechBrasil,Games,Vídeo,123934,44363,3494,8623,1765050,1193305,5.1,21:00
2021,11,2021-11-01,X,EducaOnline,Entretenimento,Stories,951606,15985,2592,8597,1083412,2470559,3.92,12:00
2021,11,2021-11-01,TikTok,GamesBR,Educação,Imagem,56647,30985,2487,8153,948442,1687640,8.89,18:00
2021,11,2021-11-01,Instagram,TechBrasil,Tecnologia,Vídeo,68554,78482,4640,2477,1027558,748850,1.13,18:00
2021,11,2021-11-01,TikTok,GamesBR,Educação,Stories,315925,6950,504,8614,288550,911756,0.83,08:00
2021,11,2021-11-01,X,TechBrasil,Entretenimento,Vídeo,700405,66726,682,9627,1688243,1530840,9.35,18:00
2021,11,2021-11-01,X,TechBrasil,Educação,Carrossel,131010,61175,1938,4597,1851574,569439,11.65,21:00
2021,11,2021-11-01,Facebook,TechBrasil,Games,Live,462367,1716,1241,5356,1236478,881051,3.62,18:00
2021,11,2021-11-01,LinkedIn,ModaHoje,Games,Imagem,863028,59039,2598,1093,1321423,2363198,3.63,18:00
2021,11,2021-11-01,Facebook,ModaHoje,Tecnologia,Live,266422,44408,3832,397,796722,703979,11.46,21:00
2021,11,2021-11-01,Facebook,ModaHoje,Entretenimento,Stories,925457,39380,499,6082,1980688,712552,10.96,21:00
2021,11,2021-11-01,TikTok,TechBrasil,Entretenimento,Imagem,199547,78545,58,2648,1430130,1638646,9.61,21:00
2021,11,2021-11-01,LinkedIn,ModaHoje,Entretenimento,Imagem,929514,51689,3621,3674,1444225,1790930,4.23,18:00
2021,11,2021-11-01,LinkedIn,GamesBR,Games,Live,514471,16959,4991,4976,1992645,1819328,11.67,21:00
2021,11,2021-11-01,Facebook,GamesBR,Tecnologia,Stories,268543,22541,4160,9767,1424297,1606945,2.07,18:00
2021,11,2021-11-01,LinkedIn,EducaOnline,Educação,Carrossel,388548,29809,2158,4151,227107,1816268,8.77,21:00
2021,11,2021-11-01,TikTok,ModaHoje,Tecnologia,Stories,374984,42061,3750,2204,1840958,1769821,8.44,12:00
2021,11,2021-11-01,TikTok,GamesBR,Games,Stories,985093,64379,4232,5364,609795,460990,8.99,21:00
2021,11,2021-11-01,LinkedIn,ModaHoje,Games,Carrossel,857327,22992,3173,4627,1136572,612203,0.86,21:00
2021,11,2021-11-01,Facebook,TechBrasil,Tecnologia,Imagem,318598,8089,3041,5691,1738847,169983,4.05,12:00
2021,11,2021-11-01,Facebook,ModaHoje,Tecnologia,Carrossel,399266,51026,2891,3581,615987,2483001,4.57,08:00
2021,11,2021-11-01,LinkedIn,GamesBR,Entretenimento,Stories,718217,14820,4213,638,466865,1216087,11.89,12:00
2021,11,2021-11-01,LinkedIn,EducaOnline,Tecnologia,Carrossel,279316,35532,876,3976,1783743,2469935,5.86,08:00
2021,11,2021-11-01,TikTok,TechBrasil,Educação,Imagem,330378,27784,2127,2408,1136073,241762,6.79,08:00
2021,11,2021-11-01,TikTok,EducaOnline,Entretenimento,Vídeo,380440,15609,1266,5636,1985589,468078,11.31,21:00
2021,11,2021-11-01,LinkedIn,EducaOnline,Tecnologia,Imagem,559756,38721,1934,716,1359420,1241128,6.41,08:00
2021,11,2021-11-01,Instagram,TechBrasil,Games,Live,19229,11627,3009,5246,1258720,2161857,2.12,18:00
2021,11,2021-11-01,Instagram,GamesBR,Entretenimento,Vídeo,847362,31099,2124,4129,1646681,1967298,3.89,18:00
2021,11,2021-11-01,X,EducaOnline,Entretenimento,Vídeo,954421,26781,2899,1324,1235448,1728894,6.13,12:00
2021,11,2021-11-01,Facebook,ModaHoje,Educação,Live,448296,4454,1800,765,1020510,1719242,4.15,08:00
2021,11,2021-11-01,TikTok,GamesBR,Games,Live,209644,70459,3924,4163,90461,158822,0.96,21:00
2021,11,2021-11-01,Instagram,ModaHoje,Educação,Carrossel,361502,49680,1454,8615,458723,985929,10.96,21:00
2021,12,2021-12-01,TikTok,TechBrasil,Tecnologia,Carrossel,335520,24860,2758,2969,1300187,1857676,5.1,21:00
2021,12,2021-12-01,X,ModaHoje,Entretenimento,Vídeo,43996,30868,4547,2785,1016959,2465315,7.29,12:00
2021,12,2021-12-01,TikTok,EducaOnline,Educação,Vídeo,325061,74033,3056,7647,1707957,139910,11.81,21:00
2021,12,2021-12-01,YouTube,GamesBR,Educação,Live,7196,1833,4279,7204,1668709,1835604,3.01,18:00
2021,12,2021-12-01,LinkedIn,EducaOnline,Entretenimento,Carrossel,781089,37786,4393,3422,1802372,1858476,8.49,18:00
2021,12,2021-12-01,YouTube,TechBrasil,Tecnologia,Carrossel,883996,47261,3980,9356,787668,2055296,5.82,21:00
2021,12,2021-12-01,X,EducaOnline,Games,Carrossel,547192,33550,662,5419,1109534,711473,2.09,21:00
2021,12,2021-12-01,YouTube,EducaOnline,Games,Stories,87296,59254,1136,397,803764,2198293,7.01,21:00
2021,12,2021-12-01,Instagram,EducaOnline,Entretenimento,Stories,679648,72744,3004,4119,1420413,1293893,8.95,18:00
2021,12,2021-12-01,TikTok,GamesBR,Tecnologia,Live,567066,13207,948,3921,18011,1070123,9.92,08:00
2021,12,2021-12-01,YouTube,TechBrasil,Games,Imagem,549489,7616,1632,335,994326,516004,8.66,08:00
2021,12,2021-12-01,YouTube,EducaOnline,Games,Stories,691968,38222,2413,4203,1739833,1613599,1.45,08:00
2021,12,2021-12-01,X,EducaOnline,Educação,Stories,817665,38180,2481,6113,1580105,819013,7.08,08:00
2021,12,2021-12-01,TikTok,GamesBR,Entretenimento,Vídeo,286768,27595,3788,1525,1590637,1683384,5.47,12:00
2021,12,2021-12-01,YouTube,ModaHoje,Educação,Imagem,710998,73335,3870,523,202874,13248,11.37,18:00
2021,12,2021-12-01,X,ModaHoje,Entretenimento,Imagem,452366,63560,1338,3653,1449562,499680,11.34,12:00
2021,12,2021-12-01,TikTok,GamesBR,Educação,Live,869890,35746,2895,7003,888665,2255659,0.74,18:00
2021,12,2021-12-01,X,ModaHoje,Games,Live,151302,15793,3092,9969,1233530,695949,10.73,08:00
2021,12,2021-12-01,Facebook,GamesBR,Entretenimento,Live,967136,6006,3107,1147,830785,1524889,3.18,08:00
2021,12,2021-12-01,Facebook,TechBrasil,Games,Vídeo,136418,4313,774,440,755116,2121520,9.17,21:00
2021,12,2021-12-01,YouTube,ModaHoje,Games,Vídeo,284640,67356,584,9563,831500,1707737,4.33,08:00
2021,12,2021-12-01,LinkedIn,GamesBR,Entretenimento,Vídeo,720342,47828,4823,6237,1283043,265826,1.8,12:00
2021,12,2021-12-01,TikTok,ModaHoje,Educação,Vídeo,865163,7600,4877,5000,763846,2286322,2.91,08:00
2021,12,2021-12-01,YouTube,EducaOnline,Games,Imagem,423326,25252,2852,7382,1059767,1117786,6.64,08:00
2021,12,2021-12-01,YouTube,ModaHoje,Entretenimento,Vídeo,372265,66091,1946,6468,1188088,434898,7.21,21:00
2021,12,2021-12-01,Facebook,EducaOnline,Entretenimento,Stories,857982,44749,2241,6518,1337375,273597,6.4,08:00
2021,12,2021-12-01,YouTube,TechBrasil,Games,Carrossel,77634,47225,584,5669,1069655,1425664,3.88,08:00
2021,12,2021-12-01,Instagram,TechBrasil,Tecnologia,Live,743227,65717,1352,3744,1943861,833128,0.59,18:00
2021,12,2021-12-01,YouTube,GamesBR,Games,Vídeo,984800,35575,1189,917,927271,127850,1.29,12:00
2021,12,2021-12-01,X,EducaOnline,Tecnologia,Imagem,777390,61434,2384,8190,1131275,1621713,6.64,21:00
2021,12,2021-12-01,X,GamesBR,Educação,Vídeo,600521,23083,4366,4384,1716117,1293069,9.27,12:00
2021,12,2021-12-01,Facebook,ModaHoje,Games,Stories,337413,24258,3881,3736,1192237,1294956,2.56,18:00
2021,12,2021-12-01,TikTok,GamesBR,Games,Carrossel,21769,67762,1191,602,64945,1818130,8.02,12:00
2021,12,2021-12-01,Instagram,EducaOnline,Educação,Stories,220643,41337,281,6276,589571,1814149,10.04,12:00
2021,12,2021-12-01,Instagram,TechBrasil,Tecnologia,Carrossel,660626,44129,365,9315,962417,2079561,3.18,21:00
2021,12,2021-12-01,Facebook,TechBrasil,Tecnologia,Stories,847041,14327,1720,1439,126726,1524729,2.52,21:00
2021,12,2021-12-01,X,TechBrasil,Tecnologia,Vídeo,150466,18034,239,6859,1308078,2143364,11.76,21:00
2022,1,2022-01-01,Facebook,ModaHoje,Tecnologia,Vídeo,297476,7204,1200,4903,485267,1282748,8.91,18:00
2022,1,2022-01-01,LinkedIn,ModaHoje,Entretenimento,Live,216622,52186,3663,8087,1536176,237541,11.92,21:00
2022,1,2022-01-01,YouTube,ModaHoje,Games,Imagem,788764,46413,3640,7928,868721,1413748,7.42,21:00
2022,1,2022-01-01,YouTube,ModaHoje,Games,Imagem,993989,23528,2101,2597,1374425,430741,10.25,12:00
2022,1,2022-01-01,TikTok,TechBrasil,Games,Vídeo,333852,20442,3372,8099,758072,1064032,0.64,12:00
2022,1,2022-01-01,Facebook,TechBrasil,Tecnologia,Imagem,859747,63252,2192,5728,1481115,25421,8.67,08:00
2022,1,2022-01-01,Instagram,ModaHoje,Entretenimento,Stories,30397,47151,3247,8266,1206758,2460065,7.67,18:00
2022,1,2022-01-01,Facebook,GamesBR,Tecnologia,Imagem,264391,24369,3504,8421,1727933,1306166,0.94,18:00
2022,1,2022-01-01,YouTube,TechBrasil,Games,Live,830446,17364,2785,5481,1172359,2031843,5.89,21:00
2022,1,2022-01-01,Instagram,GamesBR,Tecnologia,Stories,876259,5221,1507,5505,1780289,1526232,2.32,12:00
2022,1,2022-01-01,TikTok,ModaHoje,Tecnologia,Live,790225,74375,2272,7774,1701349,189890,2.09,21:00
2022,1,2022-01-01,YouTube,ModaHoje,Educação,Live,236651,16615,151,6557,1630895,2458558,10.68,18:00
2022,1,2022-01-01,TikTok,EducaOnline,Games,Carrossel,954733,59399,68,1559,645192,2189333,8.11,18:00
2022,1,2022-01-01,TikTok,EducaOnline,Entretenimento,Carrossel,405840,29194,1748,6855,286749,2199966,8.8,18:00
2022,1,2022-01-01,Instagram,TechBrasil,Entretenimento,Carrossel,162167,26705,4119,3500,477118,1827773,7.24,21:00
2022,1,2022-01-01,Instagram,ModaHoje,Educação,Carrossel,617461,27110,2255,2565,859795,516895,0.51,21:00
2022,1,2022-01-01,TikTok,ModaHoje,Games,Stories,117015,43551,864,7601,359500,640340,2.32,08:00
2022,1,2022-01-01,TikTok,EducaOnline,Tecnologia,Live,47479,27757,2085,2220,860399,944653,8.42,08:00
2022,1,2022-01-01,Instagram,ModaHoje,Entretenimento,Live,706764,57323,4706,7242,1668278,239623,3.81,08:00
2022,1,2022-01-01,TikTok,EducaOnline,Educação,Carrossel,236616,53609,2481,8040,459518,1121960,2.75,21:00
2022,1,2022-01-01,YouTube,TechBrasil,Tecnologia,Stories,765577,50575,3664,903,1710024,875278,2.52,08:00
2022,1,2022-01-01,Instagram,GamesBR,Games,Imagem,942188,33169,3257,9226,1465150,55281,10.89,12:00
2022,1,2022-01-01,TikTok,TechBrasil,Entretenimento,Imagem,342618,46540,694,7016,439621,1018210,4.94,12:00
2022,1,2022-01-01,Facebook,TechBrasil,Tecnologia,Vídeo,299027,52137,4907,2650,20608,2013080,5.37,12:00
2022,1,2022-01-01,Instagram,TechBrasil,Tecnologia,Vídeo,375872,46558,3379,7368,950374,171363,3.43,21:00
2022,1,2022-01-01,X,GamesBR,Entretenimento,Carrossel,500163,29910,4991,9743,308754,332511,0.62,12:00
2022,1,2022-01-01,X,EducaOnline,Entretenimento,Live,67936,42203,2355,7643,994218,1728806,5.63,12:00
2022,1,2022-01-01,LinkedIn,TechBrasil,Entretenimento,Imagem,687589,70235,2548,7583,830033,2236196,10.08,08:00
2022,1,2022-01-01,X,EducaOnline,Games,Carrossel,847103,30926,4823,4302,786754,2495184,10.58,12:00
2022,1,2022-01-01,Instagram,ModaHoje,Games,Imagem,298929,27867,2236,8009,630811,1895326,1.11,08:00
2022,1,2022-01-01,TikTok,EducaOnline,Entretenimento,Live,466842,36278,826,8020,1315727,1664088,3.74,21:00
2022,1,2022-01-01,YouTube,EducaOnline,Entretenimento,Carrossel,175386,67048,144,5327,609662,869439,5.29,21:00
2022,1,2022-01-01,TikTok,TechBrasil,Tecnologia,Imagem,303482,11685,1129,3193,1390396,634630,4.64,08:00
2022,1,2022-01-01,YouTube,TechBrasil,Entretenimento,Carrossel,876431,24648,4857,7585,1179062,1138998,3.82,08:00
2022,1,2022-01-01,YouTube,GamesBR,Games,Stories,142039,28425,4495,8774,307353,2245373,0.98,08:00
2022,1,2022-01-01,LinkedIn,ModaHoje,Educação,Stories,392188,16194,3286,742,613270,898745,10.92,18:00
2022,1,2022-01-01,LinkedIn,EducaOnline,Educação,Live,767279,8912,3631,5373,1685701,70247,3.46,08:00
2022,2,2022-02-01,LinkedIn,EducaOnline,Tecnologia,Imagem,811987,18314,4402,2943,1062456,136849,1.46,18:00
2022,2,2022-02-01,X,ModaHoje,Tecnologia,Imagem,255577,5445,4375,7526,502048,1622268,11.2,12:00
2022,2,2022-02-01,Facebook,TechBrasil,Games,Live,997152,54552,831,3540,591967,1234742,0.97,21:00
2022,2,2022-02-01,X,GamesBR,Educação,Carrossel,983520,15120,3677,1266,1092476,1151218,8.92,12:00
2022,2,2022-02-01,Instagram,EducaOnline,Games,Carrossel,935267,64962,4061,1782,547336,2129778,4.12,18:00
2022,2,2022-02-01,Instagram,EducaOnline,Entretenimento,Live,616362,76203,2065,5797,475496,1197683,1.49,12:00
2022,2,2022-02-01,X,EducaOnline,Tecnologia,Stories,22841,19543,3720,2878,755406,2382004,11.31,21:00
2022,2,2022-02-01,Facebook,EducaOnline,Tecnologia,Stories,927260,62350,4861,9977,1861784,496088,10.68,08:00
2022,2,2022-02-01,X,EducaOnline,Games,Imagem,245831,43460,4476,6256,61730,426981,4.76,12:00
2022,2,2022-02-01,Facebook,EducaOnline,Educação,Vídeo,268651,24764,2801,2878,1628888,254338,11.0,08:00
2022,2,2022-02-01,Instagram,ModaHoje,Games,Imagem,89971,74503,2694,5501,1887231,2193696,2.82,21:00
2022,2,2022-02-01,Facebook,TechBrasil,Games,Vídeo,937817,65135,2121,3562,90376,752401,8.84,12:00
2022,2,2022-02-01,TikTok,TechBrasil,Games,Vídeo,183774,38664,132,1138,57577,1287894,1.33,18:00
2022,2,2022-02-01,LinkedIn,TechBrasil,Tecnologia,Carrossel,797675,60847,2139,7071,808783,240163,8.68,21:00
2022,2,2022-02-01,LinkedIn,TechBrasil,Entretenimento,Stories,268110,2238,3510,2917,1295762,1742138,5.22,08:00
2022,2,2022-02-01,X,EducaOnline,Games,Stories,365370,31301,1574,4409,1410716,2427249,7.4,12:00
2022,2,2022-02-01,Instagram,EducaOnline,Entretenimento,Carrossel,864988,59826,431,3544,1266942,142815,2.52,18:00
2022,2,2022-02-01,X,EducaOnline,Tecnologia,Live,52375,49030,3453,2411,66164,184059,2.17,12:00
2022,2,2022-02-01,X,TechBrasil,Games,Live,932290,6561,4689,7895,1960071,1665199,4.74,21:00
2022,2,2022-02-01,TikTok,ModaHoje,Educação,Live,925736,35974,3831,4136,1255034,35082,1.24,21:00
2022,2,2022-02-01,LinkedIn,EducaOnline,Games,Live,702814,29591,3082,6958,1817013,998776,9.39,12:00
2022,2,2022-02-01,YouTube,GamesBR,Entretenimento,Stories,234227,64057,567,8970,735949,801715,7.48,08:00
2022,2,2022-02-01,Instagram,GamesBR,Tecnologia,Stories,502507,79794,1358,5374,1236749,2222314,9.52,21:00
2022,2,2022-02-01,LinkedIn,EducaOnline,Games,Stories,227644,3606,900,8145,1287584,1990191,9.18,08:00
2022,2,2022-02-01,Instagram,GamesBR,Entretenimento,Vídeo,841718,40917,1477,8431,1487495,1531621,10.26,21:00
2022,2,2022-02-01,X,GamesBR,Games,Vídeo,320706,74636,2839,5405,1807483,2084269,2.04,08:00
2022,2,2022-02-01,YouTube,GamesBR,Educação,Live,781507,42152,221,7047,683155,717864,5.61,08:00
2022,2,2022-02-01,LinkedIn,ModaHoje,Games,Stories,683341,38450,3110,1340,921834,791523,7.65,21:00
2022,2,2022-02-01,X,GamesBR,Games,Vídeo,991526,26246,1854,161,640491,1653081,3.12,18:00
2022,2,2022-02-01,TikTok,EducaOnline,Games,Carrossel,118727,58103,261,3367,1686732,598291,7.98,12:00
2022,2,2022-02-01,YouTube,TechBrasil,Tecnologia,Live,99826,76022,4712,1481,400359,585058,7.42,18:00
2022,2,2022-02-01,Facebook,TechBrasil,Educação,Carrossel,633224,51892,203,3095,1679377,1962129,10.22,18:00
2022,2,2022-02-01,Facebook,EducaOnline,Entretenimento,Carrossel,772899,72962,4002,1678,1730950,1223430,1.54,08:00
2022,2,2022-02-01,Facebook,GamesBR,Games,Live,91608,43846,4341,6607,142126,164506,6.58,12:00
2022,2,2022-02-01,Facebook,TechBrasil,Entretenimento,Vídeo,87759,8880,1375,8267,104892,908147,2.7,21:00
2022,2,2022-02-01,LinkedIn,EducaOnline,Games,Imagem,80880,66722,3483,4978,519192,775304,11.51,18:00
2022,2,2022-02-01,X,GamesBR,Educação,Vídeo,771387,75585,799,8245,987927,743785,3.84,08:00
2022,3,2022-03-01,TikTok,TechBrasil,Tecnologia,Carrossel,834449,19838,1367,2617,493963,447678,1.84,08:00
2022,3,2022-03-01,TikTok,TechBrasil,Games,Imagem,985983,21990,803,3186,1751109,760434,11.15,08:00
2022,3,2022-03-01,Facebook,GamesBR,Games,Imagem,209882,40570,3215,3491,1202861,770104,5.31,12:00
2022,3,2022-03-01,X,TechBrasil,Educação,Vídeo,221442,2245,686,1810,1539071,453250,2.01,21:00
2022,3,2022-03-01,Instagram,TechBrasil,Educação,Imagem,674225,30896,226,556,947110,2138440,5.55,18:00
2022,3,2022-03-01,X,GamesBR,Games,Vídeo,853373,27993,927,6377,1227225,22873,5.26,12:00
2022,3,2022-03-01,TikTok,GamesBR,Entretenimento,Imagem,813057,78588,487,1599,1509266,2050565,9.19,08:00
2022,3,2022-03-01,YouTube,TechBrasil,Tecnologia,Stories,47828,79364,2624,5907,328551,1345335,2.73,21:00
2022,3,2022-03-01,YouTube,GamesBR,Entretenimento,Vídeo,139740,39819,533,6411,1186514,1765695,8.63,12:00
2022,3,2022-03-01,LinkedIn,GamesBR,Educação,Imagem,208960,46167,2338,2067,1241062,2085363,9.98,21:00
2022,3,2022-03-01,Instagram,ModaHoje,Entretenimento,Imagem,68967,70103,2012,5831,1370303,2092874,5.07,18:00
2022,3,2022-03-01,X,ModaHoje,Educação,Stories,490960,46331,1346,7786,1323041,2256328,7.47,12:00
2022,3,2022-03-01,Facebook,ModaHoje,Educação,Vídeo,742416,57596,667,3536,1457773,1066257,11.67,18:00
2022,3,2022-03-01,YouTube,GamesBR,Entretenimento,Imagem,609653,56013,511,4830,1169879,1519006,9.29,21:00
2022,3,2022-03-01,X,EducaOnline,Entretenimento,Carrossel,841909,11140,2954,9429,14219,31271,9.51,12:00
2022,3,2022-03-01,TikTok,GamesBR,Tecnologia,Carrossel,797514,37483,1703,42,1180586,681127,5.78,21:00
2022,3,2022-03-01,TikTok,EducaOnline,Games,Imagem,375387,37659,4326,9186,566879,1903944,2.29,12:00
2022,3,2022-03-01,YouTube,ModaHoje,Games,Stories,257068,68438,278,3293,1758729,304721,8.68,12:00
2022,3,2022-03-01,Facebook,GamesBR,Entretenimento,Carrossel,140022,79244,2828,8949,743649,121813,10.2,18:00
2022,3,2022-03-01,YouTube,EducaOnline,Entretenimento,Carrossel,502248,51602,314,3312,571402,1274693,11.95,08:00
2022,3,2022-03-01,TikTok,EducaOnline,Educação,Vídeo,3515,71033,3786,4189,1334408,1815051,7.83,12:00
2022,3,2022-03-01,Instagram,EducaOnline,Tecnologia,Live,607542,11137,3240,6378,301703,1871909,1.48,08:00
2022,3,2022-03-01,TikTok,ModaHoje,Educação,Imagem,124121,12593,1855,4719,701312,1222058,10.78,08:00
2022,3,2022-03-01,X,TechBrasil,Games,Carrossel,182249,66480,3891,2927,1123166,1881144,10.42,12:00
2022,3,2022-03-01,LinkedIn,TechBrasil,Educação,Vídeo,366309,66551,2850,6563,1727317,834782,0.89,18:00
2022,3,2022-03-01,YouTube,ModaHoje,Tecnologia,Stories,465302,4956,3248,8657,421630,868846,9.98,08:00
2022,3,2022-03-01,YouTube,GamesBR,Entretenimento,Stories,494933,45841,1694,6316,1286465,1572146,3.58,18:00
2022,3,2022-03-01,YouTube,EducaOnline,Games,Vídeo,554397,23573,1929,6957,1872623,1248394,2.99,21:00
2022,3,2022-03-01,Instagram,TechBrasil,Educação,Live,448030,61509,3302,7641,1913815,333057,6.45,12:00
2022,3,2022-03-01,Instagram,EducaOnline,Educação,Carrossel,177848,3273,427,9952,1787856,2427123,10.48,18:00
2022,3,2022-03-01,YouTube,EducaOnline,Educação,Vídeo,227139,49788,2538,2879,1731354,172971,1.5,12:00
2022,3,2022-03-01,YouTube,EducaOnline,Educação,Imagem,250509,60030,4438,8785,457060,1804116,2.84,08:00
2022,3,2022-03-01,YouTube,GamesBR,Tecnologia,Stories,886579,15736,3567,3645,1866614,1994585,10.36,08:00
2022,3,2022-03-01,LinkedIn,EducaOnline,Entretenimento,Vídeo,860554,64138,2268,8561,199085,234505,6.17,21:00
2022,3,2022-03-01,LinkedIn,ModaHoje,Entretenimento,Carrossel,115087,36512,1884,3165,530513,1234914,9.84,08:00
2022,3,2022-03-01,Instagram,ModaHoje,Entretenimento,Carrossel,984222,8783,1100,6653,1662883,1079139,6.59,12:00
2022,3,2022-03-01,X,EducaOnline,Tecnologia,Carrossel,955225,14974,4264,7066,833808,584103,6.26,12:00
2022,4,2022-04-01,Facebook,ModaHoje,Games,Live,324227,78346,1141,7890,1294100,292531,4.66,18:00
2022,4,2022-04-01,X,ModaHoje,Games,Carrossel,396839,31879,1444,5416,1427260,1365533,1.36,18:00
2022,4,2022-04-01,Instagram,TechBrasil,Tecnologia,Imagem,333105,75266,1031,7612,12058,1024457,1.11,21:00
2022,4,2022-04-01,Instagram,ModaHoje,Games,Imagem,116088,26279,2676,2491,588486,1690608,7.19,12:00
2022,4,2022-04-01,Facebook,GamesBR,Games,Imagem,781915,43395,3635,1072,1726422,179850,3.27,08:00
2022,4,2022-04-01,TikTok,ModaHoje,Entretenimento,Imagem,810681,67326,790,2809,743094,1292125,6.6,08:00
2022,4,2022-04-01,Facebook,TechBrasil,Educação,Carrossel,242622,40226,1751,9818,1900911,1122877,6.15,18:00
2022,4,2022-04-01,TikTok,GamesBR,Games,Live,481430,13771,2406,5607,1150628,1898626,6.56,08:00
2022,4,2022-04-01,X,GamesBR,Games,Vídeo,646551,46798,3741,5407,329032,1942414,7.71,21:00
2022,4,2022-04-01,LinkedIn,EducaOnline,Games,Live,633801,47757,1630,370,641146,1184648,9.54,21:00
2022,4,2022-04-01,Instagram,EducaOnline,Games,Carrossel,658242,47571,4003,7219,531450,2031327,8.59,12:00
2022,4,2022-04-01,YouTube,EducaOnline,Tecnologia,Vídeo,474566,42699,2784,8297,1538516,2225016,6.01,21:00
2022,4,2022-04-01,TikTok,EducaOnline,Educação,Vídeo,361889,55241,155,7376,1799237,1984598,6.32,08:00
2022,4,2022-04-01,Instagram,GamesBR,Tecnologia,Carrossel,127069,66453,3320,202,1343932,502998,0.52,08:00
2022,4,2022-04-01,TikTok,EducaOnline,Educação,Vídeo,507792,53761,2730,220,862501,751260,1.99,08:00
2022,4,2022-04-01,YouTube,TechBrasil,Entretenimento,Carrossel,334836,69384,4456,2569,1771633,2469340,10.59,12:00
2022,4,2022-04-01,LinkedIn,TechBrasil,Tecnologia,Carrossel,968015,71999,4135,6002,1544744,824122,10.94,08:00
2022,4,2022-04-01,TikTok,GamesBR,Educação,Vídeo,77774,9475,4566,7230,1483463,1258016,5.09,21:00
2022,4,2022-04-01,Instagram,GamesBR,Educação,Imagem,405993,57986,1560,440,350777,1774467,1.12,21:00
2022,4,2022-04-01,YouTube,TechBrasil,Games,Stories,910036,34052,4107,8852,1802323,846006,9.98,21:00
2022,4,2022-04-01,LinkedIn,GamesBR,Educação,Carrossel,512646,38624,4507,8049,738178,1759576,11.87,12:00
2022,4,2022-04-01,Facebook,TechBrasil,Games,Stories,359124,21903,1720,4176,376304,2144728,8.76,08:00
2022,4,2022-04-01,YouTube,EducaOnline,Educação,Stories,124038,39734,2341,225,87869,1931961,3.67,18:00
2022,4,2022-04-01,Facebook,EducaOnline,Tecnologia,Live,128788,36560,4493,5930,1214350,1377183,4.85,08:00
2022,4,2022-04-01,Facebook,GamesBR,Entretenimento,Stories,412436,5304,2069,8273,1767909,1721862,7.49,08:00
2022,4,2022-04-01,X,ModaHoje,Educação,Vídeo,904206,32772,3827,3765,1593715,214708,7.51,18:00
2022,4,2022-04-01,Facebook,TechBrasil,Tecnologia,Imagem,817573,30654,470,606,1956109,1028994,1.35,21:00
2022,4,2022-04-01,Facebook,GamesBR,Games,Imagem,698599,71248,347,598,1172590,1728945,0.74,18:00
2022,4,2022-04-01,Instagram,TechBrasil,Games,Imagem,294432,19761,3560,3670,1922977,1468338,10.24,18:00
2022,4,2022-04-01,LinkedIn,TechBrasil,Games,Vídeo,282500,30871,3402,4478,765435,578034,9.87,08:00
2022,4,2022-04-01,Facebook,EducaOnline,Tecnologia,Stories,756585,62036,4575,6085,213870,1153092,8.0,21:00
2022,4,2022-04-01,YouTube,ModaHoje,Entretenimento,Carrossel,156276,33442,3030,2056,1368114,1108070,8.21,12:00
2022,4,2022-04-01,LinkedIn,ModaHoje,Games,Live,928898,79382,1510,8162,1226929,564737,5.69,18:00
2022,4,2022-04-01,Facebook,EducaOnline,Educação,Vídeo,859848,68955,1879,671,1273895,1992657,0.65,12:00
2022,4,2022-04-01,Instagram,TechBrasil,Educação,Live,157400,59831,2490,8376,960579,1460434,7.49,21:00
2022,4,2022-04-01,LinkedIn,EducaOnline,Entretenimento,Live,760343,62486,2580,1897,834125,2341516,10.59,21:00
2022,4,2022-04-01,YouTube,TechBrasil,Tecnologia,Carrossel,363677,34883,2413,3862,1250660,1383758,10.84,21:00
2022,5,2022-05-01,YouTube,TechBrasil,Games,Stories,658262,78747,1299,7366,1159880,1228986,7.94,18:00
2022,5,2022-05-01,Facebook,TechBrasil,Educação,Imagem,385644,55965,1223,5627,728899,204946,4.24,21:00
2022,5,2022-05-01,LinkedIn,TechBrasil,Educação,Stories,18267,23538,1568,5013,532901,1288546,6.38,18:00
2022,5,2022-05-01,X,ModaHoje,Tecnologia,Live,383081,11873,4390,9069,566119,176516,10.32,08:00
2022,5,2022-05-01,TikTok,GamesBR,Games,Carrossel,624749,35882,3409,4443,993530,1044136,9.67,18:00
2022,5,2022-05-01,LinkedIn,GamesBR,Educação,Vídeo,74314,49120,1403,3141,1015579,1415156,5.48,12:00
2022,5,2022-05-01,Facebook,TechBrasil,Games,Carrossel,948403,34870,4138,3703,1117886,1648666,8.55,12:00
2022,5,2022-05-01,Instagram,ModaHoje,Educação,Vídeo,603640,55720,4280,6899,564687,857538,0.59,12:00
2022,5,2022-05-01,Instagram,TechBrasil,Games,Carrossel,581778,181,3125,7245,1856629,1820614,8.84,12:00
2022,5,2022-05-01,YouTube,GamesBR,Entretenimento,Stories,585295,34646,1742,6455,385369,2134871,2.22,08:00
2022,5,2022-05-01,X,GamesBR,Tecnologia,Imagem,560262,8650,3678,7994,182524,2246338,3.81,21:00
2022,5,2022-05-01,Facebook,ModaHoje,Educação,Carrossel,230077,4355,1728,4467,800746,243305,9.24,21:00
2022,5,2022-05-01,TikTok,EducaOnline,Educação,Vídeo,304832,56878,4075,291,1707431,470244,9.14,08:00
2022,5,2022-05-01,YouTube,ModaHoje,Tecnologia,Imagem,452060,58030,372,2979,604702,1183519,10.25,18:00
2022,5,2022-05-01,TikTok,ModaHoje,Entretenimento,Live,236469,9480,210,1775,339830,797551,10.88,12:00
2022,5,2022-05-01,YouTube,TechBrasil,Tecnologia,Vídeo,709569,26858,3796,7703,1860081,1973673,3.49,18:00
2022,5,2022-05-01,X,EducaOnline,Tecnologia,Stories,450365,64757,4695,3263,519299,294747,7.99,18:00
2022,5,2022-05-01,YouTube,TechBrasil,Entretenimento,Vídeo,111056,15958,4468,3827,1101342,1545235,2.26,12:00
2022,5,2022-05-01,YouTube,TechBrasil,Educação,Live,302558,54886,4513,3625,1042287,1919884,9.32,12:00
2022,5,2022-05-01,Facebook,TechBrasil,Entretenimento,Carrossel,158907,75440,3459,9287,195212,2288684,9.38,21:00
2022,5,2022-05-01,Facebook,GamesBR,Educação,Vídeo,242360,77378,3573,113,1728079,898903,1.94,12:00
2022,5,2022-05-01,Facebook,EducaOnline,Tecnologia,Carrossel,504940,17731,3052,1305,1794610,189968,11.42,18:00
2022,5,2022-05-01,LinkedIn,ModaHoje,Educação,Vídeo,453862,58380,2677,5242,1720178,1391178,1.71,18:00
2022,5,2022-05-01,Instagram,GamesBR,Games,Live,198133,25321,861,69,1235033,281237,10.83,08:00
2022,5,2022-05-01,Facebook,EducaOnline,Games,Stories,638453,17922,1947,7471,1802186,1132481,9.45,08:00
2022,5,2022-05-01,Instagram,ModaHoje,Tecnologia,Imagem,602789,15354,2017,9122,1983730,707810,9.51,18:00
2022,5,2022-05-01,TikTok,ModaHoje,Educação,Vídeo,954764,5938,78,2424,508822,1900515,10.13,21:00
2022,5,2022-05-01,TikTok,TechBrasil,Educação,Carrossel,137730,18688,4399,10,1006073,393640,1.37,12:00
2022,5,2022-05-01,X,ModaHoje,Tecnologia,Live,635661,39428,4445,6161,993531,2173322,3.04,12:00
2022,5,2022-05-01,X,ModaHoje,Educação,Vídeo,416859,75185,216,9602,1485840,2048520,9.5,08:00
2022,5,2022-05-01,LinkedIn,GamesBR,Entretenimento,Vídeo,970395,44802,479,2123,391514,2355523,4.07,08:00
2022,5,2022-05-01,Instagram,GamesBR,Tecnologia,Live,869887,16661,3230,8535,39485,1783208,2.18,21:00
2022,5,2022-05-01,LinkedIn,ModaHoje,Tecnologia,Carrossel,413641,3187,4609,2179,1066611,1038786,9.33,18:00
2022,5,2022-05-01,TikTok,GamesBR,Educação,Vídeo,510493,75818,239,3114,1952769,2489383,1.52,08:00
2022,5,2022-05-01,X,EducaOnline,Games,Imagem,785864,8530,1690,6498,1482175,1183739,8.06,21:00
2022,5,2022-05-01,Facebook,GamesBR,Tecnologia,Stories,997493,3465,987,3045,1366851,1077087,4.87,18:00
2022,5,2022-05-01,YouTube,ModaHoje,Entretenimento,Carrossel,243536,57616,1625,2424,236034,357091,3.96,21:00
2022,6,2022-06-01,Instagram,ModaHoje,Games,Stories,470402,49359,238,9065,56421,1848677,6.03,12:00
2022,6,2022-06-01,LinkedIn,EducaOnline,Entretenimento,Imagem,854756,69064,2584,6563,1420035,694158,6.28,08:00
2022,6,2022-06-01,TikTok,TechBrasil,Games,Carrossel,96395,77666,1829,3393,1637555,569214,1.0,21:00
2022,6,2022-06-01,X,EducaOnline,Educação,Imagem,384163,46173,2036,2069,1882580,303097,4.4,08:00
2022,6,2022-06-01,Facebook,ModaHoje,Entretenimento,Carrossel,91964,42301,3819,4379,66907,849845,6.0,21:00
2022,6,2022-06-01,TikTok,ModaHoje,Educação,Stories,988737,6929,3165,4106,14693,1773057,3.5,12:00
2022,6,2022-06-01,LinkedIn,GamesBR,Entretenimento,Stories,68922,50291,3314,2478,994121,1332568,1.66,21:00
2022,6,2022-06-01,TikTok,ModaHoje,Games,Live,478763,34271,65,3494,319061,602866,8.97,21:00
2022,6,2022-06-01,LinkedIn,GamesBR,Games,Live,591881,33637,642,9434,1447073,391638,9.63,21:00
2022,6,2022-06-01,LinkedIn,ModaHoje,Tecnologia,Imagem,328523,13180,3680,8146,1300277,1461327,2.35,08:00
2022,6,2022-06-01,Instagram,GamesBR,Games,Stories,192930,56324,4063,2349,844022,870229,5.16,08:00
2022,6,2022-06-01,LinkedIn,GamesBR,Educação,Imagem,763317,62636,969,5863,355998,2255939,7.26,08:00
2022,6,2022-06-01,YouTube,TechBrasil,Games,Carrossel,284806,43794,1137,9399,859040,114850,3.54,21:00
2022,6,2022-06-01,TikTok,ModaHoje,Games,Vídeo,904777,990,1989,9446,1010174,197464,10.54,12:00
2022,6,2022-06-01,Instagram,EducaOnline,Tecnologia,Imagem,68015,38173,171,3907,626237,1935322,8.67,21:00
2022,6,2022-06-01,X,ModaHoje,Tecnologia,Vídeo,18151,49269,4026,1908,325712,1722501,1.65,21:00
2022,6,2022-06-01,Facebook,ModaHoje,Entretenimento,Live,508034,10969,2467,882,959746,1251792,4.37,12:00
2022,6,2022-06-01,Facebook,GamesBR,Tecnologia,Carrossel,932697,19638,1472,2642,1419233,726506,2.83,21:00
2022,6,2022-06-01,Instagram,ModaHoje,Entretenimento,Imagem,138303,34296,28,4076,243474,485150,7.21,08:00
2022,6,2022-06-01,Facebook,EducaOnline,Tecnologia,Carrossel,923841,71582,4208,4240,381020,2136548,6.42,21:00
2022,6,2022-06-01,Instagram,GamesBR,Educação,Live,596842,18438,1362,1909,1726539,314580,2.07,18:00
2022,6,2022-06-01,Facebook,ModaHoje,Entretenimento,Imagem,205941,73086,602,3868,541649,1472730,11.09,18:00
2022,6,2022-06-01,LinkedIn,EducaOnline,Educação,Imagem,445988,52106,4655,254,1123367,2134465,9.47,18:00
2022,6,2022-06-01,Facebook,EducaOnline,Games,Stories,327686,64371,4737,595,1822004,187985,8.54,18:00
2022,6,2022-06-01,Facebook,GamesBR,Entretenimento,Stories,371804,4826,1812,622,140861,1205822,6.28,08:00
2022,6,2022-06-01,TikTok,EducaOnline,Entretenimento,Stories,730275,31211,1323,6478,1948502,1727727,8.79,21:00
2022,6,2022-06-01,LinkedIn,TechBrasil,Educação,Vídeo,324901,74923,4801,4971,247376,565659,2.42,12:00
2022,6,2022-06-01,X,TechBrasil,Tecnologia,Imagem,728282,22446,2727,3954,1635258,1769861,9.17,12:00
2022,6,2022-06-01,YouTube,EducaOnline,Entretenimento,Carrossel,793548,45537,3856,9225,1182868,1717531,2.72,18:00
2022,6,2022-06-01,LinkedIn,TechBrasil,Tecnologia,Stories,793920,34273,4297,7729,32782,197011,4.0,12:00
2022,6,2022-06-01,X,GamesBR,Games,Live,341150,77943,691,8810,73891,2285810,8.95,08:00
2022,6,2022-06-01,X,ModaHoje,Games,Vídeo,8994,20888,3704,1754,580741,436437,5.93,08:00
2022,6,2022-06-01,X,GamesBR,Tecnologia,Carrossel,432593,5888,1191,6947,884671,116212,9.96,18:00
2022,6,2022-06-01,LinkedIn,TechBrasil,Games,Vídeo,975957,34704,527,2394,630842,754210,3.49,08:00
2022,6,2022-06-01,TikTok,EducaOnline,Educação,Live,162624,14237,3028,4086,788256,1059398,4.16,21:00
2022,6,2022-06-01,Facebook,GamesBR,Tecnologia,Vídeo,414700,72245,312,1650,422769,332292,8.66,21:00
2022,6,2022-06-01,LinkedIn,GamesBR,Entretenimento,Live,244208,50582,1146,3830,1830264,1664802,9.24,08:00
2022,7,2022-07-01,Instagram,GamesBR,Educação,Stories,86196,62820,4183,5486,70311,249285,3.4,12:00
2022,7,2022-07-01,X,GamesBR,Educação,Imagem,204091,43201,1101,713,1248267,62043,6.27,12:00
2022,7,2022-07-01,Instagram,GamesBR,Educação,Imagem,239369,33816,3572,3225,648343,897439,5.08,18:00
2022,7,2022-07-01,Facebook,EducaOnline,Games,Stories,807728,36376,2433,1206,758152,1178677,5.2,12:00
2022,7,2022-07-01,LinkedIn,GamesBR,Games,Stories,882669,27452,1438,8727,778018,1815299,5.72,12:00
2022,7,2022-07-01,Instagram,GamesBR,Tecnologia,Stories,129696,79901,3825,3054,1762819,1109147,1.03,12:00
2022,7,2022-07-01,TikTok,EducaOnline,Educação,Live,113051,46786,4496,6490,489909,196159,5.41,12:00
2022,7,2022-07-01,TikTok,TechBrasil,Educação,Carrossel,40095,1449,2335,1347,891480,1222054,11.7,18:00
2022,7,2022-07-01,X,TechBrasil,Educação,Stories,446254,50879,936,2038,412505,271571,2.58,21:00
2022,7,2022-07-01,Instagram,ModaHoje,Games,Live,627820,58566,196,7626,240469,10829,8.24,08:00
2022,7,2022-07-01,X,EducaOnline,Educação,Live,731603,25192,2301,1800,152084,2017456,2.01,21:00
2022,7,2022-07-01,X,EducaOnline,Entretenimento,Imagem,365581,11570,1082,3267,1350611,1614746,5.22,18:00
2022,7,2022-07-01,TikTok,ModaHoje,Entretenimento,Vídeo,288104,15702,4291,8397,1130415,2062582,8.25,21:00
2022,7,2022-07-01,TikTok,ModaHoje,Games,Live,766018,62213,1077,9535,1321482,1769271,5.53,21:00
2022,7,2022-07-01,YouTube,EducaOnline,Tecnologia,Carrossel,539858,41687,947,8058,1543865,1446579,7.44,18:00
2022,7,2022-07-01,YouTube,ModaHoje,Games,Vídeo,473264,39608,3210,5734,1762328,1801060,8.74,12:00
2022,7,2022-07-01,LinkedIn,TechBrasil,Games,Vídeo,214615,10981,966,7686,1339356,1740980,9.32,21:00
2022,7,2022-07-01,TikTok,EducaOnline,Games,Carrossel,167872,14154,2605,4090,1621527,1094827,7.58,08:00
2022,7,2022-07-01,YouTube,EducaOnline,Tecnologia,Vídeo,237442,20886,283,6701,888888,818768,6.0,12:00
2022,7,2022-07-01,Instagram,ModaHoje,Tecnologia,Stories,410974,11825,1792,5630,1016986,2110690,5.91,08:00
2022,7,2022-07-01,YouTube,GamesBR,Educação,Live,448967,19215,3224,5253,1991471,2039481,7.63,18:00
2022,7,2022-07-01,Facebook,ModaHoje,Games,Vídeo,512443,4635,1566,7446,172320,2267505,11.4,21:00
2022,7,2022-07-01,Facebook,TechBrasil,Tecnologia,Imagem,112635,39704,2418,3663,1093493,863292,5.16,08:00
2022,7,2022-07-01,YouTube,ModaHoje,Entretenimento,Live,646229,71285,4386,6559,1698027,1525612,5.11,08:00
2022,7,2022-07-01,YouTube,TechBrasil,Entretenimento,Stories,479194,42992,1578,2964,1953308,1960227,2.81,18:00
2022,7,2022-07-01,LinkedIn,GamesBR,Tecnologia,Carrossel,172824,47750,1927,3949,7721,926516,6.97,12:00
2022,7,2022-07-01,LinkedIn,TechBrasil,Tecnologia,Carrossel,540151,79780,1352,6614,1871147,952127,3.23,18:00
2022,7,2022-07-01,Instagram,GamesBR,Entretenimento,Carrossel,513466,20727,4560,6251,1709844,2111889,4.63,21:00
2022,7,2022-07-01,Instagram,TechBrasil,Educação,Stories,196865,54063,574,7520,287692,760977,6.43,21:00
2022,7,2022-07-01,X,ModaHoje,Entretenimento,Vídeo,539671,54924,2784,562,347146,853951,7.23,12:00
2022,7,2022-07-01,YouTube,ModaHoje,Tecnologia,Imagem,467258,58634,3090,2186,1456017,2046698,3.44,12:00
2022,7,2022-07-01,YouTube,EducaOnline,Entretenimento,Live,838128,55226,2152,8721,1018972,1564024,7.0,21:00
2022,7,2022-07-01,Facebook,GamesBR,Tecnologia,Vídeo,986394,69287,733,795,611096,1559136,8.24,08:00
2022,7,2022-07-01,Facebook,TechBrasil,Educação,Stories,777322,43082,612,8221,1133148,2295736,2.9,21:00
2022,7,2022-07-01,Facebook,ModaHoje,Entretenimento,Carrossel,71536,63820,3461,1293,1698405,1728041,4.57,21:00
2022,7,2022-07-01,Instagram,GamesBR,Tecnologia,Carrossel,99972,11606,1383,409,459396,622171,4.15,08:00
2022,7,2022-07-01,TikTok,TechBrasil,Tecnologia,Stories,556173,71815,932,4912,501260,1597227,1.0,08:00
2022,8,2022-08-01,TikTok,ModaHoje,Educação,Stories,508140,60758,2864,2238,1731272,758705,8.86,08:00
2022,8,2022-08-01,Instagram,TechBrasil,Educação,Live,102319,4448,1391,8058,248723,959072,7.26,18:00
2022,8,2022-08-01,TikTok,GamesBR,Entretenimento,Imagem,750715,9143,1974,9054,338569,2415092,8.56,18:00
2022,8,2022-08-01,TikTok,GamesBR,Tecnologia,Stories,625043,56590,1899,9805,135637,390292,11.21,12:00
2022,8,2022-08-01,Facebook,GamesBR,Educação,Live,993563,55948,1053,9715,1731356,312548,1.33,18:00
2022,8,2022-08-01,Instagram,EducaOnline,Entretenimento,Imagem,786187,12416,2035,6134,768720,2009717,6.85,18:00
2022,8,2022-08-01,LinkedIn,ModaHoje,Tecnologia,Stories,811773,14059,3221,6889,1352948,223577,10.84,08:00
2022,8,2022-08-01,X,GamesBR,Entretenimento,Imagem,975446,51744,1739,8507,1427686,1346793,8.99,21:00
2022,8,2022-08-01,LinkedIn,EducaOnline,Games,Vídeo,489565,29558,4118,7262,174774,1100706,4.36,08:00
2022,8,2022-08-01,Instagram,GamesBR,Entretenimento,Carrossel,810128,17496,3745,9176,1867550,1352846,5.21,21:00
2022,8,2022-08-01,YouTube,TechBrasil,Games,Stories,53595,67224,4217,3307,545157,1717902,11.9,18:00
2022,8,2022-08-01,TikTok,TechBrasil,Tecnologia,Imagem,799616,23756,2225,7666,800645,655138,8.6,21:00
2022,8,2022-08-01,TikTok,GamesBR,Educação,Vídeo,620787,4483,279,8757,716425,1225459,4.97,18:00
2022,8,2022-08-01,YouTube,TechBrasil,Tecnologia,Imagem,922640,72499,4128,3388,1909059,286605,11.71,08:00
2022,8,2022-08-01,YouTube,EducaOnline,Tecnologia,Carrossel,60440,17735,1331,8355,243648,1725531,6.82,18:00
2022,8,2022-08-01,YouTube,TechBrasil,Games,Carrossel,674096,8028,4703,9127,1608034,661793,0.61,18:00
2022,8,2022-08-01,LinkedIn,ModaHoje,Entretenimento,Imagem,943372,60599,3655,1500,809935,2490199,5.35,12:00
2022,8,2022-08-01,Facebook,TechBrasil,Entretenimento,Live,363325,27974,3441,7537,558223,641635,7.11,21:00
2022,8,2022-08-01,YouTube,TechBrasil,Entretenimento,Carrossel,332856,28839,3558,6698,11039,1603107,8.66,08:00
2022,8,2022-08-01,Instagram,EducaOnline,Educação,Vídeo,366099,11271,1936,9973,343847,1350923,5.13,21:00
2022,8,2022-08-01,TikTok,TechBrasil,Educação,Live,558770,46651,4930,4215,45211,884257,2.18,21:00
2022,8,2022-08-01,X,TechBrasil,Entretenimento,Stories,332259,68250,878,1333,410500,2159155,3.68,18:00
2022,8,2022-08-01,X,TechBrasil,Games,Imagem,728631,11161,2449,8008,1981122,1677454,0.61,18:00
2022,8,2022-08-01,Instagram,TechBrasil,Educação,Carrossel,629457,36265,1865,583,1292591,1804351,0.99,18:00
2022,8,2022-08-01,YouTube,EducaOnline,Tecnologia,Carrossel,406531,9211,1342,2013,491010,869336,1.29,08:00
2022,8,2022-08-01,YouTube,ModaHoje,Games,Imagem,408245,28908,1991,3280,580469,270064,5.98,21:00
2022,8,2022-08-01,TikTok,GamesBR,Tecnologia,Carrossel,717386,76314,1539,3254,1648420,1703676,11.42,08:00
2022,8,2022-08-01,TikTok,GamesBR,Games,Stories,225082,38092,3342,7339,402557,2104873,2.24,08:00
2022,8,2022-08-01,LinkedIn,ModaHoje,Games,Vídeo,974161,35671,2427,5445,970638,619389,11.54,08:00
2022,8,2022-08-01,Instagram,GamesBR,Tecnologia,Imagem,51289,39926,673,879,8661,2483122,11.16,12:00
2022,8,2022-08-01,Instagram,TechBrasil,Entretenimento,Carrossel,309625,50647,3038,1002,567586,1211402,2.86,21:00
2022,8,2022-08-01,X,GamesBR,Educação,Vídeo,191452,53636,143,2848,1933529,1882824,8.19,21:00
2022,8,2022-08-01,Instagram,EducaOnline,Entretenimento,Imagem,285739,19333,2492,2292,29770,1531455,2.14,18:00
2022,8,2022-08-01,TikTok,TechBrasil,Entretenimento,Live,108217,11401,269,4411,209147,1790565,7.17,21:00
2022,8,2022-08-01,TikTok,ModaHoje,Games,Imagem,179729,21959,1950,2452,599497,480283,10.25,18:00
2022,8,2022-08-01,X,EducaOnline,Educação,Imagem,165050,54620,114,3057,1557990,504071,2.28,18:00
2022,8,2022-08-01,Instagram,EducaOnline,Educação,Carrossel,968201,75624,1218,4139,510251,1979861,11.26,12:00
2022,9,2022-09-01,Instagram,GamesBR,Educação,Stories,373715,57115,394,6989,1528446,17834,1.95,18:00
2022,9,2022-09-01,LinkedIn,GamesBR,Games,Vídeo,29946,11284,978,9031,1459708,724045,3.47,12:00
2022,9,2022-09-01,X,GamesBR,Educação,Carrossel,295930,28620,2015,8843,973540,1504909,8.4,18:00
2022,9,2022-09-01,LinkedIn,GamesBR,Games,Carrossel,400584,708,4703,3207,410937,2333105,1.15,08:00
2022,9,2022-09-01,YouTube,GamesBR,Games,Carrossel,138660,15868,4209,7488,1524923,1605283,4.04,21:00
2022,9,2022-09-01,Facebook,EducaOnline,Educação,Vídeo,700992,41020,4738,6503,1171472,2233873,5.51,12:00
2022,9,2022-09-01,LinkedIn,TechBrasil,Games,Vídeo,198810,73775,2307,4434,229053,2230720,5.74,18:00
2022,9,2022-09-01,TikTok,GamesBR,Educação,Imagem,779706,16583,4585,2262,1884623,430592,10.41,21:00
2022,9,2022-09-01,TikTok,TechBrasil,Tecnologia,Vídeo,279859,37617,2279,8852,1929268,2483820,1.82,12:00
2022,9,2022-09-01,YouTube,GamesBR,Educação,Imagem,53262,23924,2883,1752,1771224,961413,10.42,12:00
2022,9,2022-09-01,LinkedIn,GamesBR,Tecnologia,Live,753942,19809,3330,5502,281432,80581,2.16,21:00
2022,9,2022-09-01,YouTube,EducaOnline,Educação,Carrossel,560466,61106,1681,7741,1006736,1377109,2.32,12:00
2022,9,2022-09-01,Facebook,ModaHoje,Games,Live,509077,62607,1161,6673,506420,1015851,4.6,21:00
2022,9,2022-09-01,TikTok,TechBrasil,Entretenimento,Imagem,685099,27265,4168,1872,1696502,1591417,11.99,21:00
2022,9,2022-09-01,X,ModaHoje,Games,Stories,668307,47517,2069,7015,1985775,1443828,3.61,08:00
2022,9,2022-09-01,TikTok,TechBrasil,Entretenimento,Imagem,686575,18732,3141,1040,73970,461892,2.0,12:00
2022,9,2022-09-01,X,ModaHoje,Games,Imagem,742001,21637,2526,4225,1739425,2441299,8.97,18:00
2022,9,2022-09-01,YouTube,GamesBR,Tecnologia,Imagem,60146,7445,241,2948,1560673,1533512,11.1,18:00
2022,9,2022-09-01,TikTok,GamesBR,Tecnologia,Vídeo,148568,25447,4213,422,576557,1345188,7.84,21:00
2022,9,2022-09-01,LinkedIn,EducaOnline,Educação,Imagem,44045,53111,963,3850,5171,1136069,9.32,21:00
2022,9,2022-09-01,YouTube,GamesBR,Games,Stories,567990,34352,3859,2143,1846378,1178131,8.6,08:00
2022,9,2022-09-01,TikTok,GamesBR,Games,Live,839197,31912,4105,3856,256540,1654009,6.06,08:00
2022,9,2022-09-01,X,GamesBR,Tecnologia,Stories,948571,42715,405,8713,585862,2210276,9.2,18:00
2022,9,2022-09-01,Facebook,GamesBR,Educação,Carrossel,568185,69680,1388,6263,308997,1109440,9.84,12:00
2022,9,2022-09-01,LinkedIn,GamesBR,Games,Vídeo,192275,50205,247,538,740473,2045506,3.77,21:00
2022,9,2022-09-01,X,EducaOnline,Entretenimento,Live,595757,63485,1236,9330,1674447,2007121,2.46,12:00
2022,9,2022-09-01,LinkedIn,EducaOnline,Educação,Stories,759256,61627,4143,7136,539206,2171298,0.91,21:00
2022,9,2022-09-01,LinkedIn,GamesBR,Educação,Stories,636426,23842,4194,8476,1837966,1366693,3.08,12:00
2022,9,2022-09-01,X,EducaOnline,Games,Carrossel,690479,67131,1360,6957,596508,1583666,8.48,08:00
2022,9,2022-09-01,Instagram,ModaHoje,Games,Vídeo,223315,63640,4781,4075,314861,876102,1.75,12:00
2022,9,2022-09-01,Instagram,GamesBR,Tecnologia,Live,251075,68206,2212,4833,1531991,1134401,10.15,21:00
2022,9,2022-09-01,TikTok,GamesBR,Tecnologia,Stories,171893,78053,3388,5762,1321194,1460076,3.66,08:00
2022,9,2022-09-01,X,TechBrasil,Educação,Vídeo,885021,30466,879,8202,1178758,1010638,7.82,21:00
2022,9,2022-09-01,LinkedIn,GamesBR,Tecnologia,Live,579203,7865,1085,200,33484,2274107,4.6,21:00
2022,9,2022-09-01,X,EducaOnline,Tecnologia,Live,274004,22876,3656,6618,813246,2009052,8.2,08:00
2022,9,2022-09-01,X,ModaHoje,Entretenimento,Carrossel,955363,68618,1002,7994,236810,925611,7.72,21:00
2022,9,2022-09-01,TikTok,GamesBR,Games,Vídeo,620684,31202,1595,7369,574323,2022608,2.96,21:00
2022,10,2022-10-01,Facebook,ModaHoje,Educação,Vídeo,307346,27855,4025,4100,1131416,611779,2.02,08:00
2022,10,2022-10-01,Facebook,GamesBR,Tecnologia,Live,944966,16319,3034,8729,887974,2236096,9.46,21:00
2022,10,2022-10-01,Facebook,GamesBR,Tecnologia,Live,527678,12191,3305,9566,500601,1074120,9.0,08:00
2022,10,2022-10-01,X,GamesBR,Tecnologia,Imagem,216842,48697,1151,4059,1279144,1513490,7.09,21:00
2022,10,2022-10-01,Instagram,ModaHoje,Entretenimento,Vídeo,40710,58205,1421,2445,599102,255545,10.82,18:00
2022,10,2022-10-01,Facebook,GamesBR,Tecnologia,Vídeo,878802,2431,2703,2837,341660,1585968,7.4,18:00
2022,10,2022-10-01,X,EducaOnline,Entretenimento,Imagem,42235,55075,3653,2093,941440,1923091,4.37,18:00
2022,10,2022-10-01,X,TechBrasil,Tecnologia,Live,531352,50624,1292,9880,1774099,1194610,9.3,18:00
2022,10,2022-10-01,TikTok,TechBrasil,Entretenimento,Carrossel,69461,24472,1233,657,1785242,2047668,8.48,12:00
2022,10,2022-10-01,YouTube,ModaHoje,Games,Carrossel,466948,75335,1215,4579,1331071,2334563,10.56,12:00
2022,10,2022-10-01,TikTok,EducaOnline,Games,Stories,991477,69289,2749,4432,94530,1450806,1.33,18:00
2022,10,2022-10-01,YouTube,ModaHoje,Educação,Imagem,825654,7053,30,4405,1626355,1755143,1.79,21:00
2022,10,2022-10-01,YouTube,TechBrasil,Games,Imagem,133157,38065,4496,8935,565990,1837131,4.28,12:00
2022,10,2022-10-01,TikTok,GamesBR,Games,Imagem,538647,15669,2640,4544,18639,248327,4.01,08:00
2022,10,2022-10-01,Facebook,ModaHoje,Games,Live,352930,3973,225,7820,1485886,2435562,3.22,18:00
2022,10,2022-10-01,LinkedIn,ModaHoje,Educação,Carrossel,537171,37114,4832,1136,1725593,1877028,7.68,12:00
2022,10,2022-10-01,Instagram,ModaHoje,Games,Live,315682,5172,4806,4085,1571422,924669,0.92,21:00
2022,10,2022-10-01,Facebook,GamesBR,Educação,Vídeo,150709,29775,4205,6775,1272830,2237845,10.17,21:00
2022,10,2022-10-01,YouTube,GamesBR,Games,Stories,381685,13334,2248,6087,1541517,249815,1.99,21:00
2022,10,2022-10-01,Instagram,GamesBR,Tecnologia,Live,379569,62924,2811,5628,1613356,922146,6.28,18:00
2022,10,2022-10-01,Facebook,GamesBR,Entretenimento,Live,199587,49679,4388,6857,1061403,1975847,5.97,08:00
2022,10,2022-10-01,Instagram,GamesBR,Tecnologia,Vídeo,892303,77495,560,2167,299177,253240,9.96,12:00
2022,10,2022-10-01,YouTube,EducaOnline,Tecnologia,Stories,377972,25709,104,7059,155515,1217211,9.83,21:00
2022,10,2022-10-01,X,GamesBR,Entretenimento,Vídeo,990846,62992,3167,7257,972207,1388027,9.7,12:00
2022,10,2022-10-01,Facebook,ModaHoje,Educação,Imagem,956812,17867,4533,5654,1654528,1332729,4.69,08:00
2022,10,2022-10-01,Facebook,ModaHoje,Tecnologia,Vídeo,249352,19504,4313,4556,1045151,1146646,9.08,18:00
2022,10,2022-10-01,Facebook,ModaHoje,Educação,Carrossel,97589,73276,1716,7707,959374,234630,9.5,08:00
2022,10,2022-10-01,Facebook,EducaOnline,Entretenimento,Carrossel,822143,66869,2823,1369,47233,1006274,2.02,12:00
2022,10,2022-10-01,YouTube,EducaOnline,Entretenimento,Carrossel,763151,21446,403,367,58034,1190409,11.59,21:00
2022,10,2022-10-01,X,EducaOnline,Tecnologia,Vídeo,910009,26414,4170,6079,994312,859187,1.4,18:00
2022,10,2022-10-01,X,EducaOnline,Games,Live,347620,16802,3776,733,1385341,1872804,2.82,08:00
2022,10,2022-10-01,LinkedIn,GamesBR,Tecnologia,Imagem,450068,48494,4485,2555,34692,15255,5.62,12:00
2022,10,2022-10-01,TikTok,EducaOnline,Games,Imagem,380703,3716,3805,2748,1980919,407228,2.66,18:00
2022,10,2022-10-01,TikTok,EducaOnline,Educação,Vídeo,858225,38276,2525,1382,64569,793825,10.14,08:00
2022,10,2022-10-01,LinkedIn,ModaHoje,Entretenimento,Vídeo,315227,52042,4501,2829,1800281,1323392,6.09,08:00
2022,10,2022-10-01,Instagram,ModaHoje,Educação,Carrossel,914872,30604,4282,6066,1708114,2291037,11.71,12:00
2022,10,2022-10-01,LinkedIn,ModaHoje,Entretenimento,Carrossel,592496,14403,1522,9031,1674667,1483270,1.29,08:00
2022,11,2022-11-01,Facebook,EducaOnline,Educação,Imagem,581748,13637,309,8844,1435330,202935,5.43,12:00
2022,11,2022-11-01,TikTok,ModaHoje,Tecnologia,Vídeo,196071,29821,4996,9682,415256,470104,1.23,21:00
2022,11,2022-11-01,LinkedIn,TechBrasil,Tecnologia,Live,518765,72526,1684,5601,1156853,2034379,10.63,12:00
2022,11,2022-11-01,Instagram,GamesBR,Games,Vídeo,893467,73407,448,3803,614246,2367777,1.83,21:00
2022,11,2022-11-01,LinkedIn,TechBrasil,Educação,Carrossel,305421,13246,530,8744,1261863,2399663,7.65,12:00
2022,11,2022-11-01,YouTube,ModaHoje,Entretenimento,Live,751668,55241,4609,4087,1780777,909528,10.34,12:00
2022,11,2022-11-01,Instagram,ModaHoje,Entretenimento,Imagem,301305,3065,4759,6159,11513,78282,9.54,21:00
2022,11,2022-11-01,TikTok,TechBrasil,Games,Imagem,275148,33753,4516,5974,1547839,641372,8.94,12:00
2022,11,2022-11-01,X,EducaOnline,Games,Imagem,391457,39107,3807,1064,435366,1985609,3.76,12:00
2022,11,2022-11-01,Facebook,EducaOnline,Educação,Live,771302,45786,1081,8357,791712,548344,11.31,21:00
2022,11,2022-11-01,TikTok,EducaOnline,Games,Imagem,497106,37633,3212,6244,462770,2426888,8.71,12:00
2022,11,2022-11-01,LinkedIn,ModaHoje,Entretenimento,Stories,485426,35072,4300,6880,1771924,2242629,11.97,12:00
2022,11,2022-11-01,YouTube,ModaHoje,Games,Imagem,448339,37607,3376,7063,920250,821972,11.12,21:00
2022,11,2022-11-01,LinkedIn,GamesBR,Entretenimento,Imagem,343254,19770,1531,2846,398707,1793098,6.18,18:00
2022,11,2022-11-01,Facebook,EducaOnline,Games,Stories,901540,75273,1311,1559,34224,795568,11.87,21:00
2022,11,2022-11-01,Facebook,ModaHoje,Entretenimento,Carrossel,517512,22647,4459,5719,1282896,1228299,3.05,08:00
2022,11,2022-11-01,YouTube,GamesBR,Games,Imagem,351613,26763,4979,4147,102671,2473301,1.12,21:00
2022,11,2022-11-01,X,ModaHoje,Tecnologia,Carrossel,904967,27490,4857,8107,1515065,1429783,4.21,08:00
2022,11,2022-11-01,Facebook,TechBrasil,Tecnologia,Live,60814,21375,190,5593,1275521,1398284,0.78,21:00
2022,11,2022-11-01,X,EducaOnline,Games,Live,136244,39538,4238,49,178060,2303381,5.25,08:00
2022,11,2022-11-01,Facebook,TechBrasil,Games,Carrossel,375080,55558,3046,8322,547008,746752,11.0,18:00
2022,11,2022-11-01,LinkedIn,EducaOnline,Educação,Vídeo,558810,11801,2601,5180,102846,1942944,10.68,08:00
2022,11,2022-11-01,LinkedIn,EducaOnline,Entretenimento,Carrossel,820222,28506,2320,5679,397189,2150421,8.96,18:00
2022,11,2022-11-01,Facebook,GamesBR,Educação,Live,206935,8408,1060,2559,701569,2303610,5.73,21:00
2022,11,2022-11-01,X,EducaOnline,Entretenimento,Imagem,114765,11653,4927,9763,567927,2265661,9.68,08:00
2022,11,2022-11-01,YouTube,TechBrasil,Educação,Imagem,675159,41120,4464,1627,1023947,1622160,10.42,21:00
2022,11,2022-11-01,LinkedIn,ModaHoje,Tecnologia,Carrossel,160488,49803,2807,2540,210315,1894308,4.79,21:00
2022,11,2022-11-01,Instagram,ModaHoje,Games,Live,784469,11802,2206,7023,1115730,1745949,5.01,08:00
2022,11,2022-11-01,LinkedIn,ModaHoje,Tecnologia,Imagem,240537,66706,1122,3896,244357,944491,8.69,21:00
2022,11,2022-11-01,X,ModaHoje,Entretenimento,Live,936659,3714,419,3180,1923065,59702,3.72,12:00
2022,11,2022-11-01,Instagram,TechBrasil,Tecnologia,Vídeo,12284,30792,954,4184,165183,285984,10.45,08:00
2022,11,2022-11-01,X,ModaHoje,Games,Stories,73212,14098,2383,6893,1603285,73403,5.4,21:00
2022,11,2022-11-01,LinkedIn,GamesBR,Tecnologia,Live,529809,3634,317,2403,1354229,603531,4.52,21:00
2022,11,2022-11-01,TikTok,ModaHoje,Entretenimento,Live,219657,12941,4488,8249,238426,382690,4.22,18:00
2022,11,2022-11-01,LinkedIn,EducaOnline,Entretenimento,Vídeo,491074,30748,109,1149,268066,1010134,8.85,12:00
2022,11,2022-11-01,Instagram,EducaOnline,Educação,Vídeo,918084,10168,14,1787,1457978,1395896,3.47,18:00
2022,11,2022-11-01,TikTok,EducaOnline,Entretenimento,Imagem,850107,62931,625,2365,803631,135387,7.5,18:00
2022,12,2022-12-01,TikTok,TechBrasil,Games,Vídeo,606545,8756,4262,5179,1193180,1238151,12.0,18:00
2022,12,2022-12-01,Facebook,GamesBR,Tecnologia,Vídeo,974835,23986,314,246,804768,1211428,11.05,21:00
2022,12,2022-12-01,YouTube,TechBrasil,Games,Live,971627,61973,3057,7823,1740314,1784014,1.0,21:00
2022,12,2022-12-01,TikTok,GamesBR,Tecnologia,Vídeo,91418,38468,236,7731,902653,1271110,7.65,18:00
2022,12,2022-12-01,LinkedIn,GamesBR,Educação,Carrossel,59361,60003,1961,1759,1681539,298598,10.08,21:00
2022,12,2022-12-01,Instagram,GamesBR,Tecnologia,Live,151529,20776,3225,46,1885339,2489141,6.12,12:00
2022,12,2022-12-01,Instagram,EducaOnline,Educação,Carrossel,240858,70950,2609,7037,1748428,793534,10.46,21:00
2022,12,2022-12-01,X,EducaOnline,Tecnologia,Vídeo,166420,25177,1780,8934,1599758,1145057,10.78,18:00
2022,12,2022-12-01,X,TechBrasil,Games,Imagem,792945,31839,2761,1741,1310430,913814,8.29,08:00
2022,12,2022-12-01,Instagram,GamesBR,Games,Vídeo,338390,3903,341,5723,1695977,134848,6.27,18:00
2022,12,2022-12-01,X,GamesBR,Tecnologia,Live,695161,60360,4727,271,1320689,626576,3.84,18:00
2022,12,2022-12-01,X,ModaHoje,Entretenimento,Imagem,213640,60221,840,2853,890403,2078413,4.11,08:00
2022,12,2022-12-01,LinkedIn,ModaHoje,Games,Stories,128946,51969,4732,7508,1954318,1868978,2.56,12:00
2022,12,2022-12-01,LinkedIn,GamesBR,Tecnologia,Live,168897,33891,307,5015,1479883,781044,11.5,08:00
2022,12,2022-12-01,Facebook,ModaHoje,Entretenimento,Carrossel,361817,50072,4646,6816,149729,526714,6.13,12:00
2022,12,2022-12-01,YouTube,GamesBR,Tecnologia,Vídeo,642826,22542,4615,2097,1166944,285001,11.69,12:00
2022,12,2022-12-01,LinkedIn,ModaHoje,Tecnologia,Imagem,417238,63142,4977,7759,1724431,1394137,8.88,12:00
2022,12,2022-12-01,Facebook,GamesBR,Entretenimento,Vídeo,525867,63757,483,7090,337415,2013502,5.81,21:00
2022,12,2022-12-01,LinkedIn,EducaOnline,Entretenimento,Live,959503,73824,913,5589,74956,1715150,4.74,12:00
2022,12,2022-12-01,TikTok,EducaOnline,Educação,Live,22007,20789,3336,4780,121481,708989,6.75,18:00
2022,12,2022-12-01,X,GamesBR,Educação,Imagem,376498,20455,3618,385,1694444,920466,0.76,12:00
2022,12,2022-12-01,Facebook,ModaHoje,Games,Imagem,481981,22603,2704,1756,232654,775904,7.53,12:00
2022,12,2022-12-01,Facebook,EducaOnline,Educação,Carrossel,504171,59558,1594,6690,580865,1964109,11.08,08:00
2022,12,2022-12-01,YouTube,TechBrasil,Educação,Vídeo,402948,6197,405,4710,359104,1867738,1.37,21:00
2022,12,2022-12-01,Facebook,ModaHoje,Games,Imagem,635921,20909,4404,4876,937453,2405950,2.81,21:00
2022,12,2022-12-01,Instagram,ModaHoje,Tecnologia,Carrossel,476111,16208,1141,212,962262,1900337,6.39,21:00
2022,12,2022-12-01,Facebook,GamesBR,Tecnologia,Carrossel,536131,70631,3742,7685,786898,452307,7.03,08:00
2022,12,2022-12-01,Facebook,ModaHoje,Games,Carrossel,319816,10855,1151,4668,266758,1844014,11.38,08:00
2022,12,2022-12-01,LinkedIn,GamesBR,Games,Live,739767,12109,478,4217,1666912,261758,3.98,18:00
2022,12,2022-12-01,TikTok,GamesBR,Tecnologia,Carrossel,511598,59765,516,5360,1980637,2070321,7.16,12:00
2022,12,2022-12-01,X,ModaHoje,Tecnologia,Imagem,979736,30777,3531,4055,56609,581755,2.24,08:00
2022,12,2022-12-01,YouTube,EducaOnline,Entretenimento,Vídeo,207489,22762,4373,7501,1155210,786052,6.19,21:00
2022,12,2022-12-01,TikTok,ModaHoje,Entretenimento,Live,528469,69110,2855,4165,1330326,702457,3.98,21:00
2022,12,2022-12-01,YouTube,ModaHoje,Tecnologia,Stories,873627,79251,2087,2055,275320,1779008,11.32,18:00
2022,12,2022-12-01,Facebook,ModaHoje,Games,Imagem,736118,22850,4733,6741,1688675,2355871,10.6,21:00
2022,12,2022-12-01,X,EducaOnline,Educação,Stories,500798,51461,950,5235,1215773,2449746,10.34,08:00
2022,12,2022-12-01,Instagram,ModaHoje,Tecnologia,Imagem,144318,28345,811,9915,761493,1222908,0.63,18:00
2023,1,2023-01-01,Instagram,EducaOnline,Educação,Imagem,518219,40947,3376,4143,1164528,881352,3.16,08:00
2023,1,2023-01-01,X,TechBrasil,Tecnologia,Stories,595422,3875,1235,1331,55667,1561824,4.54,18:00
2023,1,2023-01-01,Facebook,TechBrasil,Entretenimento,Stories,544835,54939,439,1683,14636,968888,9.03,08:00
2023,1,2023-01-01,X,ModaHoje,Games,Vídeo,918008,64990,1621,6673,152921,190559,0.98,08:00
2023,1,2023-01-01,YouTube,EducaOnline,Tecnologia,Vídeo,530022,18699,4493,865,1469562,675203,7.32,18:00
2023,1,2023-01-01,X,TechBrasil,Tecnologia,Stories,105428,41908,4135,6579,185247,2305348,7.84,12:00
2023,1,2023-01-01,TikTok,EducaOnline,Educação,Vídeo,472332,13468,2117,9437,859261,2066370,0.66,12:00
2023,1,2023-01-01,X,ModaHoje,Games,Carrossel,778218,76384,4403,4108,479262,1037868,4.39,21:00
2023,1,2023-01-01,YouTube,GamesBR,Games,Imagem,535272,43598,4110,6991,1558929,1509509,10.59,12:00
2023,1,2023-01-01,Instagram,ModaHoje,Entretenimento,Carrossel,660427,74506,1168,3616,1327195,2103583,3.18,21:00
2023,1,2023-01-01,LinkedIn,ModaHoje,Tecnologia,Carrossel,65171,73634,3424,4242,506439,959325,2.03,12:00
2023,1,2023-01-01,LinkedIn,TechBrasil,Tecnologia,Imagem,694300,68897,2159,2929,1884652,898923,7.48,08:00
2023,1,2023-01-01,TikTok,TechBrasil,Tecnologia,Imagem,216764,79580,960,995,827554,917868,1.95,21:00
2023,1,2023-01-01,X,EducaOnline,Games,Stories,93715,78772,1977,6023,1345500,391955,7.74,08:00
2023,1,2023-01-01,LinkedIn,TechBrasil,Educação,Live,125445,74503,374,6750,711233,386750,5.01,12:00
2023,1,2023-01-01,LinkedIn,ModaHoje,Entretenimento,Stories,384026,44663,2581,7362,207051,2341501,5.35,18:00
2023,1,2023-01-01,Instagram,EducaOnline,Tecnologia,Vídeo,501139,16006,3968,5678,597909,1328767,1.39,12:00
2023,1,2023-01-01,Instagram,ModaHoje,Entretenimento,Vídeo,593544,25527,1547,7766,1512448,129792,4.26,12:00
2023,1,2023-01-01,Facebook,TechBrasil,Games,Carrossel,697962,2142,3403,8240,1583701,1315719,3.8,18:00
2023,1,2023-01-01,LinkedIn,ModaHoje,Educação,Stories,679466,65321,559,2663,1537642,2204250,11.12,18:00
2023,1,2023-01-01,X,ModaHoje,Games,Live,174455,57028,4957,7556,620103,1683304,8.91,18:00
2023,1,2023-01-01,TikTok,EducaOnline,Educação,Live,489928,4664,3659,1903,646582,1586521,8.71,08:00
2023,1,2023-01-01,Facebook,GamesBR,Educação,Carrossel,495473,42244,1907,3955,206379,2333146,5.42,21:00
2023,1,2023-01-01,Facebook,ModaHoje,Entretenimento,Imagem,64094,20497,2453,2369,1212342,762150,5.12,12:00
2023,1,2023-01-01,Instagram,TechBrasil,Games,Stories,565462,66925,583,4799,209753,2070826,10.92,08:00
2023,1,2023-01-01,LinkedIn,GamesBR,Games,Vídeo,979340,28395,3955,6578,1337424,1981427,6.18,08:00
2023,1,2023-01-01,LinkedIn,GamesBR,Tecnologia,Imagem,528224,49351,4125,7206,286633,1831907,3.88,18:00
2023,1,2023-01-01,Instagram,ModaHoje,Educação,Live,813392,47779,1670,5837,1974215,1678142,11.23,21:00
2023,1,2023-01-01,X,EducaOnline,Tecnologia,Live,722864,11327,4866,5088,1714276,512557,2.01,21:00
2023,1,2023-01-01,YouTube,ModaHoje,Games,Carrossel,862705,67029,4917,1059,997626,323580,9.29,08:00
2023,1,2023-01-01,Facebook,ModaHoje,Games,Live,652443,67934,4282,8072,1077238,1183254,4.85,08:00
2023,1,2023-01-01,YouTube,EducaOnline,Games,Stories,316017,37133,4399,2391,1892703,1994866,7.29,08:00
2023,1,2023-01-01,Instagram,GamesBR,Games,Carrossel,31093,49966,3584,2774,1640086,1620976,9.9,08:00
2023,1,2023-01-01,X,GamesBR,Games,Carrossel,959425,68112,4212,5264,32114,385751,1.34,08:00
2023,1,2023-01-01,Instagram,GamesBR,Entretenimento,Live,750280,4027,32,9902,586222,1949540,11.19,08:00
2023,1,2023-01-01,X,TechBrasil,Tecnologia,Vídeo,954686,60473,1087,5990,1262407,507469,5.81,21:00
2023,1,2023-01-01,LinkedIn,GamesBR,Games,Carrossel,861823,49194,2516,261,1282692,690995,6.34,18:00
2023,2,2023-02-01,Instagram,EducaOnline,Tecnologia,Imagem,680847,36912,1180,6992,1149370,2063304,2.19,18:00
2023,2,2023-02-01,X,ModaHoje,Games,Vídeo,911521,23547,2662,2894,1818189,639058,1.91,12:00
2023,2,2023-02-01,X,EducaOnline,Entretenimento,Carrossel,71293,58804,2753,2242,402850,2036110,4.81,21:00
2023,2,2023-02-01,Facebook,EducaOnline,Entretenimento,Stories,548393,68239,1474,8513,971316,2489788,5.89,21:00
2023,2,2023-02-01,YouTube,ModaHoje,Tecnologia,Carrossel,719815,74583,1098,5734,410987,1713843,6.38,18:00
2023,2,2023-02-01,TikTok,TechBrasil,Tecnologia,Carrossel,722230,65819,4282,6257,118780,1823665,8.62,08:00
2023,2,2023-02-01,Facebook,TechBrasil,Educação,Stories,670996,22392,4297,6817,1718236,845512,9.94,18:00
2023,2,2023-02-01,Facebook,ModaHoje,Tecnologia,Live,315602,66535,549,7952,779053,569926,9.98,12:00
2023,2,2023-02-01,TikTok,ModaHoje,Entretenimento,Carrossel,420625,20512,4538,7096,187745,589930,11.26,12:00
2023,2,2023-02-01,LinkedIn,EducaOnline,Entretenimento,Live,655936,77766,2455,568,1841487,981494,8.34,18:00
2023,2,2023-02-01,YouTube,TechBrasil,Tecnologia,Vídeo,62459,43053,1655,7292,345025,1873420,2.44,12:00
2023,2,2023-02-01,X,GamesBR,Educação,Carrossel,42080,47861,2351,1321,464281,747302,6.26,12:00
2023,2,2023-02-01,Facebook,ModaHoje,Educação,Carrossel,243127,64698,3034,5402,1641530,1864694,4.51,18:00
2023,2,2023-02-01,Instagram,GamesBR,Games,Imagem,942451,66021,1827,8014,1801033,990082,11.86,12:00
2023,2,2023-02-01,X,GamesBR,Tecnologia,Vídeo,885916,40674,3968,1340,1796661,1779902,0.67,08:00
2023,2,2023-02-01,LinkedIn,TechBrasil,Games,Vídeo,785251,56876,1948,403,177966,1741169,11.78,08:00
2023,2,2023-02-01,X,ModaHoje,Games,Stories,170242,50665,240,9776,788405,272227,5.99,21:00
2023,2,2023-02-01,Facebook,ModaHoje,Games,Stories,666945,62539,2284,9059,1365629,749365,3.66,18:00
2023,2,2023-02-01,LinkedIn,TechBrasil,Tecnologia,Carrossel,234583,65243,3106,1958,1067705,939342,9.07,12:00
2023,2,2023-02-01,X,ModaHoje,Entretenimento,Vídeo,421376,77685,1882,2280,791291,1524171,7.99,12:00
2023,2,2023-02-01,YouTube,EducaOnline,Educação,Vídeo,780016,39070,3950,8490,429532,2353768,7.76,12:00
2023,2,2023-02-01,X,ModaHoje,Games,Carrossel,178279,64603,3582,2396,1575835,42553,4.42,08:00
2023,2,2023-02-01,Facebook,ModaHoje,Games,Vídeo,756309,21783,3601,9860,905503,2455363,5.39,21:00
2023,2,2023-02-01,Facebook,EducaOnline,Games,Imagem,530460,3661,668,7196,684713,465502,4.13,08:00
2023,2,2023-02-01,X,TechBrasil,Games,Imagem,563694,9806,4800,3250,1369515,838576,10.95,21:00
2023,2,2023-02-01,LinkedIn,TechBrasil,Tecnologia,Carrossel,937365,33981,4644,5758,403794,417755,1.95,21:00
2023,2,2023-02-01,TikTok,TechBrasil,Educação,Live,796287,78720,2500,8781,172893,1729322,3.02,08:00
2023,2,2023-02-01,LinkedIn,TechBrasil,Tecnologia,Imagem,477039,71495,4573,4263,40733,2211292,11.48,18:00
2023,2,2023-02-01,LinkedIn,GamesBR,Educação,Imagem,530915,16063,347,9809,333772,690436,8.23,21:00
2023,2,2023-02-01,Facebook,TechBrasil,Entretenimento,Stories,926193,16862,1509,6397,1519077,1458340,9.88,12:00
2023,2,2023-02-01,Facebook,ModaHoje,Educação,Vídeo,306071,36039,4986,1965,1986619,2435014,11.64,21:00
2023,2,2023-02-01,LinkedIn,ModaHoje,Tecnologia,Stories,371454,34300,3713,7214,610033,1964278,5.22,08:00
2023,2,2023-02-01,Facebook,EducaOnline,Educação,Stories,7433,41362,3300,224,1927985,675587,2.92,12:00
2023,2,2023-02-01,Instagram,ModaHoje,Games,Imagem,209651,65038,3909,9232,469896,788265,8.34,08:00
2023,2,2023-02-01,YouTube,EducaOnline,Tecnologia,Vídeo,255688,32992,3011,5786,1434891,1117526,1.83,21:00
2023,2,2023-02-01,TikTok,TechBrasil,Games,Imagem,993263,68174,73,1707,401500,1076854,0.62,18:00
2023,2,2023-02-01,TikTok,GamesBR,Games,Live,728562,7355,4903,8960,48179,1077948,4.02,18:00
2023,3,2023-03-01,X,EducaOnline,Games,Imagem,323581,23044,3975,556,318397,1508338,6.75,18:00
2023,3,2023-03-01,TikTok,ModaHoje,Educação,Live,104165,17326,3082,6664,439516,2391164,1.02,21:00
2023,3,2023-03-01,LinkedIn,GamesBR,Tecnologia,Vídeo,850495,75577,2108,6450,1518976,1631585,11.59,12:00
2023,3,2023-03-01,YouTube,TechBrasil,Games,Vídeo,856859,41129,1439,8790,379431,270518,10.04,12:00
2023,3,2023-03-01,YouTube,EducaOnline,Games,Live,824768,37801,4970,4744,1668790,1498171,2.69,12:00
2023,3,2023-03-01,Instagram,EducaOnline,Games,Imagem,896254,24083,832,5134,813183,149421,5.92,08:00
2023,3,2023-03-01,TikTok,TechBrasil,Educação,Carrossel,257843,79152,2900,6253,1896684,1822654,6.14,18:00
2023,3,2023-03-01,X,EducaOnline,Entretenimento,Imagem,640501,30528,4728,4264,525527,186421,1.44,08:00
2023,3,2023-03-01,LinkedIn,GamesBR,Tecnologia,Stories,624664,23732,4286,2079,551143,802805,10.82,12:00
2023,3,2023-03-01,X,EducaOnline,Entretenimento,Vídeo,520866,48496,2294,4401,727645,624535,8.85,18:00
2023,3,2023-03-01,Instagram,ModaHoje,Tecnologia,Imagem,793899,15822,680,2171,1095184,178738,2.08,08:00
2023,3,2023-03-01,TikTok,TechBrasil,Educação,Imagem,794748,31192,2244,4492,561223,843881,5.41,21:00
2023,3,2023-03-01,YouTube,GamesBR,Tecnologia,Live,496255,38272,3431,61,1972071,210523,7.84,08:00
2023,3,2023-03-01,X,ModaHoje,Tecnologia,Live,17825,71620,50,3986,1992061,482370,4.31,08:00
2023,3,2023-03-01,LinkedIn,TechBrasil,Entretenimento,Carrossel,320412,21414,4907,3462,166752,253083,10.55,08:00
2023,3,2023-03-01,Instagram,TechBrasil,Tecnologia,Live,907394,4691,4976,4553,686091,2425404,11.83,08:00
2023,3,2023-03-01,LinkedIn,TechBrasil,Games,Carrossel,171132,30785,4240,5155,1026952,1337489,8.09,18:00
2023,3,2023-03-01,X,EducaOnline,Educação,Live,868107,13581,940,610,745933,557640,2.31,12:00
2023,3,2023-03-01,Facebook,ModaHoje,Entretenimento,Vídeo,474177,53767,4543,4273,1254347,1021961,5.67,12:00
2023,3,2023-03-01,Facebook,EducaOnline,Educação,Stories,545484,18315,205,110,756303,2184576,4.78,21:00
2023,3,2023-03-01,Instagram,TechBrasil,Educação,Imagem,132390,442,4940,7180,1607705,2165406,8.25,18:00
2023,3,2023-03-01,Facebook,TechBrasil,Educação,Vídeo,333154,76598,1948,808,30601,80059,2.6,18:00
2023,3,2023-03-01,Instagram,GamesBR,Games,Carrossel,490920,20563,4218,9881,286655,1340540,4.94,08:00
2023,3,2023-03-01,Facebook,TechBrasil,Entretenimento,Stories,440229,20565,1963,4597,116602,749116,10.14,21:00
2023,3,2023-03-01,Facebook,ModaHoje,Entretenimento,Imagem,248152,68663,232,5054,155808,1794683,10.49,12:00
2023,3,2023-03-01,TikTok,ModaHoje,Games,Carrossel,334880,33597,579,9016,1200940,1089252,1.06,18:00
2023,3,2023-03-01,Facebook,EducaOnline,Entretenimento,Imagem,383422,63091,2943,1339,472120,759971,9.82,18:00
2023,3,2023-03-01,TikTok,TechBrasil,Games,Live,812666,9886,1108,9880,101691,2165101,4.1,18:00
2023,3,2023-03-01,LinkedIn,EducaOnline,Tecnologia,Vídeo,785170,6518,4715,8706,106134,1142003,11.14,08:00
2023,3,2023-03-01,Facebook,EducaOnline,Tecnologia,Imagem,538922,60141,975,2601,877074,2440439,11.45,18:00
2023,3,2023-03-01,LinkedIn,TechBrasil,Games,Vídeo,521994,39600,2955,1631,1537418,1670001,10.34,18:00
2023,3,2023-03-01,X,EducaOnline,Games,Live,826747,78429,736,4038,531791,1325497,5.67,12:00
2023,3,2023-03-01,X,EducaOnline,Entretenimento,Stories,337289,42899,4321,7501,1303666,401212,0.99,18:00
2023,3,2023-03-01,Instagram,ModaHoje,Games,Live,443928,45436,4714,8826,1815722,2176789,9.43,18:00
2023,3,2023-03-01,Instagram,ModaHoje,Entretenimento,Live,68580,38463,3639,5527,962341,993543,5.0,08:00
2023,3,2023-03-01,Instagram,ModaHoje,Games,Live,34848,34674,1564,5205,1025083,2352956,7.98,21:00
2023,3,2023-03-01,LinkedIn,ModaHoje,Games,Live,407266,62338,2958,4175,1993205,1143716,6.75,21:00
2023,4,2023-04-01,TikTok,ModaHoje,Tecnologia,Carrossel,543821,16931,1055,9074,1714917,921888,5.44,21:00
2023,4,2023-04-01,YouTube,TechBrasil,Entretenimento,Imagem,420344,56802,1906,9379,248965,1692823,4.66,21:00
2023,4,2023-04-01,TikTok,TechBrasil,Tecnologia,Imagem,549833,63038,2053,9745,1485945,582784,4.57,12:00
2023,4,2023-04-01,YouTube,TechBrasil,Games,Carrossel,610170,33169,4211,6341,275342,118346,1.68,21:00
2023,4,2023-04-01,TikTok,ModaHoje,Games,Vídeo,78491,50096,576,7346,1243255,1356622,9.79,12:00
2023,4,2023-04-01,Facebook,GamesBR,Games,Vídeo,972930,4610,4008,7428,740404,2456060,1.7,18:00
2023,4,2023-04-01,Instagram,ModaHoje,Tecnologia,Live,354473,24066,2559,521,1229219,1074967,1.12,08:00
2023,4,2023-04-01,TikTok,ModaHoje,Games,Live,103441,1625,3450,827,1603829,2279113,2.34,12:00
2023,4,2023-04-01,Instagram,GamesBR,Tecnologia,Live,304960,52873,2851,726,369204,2238482,7.85,08:00
2023,4,2023-04-01,Instagram,TechBrasil,Entretenimento,Stories,132952,35687,857,7567,191917,1645150,5.6,08:00
2023,4,2023-04-01,Facebook,ModaHoje,Games,Carrossel,708317,41997,4187,1354,1121653,778523,5.67,21:00
2023,4,2023-04-01,Instagram,GamesBR,Tecnologia,Vídeo,901953,40119,2281,8218,367737,1754979,0.67,21:00
2023,4,2023-04-01,LinkedIn,EducaOnline,Entretenimento,Imagem,32215,39870,3372,8923,1447976,2244769,3.92,21:00
2023,4,2023-04-01,Facebook,ModaHoje,Games,Live,103639,33161,4802,1189,764925,2441861,9.45,08:00
2023,4,2023-04-01,YouTube,GamesBR,Educação,Carrossel,451737,3081,1219,1052,370677,1821236,9.78,12:00
2023,4,2023-04-01,Instagram,GamesBR,Entretenimento,Imagem,513399,77248,77,402,1640002,131010,11.3,18:00
2023,4,2023-04-01,Facebook,EducaOnline,Educação,Stories,907626,67891,3402,2143,820330,1423140,2.49,21:00
2023,4,2023-04-01,Instagram,GamesBR,Tecnologia,Live,123407,50709,4059,2802,1109649,76264,7.76,08:00
2023,4,2023-04-01,YouTube,TechBrasil,Entretenimento,Imagem,43651,38756,1895,727,1227183,91697,3.14,18:00
2023,4,2023-04-01,Instagram,ModaHoje,Educação,Stories,336608,49502,4624,1437,1466332,1211864,10.1,12:00
2023,4,2023-04-01,Facebook,GamesBR,Games,Carrossel,216709,42943,2093,7417,559287,960516,5.08,18:00
2023,4,2023-04-01,X,GamesBR,Tecnologia,Live,444088,45517,866,8891,1997255,1145789,11.07,18:00
2023,4,2023-04-01,X,TechBrasil,Educação,Live,618314,77429,1137,1290,1721333,1259152,4.31,08:00
2023,4,2023-04-01,X,EducaOnline,Educação,Live,618719,2451,4486,3123,1444709,631394,6.67,12:00
2023,4,2023-04-01,X,GamesBR,Educação,Stories,366034,24502,53,860,1476381,1082499,5.32,08:00
2023,4,2023-04-01,Instagram,TechBrasil,Tecnologia,Imagem,450435,43287,1688,9855,704437,1913298,1.01,08:00
2023,4,2023-04-01,X,EducaOnline,Entretenimento,Stories,99665,10200,1858,7774,1986633,882963,11.69,18:00
2023,4,2023-04-01,X,ModaHoje,Entretenimento,Carrossel,217041,12699,3262,6980,1040342,1556356,11.56,12:00
2023,4,2023-04-01,TikTok,TechBrasil,Educação,Stories,31007,2687,4606,9212,1178272,2366842,1.36,18:00
2023,4,2023-04-01,Instagram,ModaHoje,Educação,Live,470593,74202,136,6728,1533394,2114447,10.62,18:00
2023,4,2023-04-01,YouTube,TechBrasil,Entretenimento,Stories,684119,9378,333,4005,163149,726118,11.08,08:00
2023,4,2023-04-01,TikTok,EducaOnline,Educação,Imagem,730533,71213,1489,3441,1580518,1533952,11.25,08:00
2023,4,2023-04-01,X,ModaHoje,Games,Live,715675,37264,710,6000,919332,1400940,5.13,18:00
2023,4,2023-04-01,Instagram,ModaHoje,Tecnologia,Live,780034,16426,4583,6407,477235,960291,1.74,08:00
2023,4,2023-04-01,X,EducaOnline,Tecnologia,Live,278165,50089,326,9984,873288,1765338,1.35,08:00
2023,4,2023-04-01,X,EducaOnline,Entretenimento,Vídeo,985426,4179,1232,2560,1233771,1267501,5.48,18:00
2023,4,2023-04-01,Instagram,GamesBR,Educação,Vídeo,45965,45871,4516,2296,80642,2393454,10.51,12:00
2023,5,2023-05-01,X,GamesBR,Tecnologia,Stories,377498,12264,1325,7779,1174885,983886,0.53,08:00
2023,5,2023-05-01,TikTok,ModaHoje,Tecnologia,Carrossel,554500,1312,4695,5177,1690463,1961307,7.69,21:00
2023,5,2023-05-01,LinkedIn,EducaOnline,Educação,Stories,388854,440,2667,7058,1780732,1104186,3.99,21:00
2023,5,2023-05-01,Instagram,TechBrasil,Entretenimento,Live,452941,51593,3720,4158,715230,1560282,2.96,21:00
2023,5,2023-05-01,Instagram,ModaHoje,Games,Vídeo,505283,4286,276,8214,1145452,833367,9.72,12:00
2023,5,2023-05-01,YouTube,ModaHoje,Educação,Stories,973888,44917,2943,7722,1487343,2482528,7.46,12:00
2023,5,2023-05-01,X,GamesBR,Tecnologia,Carrossel,223604,22922,2054,6489,158827,1546910,8.32,08:00
2023,5,2023-05-01,YouTube,EducaOnline,Entretenimento,Stories,440169,25006,4582,6672,1699214,1254370,4.9,08:00
2023,5,2023-05-01,LinkedIn,EducaOnline,Entretenimento,Stories,392950,57460,2335,8926,1020234,2481784,1.44,12:00
2023,5,2023-05-01,LinkedIn,EducaOnline,Tecnologia,Vídeo,520722,54244,3738,35,162609,1272811,2.74,12:00
2023,5,2023-05-01,LinkedIn,TechBrasil,Educação,Carrossel,803136,40676,4670,6898,309232,1604747,3.14,12:00
2023,5,2023-05-01,YouTube,GamesBR,Games,Stories,868115,35096,4917,2629,422232,1944681,1.4,21:00
2023,5,2023-05-01,YouTube,GamesBR,Tecnologia,Carrossel,882432,11844,524,8056,1041337,2211638,11.19,18:00
2023,5,2023-05-01,LinkedIn,ModaHoje,Tecnologia,Live,852378,58445,3263,880,681207,34060,11.58,08:00
2023,5,2023-05-01,Instagram,GamesBR,Educação,Stories,386128,5828,4400,6368,79442,2255091,5.19,21:00
2023,5,2023-05-01,X,ModaHoje,Entretenimento,Stories,177520,51418,3436,1610,750460,953648,7.49,21:00
2023,5,2023-05-01,YouTube,EducaOnline,Entretenimento,Imagem,673963,12895,2560,8484,1762840,959676,1.18,08:00
2023,5,2023-05-01,Facebook,EducaOnline,Entretenimento,Vídeo,268791,27005,1275,4262,1492231,2364147,1.02,08:00
2023,5,2023-05-01,Facebook,EducaOnline,Entretenimento,Vídeo,42277,27635,4927,6374,1022684,753510,7.08,21:00
2023,5,2023-05-01,LinkedIn,EducaOnline,Tecnologia,Live,117979,18816,2574,2300,899223,1146200,1.02,18:00
2023,5,2023-05-01,X,TechBrasil,Games,Carrossel,872374,7399,955,5550,139877,1738275,11.1,12:00
2023,5,2023-05-01,TikTok,TechBrasil,Educação,Carrossel,13277,32870,1233,7002,775780,2323342,1.33,08:00
2023,5,2023-05-01,Instagram,GamesBR,Tecnologia,Vídeo,642533,35247,1884,1392,215575,2218507,6.07,08:00
2023,5,2023-05-01,X,TechBrasil,Games,Live,491111,37215,2450,5013,13651,1857601,10.17,12:00
2023,5,2023-05-01,X,EducaOnline,Games,Stories,260988,72029,2253,6415,1580574,1660145,7.78,12:00
2023,5,2023-05-01,YouTube,EducaOnline,Educação,Carrossel,548319,66754,2376,3315,1436504,1193761,11.23,18:00
2023,5,2023-05-01,Instagram,EducaOnline,Tecnologia,Live,163967,17823,394,863,830558,1928584,8.04,12:00
2023,5,2023-05-01,Instagram,TechBrasil,Games,Stories,832965,45784,4781,726,241970,323777,2.86,21:00
2023,5,2023-05-01,TikTok,ModaHoje,Educação,Imagem,116149,41754,1657,664,1351162,1261060,4.71,18:00
2023,5,2023-05-01,YouTube,EducaOnline,Tecnologia,Vídeo,989439,38382,2549,9562,1101050,1632735,2.58,12:00
2023,5,2023-05-01,Facebook,EducaOnline,Educação,Carrossel,725165,50369,4249,2761,457513,1242370,0.6,21:00
2023,5,2023-05-01,X,GamesBR,Entretenimento,Carrossel,896002,30927,1705,5201,785192,449961,11.25,08:00
2023,5,2023-05-01,X,TechBrasil,Educação,Vídeo,674427,59150,1989,502,1790165,1707093,6.96,18:00
2023,5,2023-05-01,YouTube,TechBrasil,Educação,Vídeo,504165,63021,2283,2974,1887600,1421501,9.27,18:00
2023,5,2023-05-01,Facebook,ModaHoje,Entretenimento,Imagem,130313,56820,4845,8085,1865286,92404,7.46,12:00
2023,5,2023-05-01,Instagram,TechBrasil,Educação,Live,390906,54109,187,4727,86000,939005,10.74,21:00
2023,5,2023-05-01,LinkedIn,EducaOnline,Tecnologia,Carrossel,378716,16288,3615,1169,510474,1225251,7.62,08:00
2023,6,2023-06-01,Facebook,EducaOnline,Educação,Live,103722,41676,2722,9953,1767292,2111598,10.02,21:00
2023,6,2023-06-01,LinkedIn,GamesBR,Entretenimento,Stories,1345,36178,2754,5721,1829945,1771878,1.54,08:00
2023,6,2023-06-01,Instagram,GamesBR,Educação,Stories,575692,33362,786,7620,484466,1595043,2.14,21:00
2023,6,2023-06-01,Instagram,EducaOnline,Games,Carrossel,946531,23440,3955,5606,622769,58841,5.3,08:00
2023,6,2023-06-01,LinkedIn,EducaOnline,Tecnologia,Stories,293214,66823,1531,1243,1248173,1870423,4.76,21:00
2023,6,2023-06-01,Facebook,EducaOnline,Entretenimento,Vídeo,25383,6766,4092,5647,114878,2033169,10.98,08:00
2023,6,2023-06-01,TikTok,ModaHoje,Educação,Vídeo,808902,51319,1985,6275,1400819,1584716,11.87,18:00
2023,6,2023-06-01,LinkedIn,GamesBR,Games,Imagem,317217,29451,1342,872,1272125,1965664,10.46,08:00
2023,6,2023-06-01,Instagram,ModaHoje,Entretenimento,Carrossel,63327,76926,3747,9177,1926667,1850912,8.69,12:00
2023,6,2023-06-01,YouTube,TechBrasil,Tecnologia,Live,605284,14343,3823,187,155061,1263693,5.64,18:00
2023,6,2023-06-01,X,TechBrasil,Games,Carrossel,579456,70782,660,7234,800694,1444401,0.82,12:00
2023,6,2023-06-01,Instagram,ModaHoje,Entretenimento,Stories,664172,61819,3801,7061,1327381,2443803,5.13,12:00
2023,6,2023-06-01,X,ModaHoje,Entretenimento,Live,253126,59066,1126,9811,730562,1108111,5.38,08:00
2023,6,2023-06-01,Instagram,TechBrasil,Tecnologia,Vídeo,571000,44002,676,1549,1597657,2144740,1.28,18:00
2023,6,2023-06-01,LinkedIn,GamesBR,Entretenimento,Vídeo,53817,54995,2430,1456,1034254,2112230,2.39,18:00
2023,6,2023-06-01,YouTube,GamesBR,Educação,Stories,511672,36654,2791,8892,1217479,2153364,3.73,18:00
2023,6,2023-06-01,TikTok,GamesBR,Educação,Imagem,469594,15426,365,8603,1333916,544275,7.86,18:00
2023,6,2023-06-01,TikTok,TechBrasil,Entretenimento,Live,867021,7640,168,1180,1796147,1093486,4.25,12:00
2023,6,2023-06-01,TikTok,TechBrasil,Games,Imagem,187901,7469,3233,8523,631133,383383,7.25,18:00
2023,6,2023-06-01,LinkedIn,TechBrasil,Tecnologia,Vídeo,87150,70903,4414,9016,1635494,2040761,4.34,12:00
2023,6,2023-06-01,LinkedIn,ModaHoje,Tecnologia,Live,819250,72756,4302,2917,1180840,1974287,11.27,18:00
2023,6,2023-06-01,YouTube,GamesBR,Tecnologia,Stories,828122,74436,153,5215,1602169,375549,4.55,21:00
2023,6,2023-06-01,TikTok,GamesBR,Educação,Stories,550386,40275,1238,8356,22187,364633,5.28,21:00
2023,6,2023-06-01,LinkedIn,EducaOnline,Games,Carrossel,678536,50689,3574,7154,1700989,2362033,9.73,12:00
2023,6,2023-06-01,Instagram,GamesBR,Games,Carrossel,240010,73812,710,9466,389859,2392279,7.7,21:00
2023,6,2023-06-01,TikTok,TechBrasil,Educação,Stories,367578,16304,3811,9155,965965,1843660,7.68,12:00
2023,6,2023-06-01,YouTube,ModaHoje,Tecnologia,Vídeo,148680,41263,3040,5982,425478,2075128,7.29,08:00
2023,6,2023-06-01,X,EducaOnline,Tecnologia,Carrossel,850088,23853,4391,2218,1124309,483724,8.2,08:00
2023,6,2023-06-01,Instagram,GamesBR,Educação,Vídeo,195353,25043,4834,4789,653140,2263161,4.07,12:00
2023,6,2023-06-01,TikTok,TechBrasil,Games,Stories,459127,75310,2295,6949,1147473,1925039,3.41,18:00
2023,6,2023-06-01,YouTube,GamesBR,Entretenimento,Carrossel,967832,35352,3097,6558,763540,1317078,3.39,18:00
2023,6,2023-06-01,TikTok,EducaOnline,Tecnologia,Vídeo,446626,79569,1376,2523,448901,1000340,7.74,21:00
2023,6,2023-06-01,TikTok,TechBrasil,Games,Vídeo,624699,77359,347,3989,1468699,511466,11.92,08:00
2023,6,2023-06-01,LinkedIn,GamesBR,Games,Imagem,14301,43226,1995,271,377876,753367,8.44,12:00
2023,6,2023-06-01,Instagram,EducaOnline,Entretenimento,Live,576572,78649,716,6106,1632459,82392,2.69,08:00
2023,6,2023-06-01,YouTube,EducaOnline,Tecnologia,Live,742866,28625,2805,9331,254365,8644,3.8,12:00
2023,6,2023-06-01,YouTube,GamesBR,Educação,Live,197377,72377,4388,4858,1042991,369896,4.0,18:00
2023,7,2023-07-01,X,ModaHoje,Tecnologia,Imagem,794599,2278,4345,5623,1715116,55903,2.75,21:00
2023,7,2023-07-01,Facebook,TechBrasil,Tecnologia,Stories,796468,39579,352,2771,960482,351380,10.9,21:00
2023,7,2023-07-01,YouTube,ModaHoje,Entretenimento,Stories,175394,34076,1741,7927,1389741,420054,4.9,18:00
2023,7,2023-07-01,TikTok,ModaHoje,Entretenimento,Imagem,628806,31572,1423,2961,1676340,1534483,8.23,12:00
2023,7,2023-07-01,Facebook,ModaHoje,Entretenimento,Carrossel,191869,7207,1031,7235,1306628,930393,6.57,18:00
2023,7,2023-07-01,LinkedIn,GamesBR,Entretenimento,Vídeo,187112,31925,2052,9370,453588,1418359,3.63,21:00
2023,7,2023-07-01,X,ModaHoje,Educação,Carrossel,110938,56084,4882,2903,1235072,1762943,10.46,08:00
2023,7,2023-07-01,LinkedIn,EducaOnline,Tecnologia,Vídeo,179444,25206,53,1955,1297729,857533,4.55,08:00
2023,7,2023-07-01,Facebook,ModaHoje,Games,Imagem,515293,28697,4874,9637,1991772,213933,7.87,18:00
2023,7,2023-07-01,Instagram,GamesBR,Educação,Carrossel,952386,64324,1943,2411,695080,2028504,0.7,18:00
2023,7,2023-07-01,YouTube,ModaHoje,Games,Live,444437,77934,4852,1022,247273,2155907,8.9,12:00
2023,7,2023-07-01,LinkedIn,GamesBR,Games,Imagem,299621,37548,2685,8039,1136242,247026,7.32,18:00
2023,7,2023-07-01,X,GamesBR,Entretenimento,Stories,957592,6715,4828,6553,459799,1432683,4.67,08:00
2023,7,2023-07-01,Instagram,GamesBR,Tecnologia,Stories,322970,67195,2345,3875,112831,1609270,0.93,21:00
2023,7,2023-07-01,TikTok,GamesBR,Entretenimento,Live,806822,42370,2714,9529,925670,2136308,7.16,21:00
2023,7,2023-07-01,Facebook,EducaOnline,Tecnologia,Imagem,429115,25192,909,6059,741495,2155159,6.63,18:00
2023,7,2023-07-01,YouTube,GamesBR,Games,Stories,358304,77424,4775,8288,1906345,1301508,4.06,08:00
2023,7,2023-07-01,X,EducaOnline,Educação,Stories,96467,66722,1971,8266,1684653,630586,4.17,21:00
2023,7,2023-07-01,Facebook,TechBrasil,Educação,Live,533440,69906,4044,9815,1154549,713669,11.49,08:00
2023,7,2023-07-01,LinkedIn,ModaHoje,Entretenimento,Live,10609,62133,4654,5798,1935224,1819232,1.78,12:00
2023,7,2023-07-01,Facebook,ModaHoje,Tecnologia,Live,114566,77357,3324,8768,1460976,1977286,4.21,08:00
2023,7,2023-07-01,LinkedIn,GamesBR,Games,Imagem,586510,73734,1824,2881,909884,876856,9.69,12:00
2023,7,2023-07-01,TikTok,TechBrasil,Games,Vídeo,658646,32925,1222,649,1880780,256395,8.4,12:00
2023,7,2023-07-01,X,EducaOnline,Entretenimento,Stories,725069,47234,3827,6871,59733,1684735,2.29,12:00
2023,7,2023-07-01,YouTube,TechBrasil,Educação,Imagem,911063,8011,2291,189,576245,1727144,8.96,21:00
2023,7,2023-07-01,X,ModaHoje,Educação,Stories,256971,8757,3215,2855,1983551,1115472,10.65,08:00
2023,7,2023-07-01,LinkedIn,TechBrasil,Educação,Live,523021,41107,3272,6916,62253,752234,5.0,21:00
2023,7,2023-07-01,TikTok,ModaHoje,Games,Imagem,667631,23269,1680,4284,44287,2464029,6.36,08:00
2023,7,2023-07-01,X,TechBrasil,Games,Vídeo,718776,68142,3322,7165,1035165,2256907,7.6,18:00
2023,7,2023-07-01,LinkedIn,GamesBR,Tecnologia,Vídeo,911197,30418,2503,9731,1959685,1747891,11.94,08:00
2023,7,2023-07-01,LinkedIn,ModaHoje,Games,Imagem,319246,17028,795,6615,1802569,2155964,2.4,08:00
2023,7,2023-07-01,Facebook,GamesBR,Games,Stories,928418,32395,187,6176,483306,1041351,10.35,08:00
2023,7,2023-07-01,YouTube,GamesBR,Educação,Carrossel,664566,55114,4179,6144,944361,1318110,10.99,18:00
2023,7,2023-07-01,X,GamesBR,Educação,Live,374342,10141,1419,4147,1731506,791109,3.71,12:00
2023,7,2023-07-01,X,GamesBR,Educação,Stories,722542,15638,2143,2520,1883814,2449349,10.78,08:00
2023,7,2023-07-01,X,GamesBR,Educação,Carrossel,954663,24743,2068,4090,1605533,253153,9.12,18:00
2023,7,2023-07-01,Facebook,ModaHoje,Entretenimento,Carrossel,998575,40702,4546,5656,806977,440011,2.92,21:00
2023,8,2023-08-01,Facebook,EducaOnline,Educação,Stories,153565,69260,1974,1291,463439,927060,8.38,12:00
2023,8,2023-08-01,Instagram,EducaOnline,Educação,Live,836348,45870,2173,8539,782368,2431595,8.81,18:00
2023,8,2023-08-01,YouTube,ModaHoje,Tecnologia,Imagem,169408,44031,383,6431,264476,238420,1.96,18:00
2023,8,2023-08-01,X,GamesBR,Games,Stories,366263,14399,1871,4442,6596,162825,6.19,12:00
2023,8,2023-08-01,LinkedIn,GamesBR,Educação,Stories,278429,31763,4670,7044,1178101,327532,5.04,12:00
2023,8,2023-08-01,YouTube,ModaHoje,Entretenimento,Imagem,725719,42598,2359,4034,1618035,1114666,8.43,12:00
2023,8,2023-08-01,Facebook,EducaOnline,Educação,Carrossel,121012,65261,4102,3312,1415201,1294700,8.84,12:00
2023,8,2023-08-01,X,TechBrasil,Entretenimento,Imagem,683570,11126,2439,866,121981,925454,3.11,12:00
2023,8,2023-08-01,Facebook,GamesBR,Tecnologia,Carrossel,319182,73566,2920,4167,1044851,1358859,0.85,08:00
2023,8,2023-08-01,TikTok,TechBrasil,Games,Live,403954,17211,4047,1684,1145200,1952475,7.83,21:00
2023,8,2023-08-01,TikTok,GamesBR,Games,Imagem,685848,10749,4614,8577,396197,1977354,10.28,21:00
2023,8,2023-08-01,Instagram,TechBrasil,Educação,Imagem,982192,73120,1508,7883,655762,686790,6.08,08:00
2023,8,2023-08-01,YouTube,ModaHoje,Games,Carrossel,337928,44784,3096,8438,783870,316322,2.12,21:00
2023,8,2023-08-01,Instagram,ModaHoje,Educação,Imagem,319572,31125,4826,7175,1567946,2488400,7.31,12:00
2023,8,2023-08-01,TikTok,TechBrasil,Entretenimento,Stories,410187,1765,4907,3240,1334126,1571398,0.9,18:00
2023,8,2023-08-01,YouTube,GamesBR,Entretenimento,Live,466301,11914,2967,8522,12215,2420891,9.34,18:00
2023,8,2023-08-01,LinkedIn,GamesBR,Entretenimento,Carrossel,62616,11095,2713,4849,1888681,399203,5.12,21:00
2023,8,2023-08-01,Facebook,ModaHoje,Educação,Carrossel,609229,52810,239,551,1698470,1207335,1.33,21:00
2023,8,2023-08-01,Instagram,TechBrasil,Entretenimento,Vídeo,733167,54816,4227,5053,1450488,497667,8.69,12:00
2023,8,2023-08-01,Instagram,ModaHoje,Educação,Carrossel,443001,79482,3156,6251,940831,663870,9.7,21:00
2023,8,2023-08-01,Facebook,GamesBR,Entretenimento,Live,85763,21088,996,8886,407184,1767077,11.37,18:00
2023,8,2023-08-01,X,GamesBR,Tecnologia,Stories,4694,4950,2822,5084,451960,1298538,3.27,08:00
2023,8,2023-08-01,YouTube,TechBrasil,Games,Imagem,253482,16535,1331,6437,450642,1397328,3.64,12:00
2023,8,2023-08-01,Instagram,ModaHoje,Educação,Stories,789648,9335,1176,2719,1622958,369778,2.24,12:00
2023,8,2023-08-01,X,EducaOnline,Games,Imagem,609421,47105,1908,3973,1460848,1039493,4.2,18:00
2023,8,2023-08-01,Instagram,TechBrasil,Educação,Live,834919,48515,3541,8704,1798631,2163565,1.12,08:00
2023,8,2023-08-01,X,EducaOnline,Tecnologia,Stories,659492,64657,26,1916,1757209,145159,11.65,12:00
2023,8,2023-08-01,Facebook,TechBrasil,Entretenimento,Imagem,239638,42256,3065,4391,993418,219614,4.31,12:00
2023,8,2023-08-01,TikTok,EducaOnline,Tecnologia,Imagem,565274,11128,2511,2178,1885572,2490053,3.36,08:00
2023,8,2023-08-01,Instagram,TechBrasil,Entretenimento,Carrossel,660350,10941,71,2191,258680,343742,6.3,12:00
2023,8,2023-08-01,YouTube,GamesBR,Entretenimento,Live,408229,1132,3845,8640,1030254,815400,9.1,12:00
2023,8,2023-08-01,LinkedIn,TechBrasil,Educação,Live,203947,38548,3758,7233,1504337,2037842,11.55,18:00
2023,8,2023-08-01,Instagram,ModaHoje,Games,Vídeo,783094,16376,4083,8148,1377167,555613,4.96,08:00
2023,8,2023-08-01,TikTok,TechBrasil,Tecnologia,Stories,443719,39710,429,3623,1526826,2219531,9.96,18:00
2023,8,2023-08-01,Facebook,GamesBR,Educação,Imagem,477597,19469,4778,5155,814610,1925931,8.45,18:00
2023,8,2023-08-01,Instagram,EducaOnline,Educação,Live,128395,31367,4621,970,945637,1373918,9.74,21:00
2023,8,2023-08-01,Instagram,GamesBR,Educação,Live,952306,17794,725,1504,369574,876754,3.46,08:00
2023,9,2023-09-01,LinkedIn,EducaOnline,Educação,Vídeo,850802,41536,2528,2385,1011620,362083,5.61,18:00
2023,9,2023-09-01,Instagram,GamesBR,Tecnologia,Vídeo,334824,53164,1539,8248,593374,1917572,6.5,12:00
2023,9,2023-09-01,TikTok,EducaOnline,Entretenimento,Carrossel,570383,32696,4165,1709,1888008,2319675,10.83,12:00
2023,9,2023-09-01,TikTok,TechBrasil,Games,Live,346394,38478,4727,1904,143549,917904,10.67,18:00
2023,9,2023-09-01,YouTube,GamesBR,Tecnologia,Imagem,433853,61654,2761,6343,1973717,1673259,8.45,08:00
2023,9,2023-09-01,YouTube,EducaOnline,Educação,Live,875816,6719,4385,567,864866,366293,3.63,12:00
2023,9,2023-09-01,YouTube,EducaOnline,Games,Live,983422,27894,3708,3320,1299001,2118847,1.72,21:00
2023,9,2023-09-01,YouTube,GamesBR,Entretenimento,Vídeo,85959,44011,2320,2801,303820,893855,10.04,12:00
2023,9,2023-09-01,X,ModaHoje,Tecnologia,Carrossel,419872,11392,1670,9687,962504,1602822,7.94,12:00
2023,9,2023-09-01,Instagram,TechBrasil,Tecnologia,Imagem,28609,11440,4328,1936,949026,1157276,8.02,12:00
2023,9,2023-09-01,Facebook,EducaOnline,Games,Stories,248267,34036,3711,7887,705485,304505,9.39,08:00
2023,9,2023-09-01,YouTube,EducaOnline,Tecnologia,Imagem,856414,33363,2254,3225,577114,1474690,1.93,12:00
2023,9,2023-09-01,YouTube,GamesBR,Educação,Imagem,528269,16915,3570,7459,1194086,966423,2.17,18:00
2023,9,2023-09-01,Facebook,GamesBR,Tecnologia,Imagem,518249,30096,3027,6434,442143,1342919,8.1,08:00
2023,9,2023-09-01,LinkedIn,EducaOnline,Educação,Stories,413329,62284,1007,7299,860395,1935692,3.66,18:00
2023,9,2023-09-01,Facebook,TechBrasil,Tecnologia,Imagem,301272,71368,3819,7046,446472,147769,4.31,18:00
2023,9,2023-09-01,TikTok,ModaHoje,Entretenimento,Live,352344,62353,3938,4565,1328590,714606,3.46,18:00
2023,9,2023-09-01,Instagram,EducaOnline,Educação,Live,232359,23078,3138,8209,471634,1940578,9.48,21:00
2023,9,2023-09-01,Instagram,TechBrasil,Tecnologia,Imagem,558256,40250,2387,2640,929102,813328,8.41,18:00
2023,9,2023-09-01,X,TechBrasil,Entretenimento,Live,299739,1757,1555,5517,1833120,328550,6.09,12:00
2023,9,2023-09-01,LinkedIn,EducaOnline,Games,Live,990400,33940,4580,9332,1321255,661549,6.4,08:00
2023,9,2023-09-01,Facebook,GamesBR,Entretenimento,Carrossel,417736,46313,2032,1201,291048,946946,8.3,18:00
2023,9,2023-09-01,LinkedIn,TechBrasil,Entretenimento,Carrossel,820037,42994,4180,2297,1125528,1454530,3.94,12:00
2023,9,2023-09-01,TikTok,EducaOnline,Educação,Live,911816,52216,3969,48,1852700,1110035,7.85,08:00
2023,9,2023-09-01,TikTok,EducaOnline,Tecnologia,Stories,632712,76691,515,8585,1882744,1623446,1.26,21:00
2023,9,2023-09-01,TikTok,EducaOnline,Entretenimento,Imagem,548175,3318,1493,1119,802613,1766251,4.15,08:00
2023,9,2023-09-01,Facebook,EducaOnline,Educação,Imagem,215632,75204,4252,26,1614943,1236006,10.82,08:00
2023,9,2023-09-01,Facebook,TechBrasil,Games,Carrossel,453963,72833,3787,6315,555292,2211226,2.35,08:00
2023,9,2023-09-01,Facebook,TechBrasil,Educação,Live,899102,60658,2593,5732,1060141,2496011,9.28,12:00
2023,9,2023-09-01,Facebook,EducaOnline,Tecnologia,Stories,367304,4525,3177,4060,658222,28139,4.66,21:00
2023,9,2023-09-01,Instagram,EducaOnline,Tecnologia,Live,37091,29631,2840,2059,1122653,1504354,6.82,18:00
2023,9,2023-09-01,YouTube,GamesBR,Games,Live,121716,24902,3036,1349,1408067,513255,7.78,18:00
2023,9,2023-09-01,Facebook,GamesBR,Educação,Imagem,665227,28826,3722,8809,1811422,819527,0.74,21:00
2023,9,2023-09-01,YouTube,TechBrasil,Educação,Carrossel,730219,48396,2950,7271,1200370,521711,11.85,18:00
2023,9,2023-09-01,Facebook,EducaOnline,Educação,Vídeo,226414,10526,2476,8633,325306,733110,8.59,21:00
2023,9,2023-09-01,TikTok,TechBrasil,Tecnologia,Imagem,419450,52106,2921,2850,268379,1637367,3.72,21:00
2023,9,2023-09-01,YouTube,TechBrasil,Tecnologia,Live,810462,6590,2415,572,1282080,857773,1.29,08:00
2023,10,2023-10-01,X,GamesBR,Educação,Stories,712607,45561,832,7114,1385433,704708,5.33,21:00
2023,10,2023-10-01,YouTube,TechBrasil,Entretenimento,Live,124814,68728,4549,1653,1198224,82501,3.36,18:00
2023,10,2023-10-01,YouTube,GamesBR,Educação,Imagem,677442,57363,4486,6313,1102338,283518,5.32,08:00
2023,10,2023-10-01,X,GamesBR,Educação,Vídeo,641304,43644,1974,4946,1688116,783653,8.92,18:00
2023,10,2023-10-01,X,TechBrasil,Entretenimento,Stories,72547,7828,2292,5968,1192044,1284925,10.45,21:00
2023,10,2023-10-01,TikTok,TechBrasil,Educação,Stories,401375,63415,1393,6915,360888,2235790,2.22,08:00
2023,10,2023-10-01,LinkedIn,EducaOnline,Tecnologia,Stories,274021,42444,4190,6111,1572496,1938269,2.31,18:00
2023,10,2023-10-01,Instagram,GamesBR,Games,Imagem,484837,6797,705,7158,396616,1045974,8.94,18:00
2023,10,2023-10-01,Facebook,ModaHoje,Entretenimento,Imagem,112761,39794,3762,4617,1460683,1563651,2.79,08:00
2023,10,2023-10-01,Facebook,ModaHoje,Games,Vídeo,90512,77329,657,6615,1060535,626461,2.86,12:00
2023,10,2023-10-01,Facebook,ModaHoje,Entretenimento,Carrossel,611759,31543,3260,861,1200727,640593,1.06,12:00
2023,10,2023-10-01,TikTok,TechBrasil,Games,Live,542319,33258,1273,7082,1330002,1606474,9.47,12:00
2023,10,2023-10-01,Facebook,ModaHoje,Games,Stories,511549,16173,2137,8790,1493384,2445922,11.24,21:00
2023,10,2023-10-01,LinkedIn,TechBrasil,Entretenimento,Stories,720371,22908,4952,686,1739116,1393573,5.28,12:00
2023,10,2023-10-01,Instagram,GamesBR,Entretenimento,Stories,62104,29524,4916,2772,568881,1078615,4.34,18:00
2023,10,2023-10-01,Instagram,GamesBR,Tecnologia,Imagem,729817,2278,340,8593,1654243,857032,1.13,21:00
2023,10,2023-10-01,Facebook,EducaOnline,Tecnologia,Carrossel,826504,39900,2998,7140,1868932,2171345,8.58,18:00
2023,10,2023-10-01,YouTube,GamesBR,Educação,Carrossel,844745,47073,365,2392,1383398,1283749,2.36,08:00
2023,10,2023-10-01,LinkedIn,EducaOnline,Educação,Live,135179,65110,1097,5097,1934921,1564495,10.61,18:00
2023,10,2023-10-01,Instagram,GamesBR,Games,Carrossel,437097,54728,4154,8642,1870728,1784303,1.03,08:00
2023,10,2023-10-01,Instagram,GamesBR,Tecnologia,Vídeo,324295,67767,3766,7435,1905268,2141909,9.61,12:00
2023,10,2023-10-01,Instagram,EducaOnline,Educação,Vídeo,735369,56389,1081,5831,524626,2149448,2.58,21:00
2023,10,2023-10-01,X,TechBrasil,Games,Carrossel,497257,71831,4474,7388,879805,212526,4.89,12:00
2023,10,2023-10-01,LinkedIn,ModaHoje,Educação,Stories,172127,62947,2202,8937,1600091,2065867,8.59,12:00
2023,10,2023-10-01,Instagram,ModaHoje,Games,Imagem,604752,57522,2106,7373,44345,1389843,1.9,08:00
2023,10,2023-10-01,YouTube,EducaOnline,Tecnologia,Imagem,179347,5890,295,9728,389495,1487893,7.88,12:00
2023,10,2023-10-01,X,EducaOnline,Educação,Carrossel,747387,54062,333,293,90722,824017,4.02,12:00
2023,10,2023-10-01,X,GamesBR,Educação,Carrossel,6108,3679,4922,3431,178914,854177,0.8,21:00
2023,10,2023-10-01,TikTok,EducaOnline,Entretenimento,Carrossel,670437,38022,1035,1152,1032127,333694,8.77,12:00
2023,10,2023-10-01,Facebook,ModaHoje,Entretenimento,Live,363391,8961,3515,1155,641791,252279,4.65,21:00
2023,10,2023-10-01,X,EducaOnline,Educação,Imagem,285228,30709,206,4277,98317,962073,5.36,18:00
2023,10,2023-10-01,Instagram,EducaOnline,Entretenimento,Stories,94388,33011,3662,4714,990775,2072784,5.78,18:00
2023,10,2023-10-01,Instagram,TechBrasil,Entretenimento,Vídeo,214387,29526,2303,2086,1019345,262449,11.96,08:00
2023,10,2023-10-01,LinkedIn,EducaOnline,Tecnologia,Vídeo,306285,76109,2133,3032,765145,1436064,11.69,21:00
2023,10,2023-10-01,LinkedIn,ModaHoje,Tecnologia,Live,216392,46031,2590,2598,362306,147946,5.95,12:00
2023,10,2023-10-01,TikTok,GamesBR,Games,Carrossel,81319,69815,2073,8843,1717965,1983806,6.87,08:00
2023,10,2023-10-01,TikTok,GamesBR,Entretenimento,Carrossel,502009,18188,2702,3980,1255642,1294986,7.84,12:00
2023,11,2023-11-01,YouTube,GamesBR,Games,Live,391753,59702,4828,5193,1873032,804159,10.84,18:00
2023,11,2023-11-01,Facebook,TechBrasil,Entretenimento,Vídeo,827315,26491,869,2882,1813937,1340165,11.61,12:00
2023,11,2023-11-01,Instagram,ModaHoje,Entretenimento,Stories,500968,9946,339,6292,1465427,1954234,10.05,08:00
2023,11,2023-11-01,Facebook,GamesBR,Entretenimento,Carrossel,837515,42093,1203,1037,1391652,2267512,7.53,12:00
2023,11,2023-11-01,YouTube,GamesBR,Tecnologia,Vídeo,116864,69155,1222,6742,1033138,1951873,6.71,18:00
2023,11,2023-11-01,YouTube,EducaOnline,Games,Vídeo,769171,67788,4704,4933,868957,1198347,9.7,18:00
2023,11,2023-11-01,X,TechBrasil,Entretenimento,Live,591459,31500,613,2634,429732,1707794,9.01,21:00
2023,11,2023-11-01,X,TechBrasil,Educação,Imagem,449224,78157,4777,237,622736,1699492,11.64,12:00
2023,11,2023-11-01,TikTok,ModaHoje,Tecnologia,Vídeo,480771,14115,45,3580,1408507,1517322,9.36,12:00
2023,11,2023-11-01,Facebook,EducaOnline,Tecnologia,Vídeo,155388,20292,3083,6231,875435,382912,11.76,12:00
2023,11,2023-11-01,Instagram,TechBrasil,Educação,Imagem,80809,486,3610,2992,1797089,2166037,11.28,12:00
2023,11,2023-11-01,YouTube,ModaHoje,Entretenimento,Imagem,23372,13907,4337,6996,226987,2116259,0.8,18:00
2023,11,2023-11-01,X,GamesBR,Tecnologia,Carrossel,470662,29561,1758,1041,194286,263781,3.14,18:00
2023,11,2023-11-01,X,GamesBR,Entretenimento,Vídeo,626822,15681,376,2854,1563193,2233728,1.42,08:00
2023,11,2023-11-01,Facebook,GamesBR,Educação,Live,423542,11340,230,4898,1033905,841795,5.64,12:00
2023,11,2023-11-01,Facebook,GamesBR,Educação,Stories,739083,15113,528,7639,1532578,1080992,1.01,18:00
2023,11,2023-11-01,X,GamesBR,Tecnologia,Stories,536438,49623,2701,3412,628675,2313198,6.44,21:00
2023,11,2023-11-01,TikTok,ModaHoje,Educação,Imagem,176585,39238,603,5623,559974,723241,0.67,18:00
2023,11,2023-11-01,Facebook,TechBrasil,Educação,Carrossel,367949,34519,2114,4799,338860,311447,3.57,21:00
2023,11,2023-11-01,Facebook,TechBrasil,Games,Carrossel,766344,3751,3774,6581,885022,1290391,7.65,12:00
2023,11,2023-11-01,Instagram,ModaHoje,Entretenimento,Imagem,40641,26484,2723,6169,225111,719812,6.6,18:00
2023,11,2023-11-01,YouTube,TechBrasil,Entretenimento,Stories,29194,19367,1241,7990,1104569,482161,4.53,08:00
2023,11,2023-11-01,TikTok,EducaOnline,Games,Imagem,830623,70376,4257,7115,1411451,2336508,5.25,18:00
2023,11,2023-11-01,LinkedIn,ModaHoje,Entretenimento,Vídeo,989158,61900,1007,1332,1265436,1918110,6.8,08:00
2023,11,2023-11-01,YouTube,GamesBR,Games,Carrossel,173888,50519,2511,6716,1803917,1264645,11.09,18:00
2023,11,2023-11-01,X,GamesBR,Educação,Carrossel,877757,40475,4394,2104,895652,137736,0.84,21:00
2023,11,2023-11-01,Instagram,GamesBR,Educação,Vídeo,823204,64296,2093,5989,442616,2151759,11.14,08:00
2023,11,2023-11-01,YouTube,EducaOnline,Tecnologia,Live,186337,28906,3001,3811,1173379,2429339,7.64,21:00
2023,11,2023-11-01,YouTube,TechBrasil,Entretenimento,Stories,306964,3963,2392,3346,1882123,239350,8.48,21:00
2023,11,2023-11-01,Instagram,GamesBR,Tecnologia,Live,497505,15253,2910,9534,86006,961993,5.63,08:00
2023,11,2023-11-01,TikTok,EducaOnline,Educação,Live,880461,71100,1902,7138,1694413,429086,10.77,21:00
2023,11,2023-11-01,LinkedIn,ModaHoje,Entretenimento,Carrossel,275500,28162,2907,5070,1772681,2357316,3.54,08:00
2023,11,2023-11-01,YouTube,GamesBR,Educação,Stories,315849,50739,3105,8024,1302597,1407386,10.63,12:00
2023,11,2023-11-01,X,EducaOnline,Entretenimento,Carrossel,554918,50042,1118,5375,941283,892130,2.31,12:00
2023,11,2023-11-01,X,EducaOnline,Tecnologia,Carrossel,831533,40264,1422,8298,452610,1694623,11.74,21:00
2023,11,2023-11-01,X,TechBrasil,Educação,Carrossel,608735,46526,1521,6461,1322177,1438979,2.76,08:00
2023,11,2023-11-01,LinkedIn,TechBrasil,Games,Live,603503,10573,1496,2903,298138,1852672,5.62,18:00
2023,12,2023-12-01,TikTok,GamesBR,Tecnologia,Vídeo,668745,66901,3722,124,258322,713089,1.21,12:00
2023,12,2023-12-01,YouTube,GamesBR,Educação,Live,488304,10736,3883,689,708268,817534,11.6,08:00
2023,12,2023-12-01,Instagram,EducaOnline,Entretenimento,Stories,839956,41418,3166,9896,1170509,1346222,4.17,18:00
2023,12,2023-12-01,Facebook,ModaHoje,Educação,Stories,516710,14642,2769,7746,384125,676317,3.25,21:00
2023,12,2023-12-01,Instagram,TechBrasil,Entretenimento,Vídeo,809468,76955,3764,7538,1061829,630417,8.95,12:00
2023,12,2023-12-01,Instagram,EducaOnline,Games,Live,819376,14518,800,5516,621016,190102,4.55,08:00
2023,12,2023-12-01,YouTube,ModaHoje,Games,Vídeo,958977,19408,1138,6287,421169,1640253,11.61,21:00
2023,12,2023-12-01,TikTok,EducaOnline,Tecnologia,Imagem,308280,31449,755,3226,292037,266263,2.23,18:00
2023,12,2023-12-01,YouTube,EducaOnline,Games,Live,753500,37449,2165,1421,1595758,175206,8.98,12:00
2023,12,2023-12-01,Facebook,TechBrasil,Tecnologia,Live,103057,25388,1885,6045,328415,558817,5.52,21:00
2023,12,2023-12-01,Facebook,TechBrasil,Educação,Live,341032,53529,2983,6558,792216,1477152,7.57,21:00
2023,12,2023-12-01,Instagram,ModaHoje,Tecnologia,Stories,640046,22450,228,4937,1160733,2227603,5.64,12:00
2023,12,2023-12-01,X,EducaOnline,Entretenimento,Imagem,996232,48673,4556,5684,1407428,1282319,7.89,08:00
2023,12,2023-12-01,X,GamesBR,Games,Vídeo,278663,51330,3028,6571,1521987,1963160,7.05,21:00
2023,12,2023-12-01,Facebook,GamesBR,Games,Live,482128,39633,2826,1991,1059834,2491777,11.03,08:00
2023,12,2023-12-01,LinkedIn,ModaHoje,Games,Vídeo,214025,12941,3177,1024,460586,1545958,4.63,12:00
2023,12,2023-12-01,YouTube,GamesBR,Tecnologia,Live,358577,10331,3049,5392,305713,816790,7.44,12:00
2023,12,2023-12-01,Instagram,ModaHoje,Educação,Imagem,280897,58459,2303,852,343284,1764597,11.57,08:00
2023,12,2023-12-01,Instagram,ModaHoje,Tecnologia,Carrossel,177638,31864,4885,4452,1283437,693750,0.66,21:00
2023,12,2023-12-01,Instagram,EducaOnline,Games,Live,180239,46445,414,5399,1755386,1271518,3.31,21:00
2023,12,2023-12-01,YouTube,GamesBR,Educação,Imagem,222261,59086,4731,1846,972444,998171,5.13,08:00
2023,12,2023-12-01,TikTok,GamesBR,Games,Stories,729617,72835,1854,7484,692978,1287628,5.78,08:00
2023,12,2023-12-01,TikTok,GamesBR,Entretenimento,Stories,228256,18579,2550,1840,1754393,690797,10.2,08:00
2023,12,2023-12-01,TikTok,EducaOnline,Educação,Carrossel,628570,56872,1181,9788,1523214,1536129,9.72,08:00
2023,12,2023-12-01,TikTok,GamesBR,Educação,Carrossel,218051,68267,4879,7040,1526248,760923,1.44,18:00
2023,12,2023-12-01,Facebook,ModaHoje,Entretenimento,Carrossel,278378,64940,3027,2500,1188269,661517,9.96,08:00
2023,12,2023-12-01,LinkedIn,TechBrasil,Entretenimento,Stories,834727,32427,4697,455,22093,1772763,7.65,08:00
2023,12,2023-12-01,Facebook,ModaHoje,Educação,Stories,328746,48404,1092,2550,979039,166868,2.63,18:00
2023,12,2023-12-01,Facebook,ModaHoje,Games,Imagem,329631,42441,2852,7059,1357685,946695,8.78,08:00
2023,12,2023-12-01,TikTok,EducaOnline,Entretenimento,Imagem,442504,13841,4982,145,636499,45939,11.11,12:00
2023,12,2023-12-01,LinkedIn,GamesBR,Tecnologia,Live,594366,2155,2258,9026,1127250,1902884,2.25,08:00
2023,12,2023-12-01,LinkedIn,ModaHoje,Educação,Stories,519941,68680,2868,5818,1413360,2419384,8.58,08:00
2023,12,2023-12-01,TikTok,ModaHoje,Games,Stories,748591,11314,4787,3960,1521998,1345126,5.08,21:00
2023,12,2023-12-01,Instagram,EducaOnline,Games,Stories,171940,30525,1226,1715,769204,1250010,9.84,21:00
2023,12,2023-12-01,TikTok,TechBrasil,Educação,Imagem,891092,59067,861,2477,388127,27282,3.39,12:00
2023,12,2023-12-01,Facebook,ModaHoje,Educação,Imagem,775782,73008,3236,8294,567277,1062534,4.82,18:00
2023,12,2023-12-01,X,EducaOnline,Games,Imagem,702004,14507,1213,5655,1103888,1925802,7.02,12:00
2024,1,2024-01-01,X,GamesBR,Educação,Stories,660008,54434,2011,3275,78422,1341979,7.29,08:00
2024,1,2024-01-01,X,GamesBR,Games,Vídeo,628573,32570,4469,4072,45749,1402679,9.43,08:00
2024,1,2024-01-01,Instagram,ModaHoje,Tecnologia,Live,440883,35241,688,2694,1534094,793514,6.57,21:00
2024,1,2024-01-01,Facebook,GamesBR,Tecnologia,Stories,440912,28810,2357,1723,827165,174412,0.95,21:00
2024,1,2024-01-01,YouTube,GamesBR,Tecnologia,Imagem,292584,72550,3135,3886,351862,1795969,11.21,18:00
2024,1,2024-01-01,LinkedIn,EducaOnline,Games,Carrossel,163902,24037,1944,4575,578958,1243220,9.02,12:00
2024,1,2024-01-01,Instagram,ModaHoje,Educação,Vídeo,778746,25978,115,5350,1803129,1786318,8.28,08:00
2024,1,2024-01-01,TikTok,ModaHoje,Entretenimento,Stories,165452,34422,4397,3502,1024962,2179057,6.24,18:00
2024,1,2024-01-01,YouTube,ModaHoje,Entretenimento,Carrossel,923725,65876,4054,9505,668497,590931,2.28,12:00
2024,1,2024-01-01,LinkedIn,TechBrasil,Entretenimento,Imagem,18383,64209,1795,8825,626807,664170,4.32,12:00
2024,1,2024-01-01,TikTok,ModaHoje,Educação,Live,976928,64272,2614,1938,1041446,137746,9.68,12:00
2024,1,2024-01-01,X,GamesBR,Educação,Vídeo,168473,37791,825,4977,1277277,1288859,9.07,21:00
2024,1,2024-01-01,Facebook,ModaHoje,Educação,Vídeo,403373,57710,4406,601,1120574,1426060,3.8,12:00
2024,1,2024-01-01,X,TechBrasil,Games,Vídeo,786413,6750,120,4399,834953,1978568,8.13,12:00
2024,1,2024-01-01,TikTok,ModaHoje,Entretenimento,Carrossel,615273,59737,1856,3261,1117229,56689,9.14,18:00
2024,1,2024-01-01,LinkedIn,TechBrasil,Educação,Vídeo,820722,73517,2787,9057,1196470,1190476,4.48,08:00
2024,1,2024-01-01,Facebook,EducaOnline,Tecnologia,Stories,612911,18881,4947,8353,1198676,1242451,11.13,18:00
2024,1,2024-01-01,Instagram,ModaHoje,Tecnologia,Live,260324,76386,2286,9926,973308,2498296,7.93,12:00
2024,1,2024-01-01,TikTok,EducaOnline,Educação,Stories,122347,19735,2393,9727,1831453,1799086,8.95,08:00
2024,1,2024-01-01,Instagram,TechBrasil,Entretenimento,Stories,495502,24886,2558,9968,591433,812533,3.31,21:00
2024,1,2024-01-01,X,ModaHoje,Entretenimento,Carrossel,179159,55473,285,4815,638989,1385934,10.56,18:00
2024,1,2024-01-01,TikTok,ModaHoje,Tecnologia,Stories,187189,3744,2101,8875,960222,1971620,11.06,12:00
2024,1,2024-01-01,Instagram,GamesBR,Entretenimento,Live,833888,48026,2296,6839,1630031,522777,0.94,18:00
2024,1,2024-01-01,X,TechBrasil,Games,Stories,372974,50625,2509,9970,356064,309467,5.08,12:00
2024,1,2024-01-01,LinkedIn,GamesBR,Games,Live,346348,26319,3001,6628,1133010,158519,8.19,18:00
2024,1,2024-01-01,TikTok,TechBrasil,Games,Carrossel,66290,44862,421,8226,1581133,1799782,0.63,08:00
2024,1,2024-01-01,YouTube,TechBrasil,Entretenimento,Imagem,302752,9775,1177,7451,368361,431299,10.03,12:00
2024,1,2024-01-01,X,EducaOnline,Entretenimento,Stories,943918,60633,2744,6158,464121,2290327,11.64,21:00
2024,1,2024-01-01,LinkedIn,ModaHoje,Tecnologia,Carrossel,30053,20494,16,7721,612498,2242203,7.64,18:00
2024,1,2024-01-01,X,TechBrasil,Educação,Carrossel,672702,2845,3973,5227,1719329,282567,9.5,18:00
2024,1,2024-01-01,X,GamesBR,Entretenimento,Carrossel,336138,19952,349,4709,1296677,2119274,7.14,18:00
2024,1,2024-01-01,YouTube,GamesBR,Tecnologia,Stories,383995,4384,1208,6504,977891,990971,8.59,08:00
2024,1,2024-01-01,TikTok,GamesBR,Entretenimento,Live,21738,14532,3265,5977,1482498,729497,8.82,18:00
2024,1,2024-01-01,Instagram,TechBrasil,Educação,Carrossel,712617,35144,1589,5060,1734899,972195,10.5,12:00
2024,1,2024-01-01,TikTok,TechBrasil,Games,Stories,196047,24051,147,9973,1375335,1981177,2.58,08:00
2024,1,2024-01-01,YouTube,TechBrasil,Tecnologia,Imagem,785333,39144,1308,2582,1206416,1054739,8.62,12:00
2024,1,2024-01-01,X,GamesBR,Educação,Live,254582,8485,679,545,1826556,1253607,2.89,21:00
2024,2,2024-02-01,LinkedIn,EducaOnline,Entretenimento,Carrossel,885674,11730,2235,524,1552260,2396828,2.35,21:00
2024,2,2024-02-01,TikTok,TechBrasil,Games,Imagem,10308,76667,3858,2094,486505,609510,8.45,18:00
2024,2,2024-02-01,YouTube,GamesBR,Educação,Vídeo,868383,62740,1086,3552,682654,2440463,6.01,12:00
2024,2,2024-02-01,Facebook,TechBrasil,Educação,Live,160370,62809,2940,5893,618608,780730,5.39,18:00
2024,2,2024-02-01,X,EducaOnline,Tecnologia,Imagem,826239,32399,2788,9865,687067,1407511,9.37,21:00
2024,2,2024-02-01,Instagram,ModaHoje,Tecnologia,Carrossel,515423,61000,2760,7031,1326142,2175213,1.2,12:00
2024,2,2024-02-01,Instagram,EducaOnline,Tecnologia,Carrossel,36490,11155,903,2053,1885826,512628,5.9,12:00
2024,2,2024-02-01,TikTok,ModaHoje,Games,Carrossel,924995,76354,4934,6423,1123169,2218783,7.39,18:00
2024,2,2024-02-01,TikTok,EducaOnline,Tecnologia,Live,826576,59518,2940,3407,577794,300325,7.29,12:00
2024,2,2024-02-01,YouTube,ModaHoje,Games,Vídeo,67754,78642,1929,1332,181352,1551242,8.08,12:00
2024,2,2024-02-01,LinkedIn,TechBrasil,Tecnologia,Imagem,689166,12382,4524,5200,1059044,1879336,6.17,18:00
2024,2,2024-02-01,TikTok,TechBrasil,Entretenimento,Stories,280372,23468,3444,8175,438549,1580440,7.91,21:00
2024,2,2024-02-01,Instagram,EducaOnline,Games,Imagem,251362,27253,3186,9092,1973378,403110,10.28,21:00
2024,2,2024-02-01,Facebook,ModaHoje,Educação,Vídeo,492895,76747,2739,6506,1740115,978899,11.82,21:00
2024,2,2024-02-01,LinkedIn,GamesBR,Entretenimento,Imagem,788895,58463,2748,5235,1921824,1698875,2.78,21:00
2024,2,2024-02-01,Facebook,TechBrasil,Educação,Live,625891,5897,1889,6294,531743,1303719,11.87,21:00
2024,2,2024-02-01,TikTok,ModaHoje,Tecnologia,Vídeo,887890,40375,2860,3142,434368,582631,10.31,21:00
2024,2,2024-02-01,Facebook,ModaHoje,Tecnologia,Live,432720,79545,1406,8964,720112,1354676,4.95,08:00
2024,2,2024-02-01,YouTube,TechBrasil,Games,Carrossel,378330,12208,1785,3693,1833336,1146665,3.15,21:00
2024,2,2024-02-01,Facebook,TechBrasil,Tecnologia,Live,741380,18888,2829,1220,1953696,1599844,2.42,18:00
2024,2,2024-02-01,X,ModaHoje,Games,Vídeo,490871,77227,2698,9258,1400869,2207145,1.59,21:00
2024,2,2024-02-01,X,GamesBR,Tecnologia,Stories,412192,51988,3498,3303,760451,929317,10.59,12:00
2024,2,2024-02-01,YouTube,ModaHoje,Games,Stories,625752,30246,1431,2968,703473,563182,3.59,12:00
2024,2,2024-02-01,LinkedIn,ModaHoje,Games,Imagem,154432,39977,4093,7938,371150,879119,10.46,12:00
2024,2,2024-02-01,LinkedIn,GamesBR,Games,Live,709689,63169,1203,8186,93892,2091243,0.81,18:00
2024,2,2024-02-01,Facebook,TechBrasil,Games,Stories,842138,53018,1351,4520,591507,1660629,4.07,21:00
2024,2,2024-02-01,LinkedIn,GamesBR,Games,Carrossel,451827,51970,612,2017,1718839,1197824,4.6,12:00
2024,2,2024-02-01,LinkedIn,EducaOnline,Games,Live,515827,13040,4594,8805,918843,162999,5.11,12:00
2024,2,2024-02-01,X,ModaHoje,Tecnologia,Live,274373,72207,1384,9674,1926910,2032733,4.58,08:00
2024,2,2024-02-01,X,ModaHoje,Games,Imagem,955646,64323,937,9814,1812616,61150,10.54,21:00
2024,2,2024-02-01,Instagram,TechBrasil,Games,Imagem,373155,26989,3621,1108,519153,2228659,10.7,08:00
2024,2,2024-02-01,X,TechBrasil,Games,Stories,420199,20849,2785,8028,1203251,1528737,9.86,18:00
2024,2,2024-02-01,TikTok,EducaOnline,Tecnologia,Live,439630,39365,1176,3492,1897735,941209,9.47,21:00
2024,2,2024-02-01,LinkedIn,GamesBR,Tecnologia,Vídeo,616215,9912,101,9457,149189,2308572,2.78,21:00
2024,2,2024-02-01,X,GamesBR,Entretenimento,Imagem,521319,24518,3342,1705,1924965,165384,1.25,12:00
2024,2,2024-02-01,TikTok,GamesBR,Tecnologia,Imagem,291069,25277,529,2924,600156,348697,8.01,12:00
2024,2,2024-02-01,Instagram,ModaHoje,Games,Live,240082,37493,4001,6043,1164037,2035694,9.52,18:00
2024,3,2024-03-01,TikTok,ModaHoje,Educação,Imagem,20410,77195,432,7717,1761044,908045,0.92,12:00
2024,3,2024-03-01,YouTube,GamesBR,Entretenimento,Live,148468,25850,1661,6091,1263662,739307,11.16,18:00
2024,3,2024-03-01,YouTube,GamesBR,Entretenimento,Imagem,518545,57838,2548,835,154772,1092886,5.63,08:00
2024,3,2024-03-01,LinkedIn,TechBrasil,Tecnologia,Carrossel,316709,72659,4828,443,392093,1006552,10.36,08:00
2024,3,2024-03-01,Facebook,GamesBR,Educação,Carrossel,961760,31862,2961,4948,757072,2008875,5.67,08:00
2024,3,2024-03-01,Instagram,TechBrasil,Educação,Stories,531856,28486,2792,7956,835616,710906,5.73,12:00
2024,3,2024-03-01,Facebook,GamesBR,Educação,Imagem,504736,49079,1012,3654,1935565,738323,0.84,12:00
2024,3,2024-03-01,Facebook,EducaOnline,Educação,Imagem,362625,51167,4123,3061,1178387,1452631,11.61,08:00
2024,3,2024-03-01,YouTube,ModaHoje,Educação,Stories,448572,17435,97,1919,1922550,2189088,2.87,21:00
2024,3,2024-03-01,YouTube,TechBrasil,Educação,Imagem,731766,70670,1438,5355,1548831,1011073,6.78,08:00
2024,3,2024-03-01,YouTube,EducaOnline,Tecnologia,Stories,356050,77768,3251,1125,1846555,1483600,4.29,18:00
2024,3,2024-03-01,Instagram,EducaOnline,Tecnologia,Carrossel,829539,76263,282,7059,165085,392578,1.73,08:00
2024,3,2024-03-01,Instagram,TechBrasil,Educação,Imagem,363611,77456,3193,6676,730393,2239123,3.2,12:00
2024,3,2024-03-01,Instagram,TechBrasil,Educação,Carrossel,846454,38009,3815,71,110290,322540,5.51,21:00
2024,3,2024-03-01,Instagram,ModaHoje,Tecnologia,Live,816701,46453,2492,3335,1385939,1035675,4.96,08:00
2024,3,2024-03-01,TikTok,ModaHoje,Educação,Live,406430,55328,1018,3147,1867814,1374981,7.72,08:00
2024,3,2024-03-01,Instagram,ModaHoje,Tecnologia,Carrossel,22608,33567,4960,6064,1366187,1279750,5.61,12:00
2024,3,2024-03-01,Facebook,ModaHoje,Tecnologia,Live,840196,30506,2819,8703,1011282,416906,3.13,08:00
2024,3,2024-03-01,Facebook,EducaOnline,Games,Carrossel,998051,27693,729,5422,1079227,1647753,11.22,12:00
2024,3,2024-03-01,YouTube,EducaOnline,Entretenimento,Carrossel,682662,34807,2262,2052,203495,994516,9.85,08:00
2024,3,2024-03-01,X,EducaOnline,Educação,Vídeo,494533,45444,3223,3192,170329,957344,8.36,08:00
2024,3,2024-03-01,X,EducaOnline,Games,Carrossel,421580,62519,2133,4972,1179190,1785110,7.36,12:00
2024,3,2024-03-01,YouTube,GamesBR,Educação,Stories,900659,58640,1935,6527,1596331,1144937,1.34,12:00
2024,3,2024-03-01,X,ModaHoje,Games,Live,995209,38526,2315,7350,117788,2114584,3.61,12:00
2024,3,2024-03-01,Instagram,GamesBR,Educação,Imagem,985774,3299,4641,4262,15823,2380715,1.83,18:00
2024,3,2024-03-01,Facebook,EducaOnline,Entretenimento,Carrossel,562944,48027,3381,2757,1547795,2262727,10.52,12:00
2024,3,2024-03-01,YouTube,TechBrasil,Games,Stories,40891,52420,1890,8901,1322283,759911,7.03,12:00
2024,3,2024-03-01,Facebook,EducaOnline,Games,Stories,341040,59499,978,2517,1367104,319664,8.03,18:00
2024,3,2024-03-01,Instagram,TechBrasil,Games,Stories,906288,38589,3146,1340,1427327,269649,1.29,18:00
2024,3,2024-03-01,TikTok,TechBrasil,Educação,Vídeo,927189,70770,420,5703,1715893,1875617,5.15,18:00
2024,3,2024-03-01,YouTube,GamesBR,Tecnologia,Stories,22638,25571,2114,1550,584457,1801880,7.19,21:00
2024,3,2024-03-01,Facebook,EducaOnline,Games,Live,62453,6642,55,7885,1059022,1953610,3.28,08:00
2024,3,2024-03-01,YouTube,ModaHoje,Educação,Carrossel,508091,58666,3015,7721,980522,1480219,4.78,18:00
2024,3,2024-03-01,LinkedIn,EducaOnline,Educação,Stories,778937,17479,2345,7572,1276139,118315,4.72,08:00
2024,3,2024-03-01,LinkedIn,ModaHoje,Educação,Carrossel,358169,19593,2849,2250,744307,1263390,8.12,21:00
2024,3,2024-03-01,LinkedIn,EducaOnline,Educação,Vídeo,791073,18180,4126,4305,1861049,494749,11.54,08:00
2024,3,2024-03-01,YouTube,TechBrasil,Games,Vídeo,736773,45836,436,337,1156313,1184535,8.28,21:00
2024,4,2024-04-01,Facebook,EducaOnline,Games,Imagem,183863,35017,105,2587,1729789,918463,7.06,12:00
2024,4,2024-04-01,LinkedIn,EducaOnline,Educação,Imagem,204051,55420,4782,2717,282938,825205,9.76,12:00
2024,4,2024-04-01,TikTok,ModaHoje,Tecnologia,Vídeo,154362,68047,263,5314,564163,656763,4.73,12:00
2024,4,2024-04-01,LinkedIn,ModaHoje,Educação,Carrossel,574350,31544,1678,9805,1168983,951373,7.82,12:00
2024,4,2024-04-01,Instagram,TechBrasil,Tecnologia,Imagem,254979,64836,1526,1856,1957195,2056752,11.8,21:00
2024,4,2024-04-01,X,GamesBR,Games,Live,547513,27744,3767,5048,1454946,1219916,2.68,18:00
2024,4,2024-04-01,TikTok,TechBrasil,Games,Imagem,138064,60874,2271,1257,238343,686035,3.06,12:00
2024,4,2024-04-01,YouTube,ModaHoje,Entretenimento,Imagem,686460,57445,3496,6512,941807,2001757,10.15,18:00
2024,4,2024-04-01,X,TechBrasil,Games,Imagem,370805,29417,1173,4423,274933,2341690,4.01,21:00
2024,4,2024-04-01,Facebook,TechBrasil,Games,Imagem,328131,75712,2416,7057,1572248,591674,7.69,12:00
2024,4,2024-04-01,LinkedIn,GamesBR,Educação,Vídeo,171431,63489,4937,348,623568,172071,9.07,18:00
2024,4,2024-04-01,X,GamesBR,Games,Vídeo,146183,64372,1998,4673,759860,2325466,5.66,21:00
2024,4,2024-04-01,LinkedIn,GamesBR,Educação,Vídeo,512656,38691,3870,3196,1768635,2192068,11.72,08:00
2024,4,2024-04-01,TikTok,TechBrasil,Entretenimento,Stories,161352,50826,730,5825,1465702,1072559,1.89,12:00
2024,4,2024-04-01,YouTube,ModaHoje,Tecnologia,Live,476964,75821,2410,5811,1805635,242544,5.51,12:00
2024,4,2024-04-01,X,TechBrasil,Entretenimento,Imagem,479766,32465,3882,5876,46871,1038939,1.17,21:00
2024,4,2024-04-01,YouTube,TechBrasil,Games,Vídeo,380926,11233,3852,5588,724262,921640,10.75,21:00
2024,4,2024-04-01,Facebook,GamesBR,Educação,Vídeo,920763,15450,4154,8063,1696419,1759478,6.15,18:00
2024,4,2024-04-01,YouTube,EducaOnline,Tecnologia,Carrossel,748296,31443,4653,4472,1059706,1446023,2.72,12:00
2024,4,2024-04-01,X,TechBrasil,Entretenimento,Stories,74402,69812,1287,8787,969333,293600,8.07,08:00
2024,4,2024-04-01,Facebook,ModaHoje,Games,Imagem,196848,6524,1597,476,990115,1470140,4.14,18:00
2024,4,2024-04-01,LinkedIn,GamesBR,Tecnologia,Live,677888,46788,4398,7733,1878692,846084,11.6,08:00
2024,4,2024-04-01,LinkedIn,EducaOnline,Tecnologia,Stories,278502,77479,191,6536,1806967,199227,9.78,18:00
2024,4,2024-04-01,Instagram,TechBrasil,Educação,Carrossel,517919,33742,3983,7613,439343,1893859,2.01,18:00
2024,4,2024-04-01,Facebook,ModaHoje,Games,Imagem,637532,193,4972,1348,1688072,743542,3.8,18:00
2024,4,2024-04-01,Facebook,GamesBR,Entretenimento,Imagem,638214,45354,2253,481,1474330,711383,11.67,18:00
2024,4,2024-04-01,X,ModaHoje,Games,Carrossel,241296,56461,2728,3654,1639558,1435474,2.08,18:00
2024,4,2024-04-01,TikTok,EducaOnline,Tecnologia,Imagem,883439,31549,235,7064,802194,1576584,1.45,18:00
2024,4,2024-04-01,TikTok,GamesBR,Tecnologia,Vídeo,627576,212,4350,1301,952875,1088253,6.22,08:00
2024,4,2024-04-01,X,ModaHoje,Tecnologia,Live,683770,64680,3416,5065,158902,325112,4.82,18:00
2024,4,2024-04-01,LinkedIn,GamesBR,Educação,Stories,751381,33399,1358,9136,56507,1685368,4.8,12:00
2024,4,2024-04-01,TikTok,TechBrasil,Tecnologia,Live,547772,30515,49,7096,1086094,299701,7.26,21:00
2024,4,2024-04-01,Facebook,EducaOnline,Games,Live,696193,68504,1498,844,1892480,2193037,2.41,21:00
2024,4,2024-04-01,Instagram,TechBrasil,Tecnologia,Stories,222922,9467,534,9181,1739067,2303428,8.29,08:00
2024,4,2024-04-01,YouTube,TechBrasil,Tecnologia,Carrossel,443345,43343,447,2765,661450,574839,4.27,12:00
2024,4,2024-04-01,Facebook,TechBrasil,Games,Imagem,310598,8750,4805,2202,953885,782206,6.22,21:00
2024,4,2024-04-01,Instagram,TechBrasil,Entretenimento,Carrossel,813595,13738,40,4044,193987,660892,5.7,18:00
2024,5,2024-05-01,TikTok,ModaHoje,Games,Imagem,968741,31414,2378,4208,1463407,1663901,9.07,18:00
2024,5,2024-05-01,X,EducaOnline,Entretenimento,Imagem,628069,60044,3650,153,1693922,619993,10.68,18:00
2024,5,2024-05-01,TikTok,TechBrasil,Games,Stories,219420,39382,4136,8780,1646064,1070878,8.06,18:00
2024,5,2024-05-01,YouTube,GamesBR,Entretenimento,Live,734675,5790,4967,8134,455755,959320,1.25,21:00
2024,5,2024-05-01,YouTube,ModaHoje,Tecnologia,Stories,358626,9042,4860,8653,1415419,2196990,8.07,08:00
2024,5,2024-05-01,Facebook,GamesBR,Tecnologia,Vídeo,100738,10453,1889,5321,942337,220841,5.05,18:00
2024,5,2024-05-01,Facebook,GamesBR,Games,Stories,826199,78889,3627,6959,1148063,660629,9.42,08:00
2024,5,2024-05-01,YouTube,ModaHoje,Educação,Live,70708,52957,4223,4239,434721,351105,0.93,12:00
2024,5,2024-05-01,LinkedIn,TechBrasil,Tecnologia,Vídeo,234809,21046,1189,6174,1208284,1126005,7.69,08:00
2024,5,2024-05-01,TikTok,EducaOnline,Entretenimento,Stories,854795,22506,3936,1195,121469,1553081,6.64,12:00
2024,5,2024-05-01,Instagram,TechBrasil,Games,Vídeo,684703,13397,549,1266,644263,1675266,9.14,08:00
2024,5,2024-05-01,Facebook,TechBrasil,Games,Imagem,488102,66561,4657,9089,1632294,2142886,10.59,18:00
2024,5,2024-05-01,TikTok,ModaHoje,Tecnologia,Stories,824397,63077,3724,149,1886019,1498234,8.66,18:00
2024,5,2024-05-01,LinkedIn,GamesBR,Games,Vídeo,506148,75605,1986,4081,1949479,1624213,3.5,21:00
2024,5,2024-05-01,TikTok,EducaOnline,Games,Carrossel,421454,63494,1239,5490,928741,928683,10.62,18:00
2024,5,2024-05-01,X,EducaOnline,Entretenimento,Carrossel,741803,47368,4430,9095,1043270,1882632,4.03,08:00
2024,5,2024-05-01,LinkedIn,TechBrasil,Entretenimento,Stories,920526,13304,3367,1072,384520,478585,4.59,08:00
2024,5,2024-05-01,TikTok,ModaHoje,Educação,Imagem,186287,31309,4910,3718,1214850,2303830,6.93,12:00
2024,5,2024-05-01,TikTok,TechBrasil,Entretenimento,Live,41952,912,4507,7958,1479504,2060973,4.08,21:00
2024,5,2024-05-01,Facebook,TechBrasil,Games,Imagem,364111,64657,2391,3513,1500170,2132772,9.0,12:00
2024,5,2024-05-01,TikTok,ModaHoje,Entretenimento,Imagem,808147,69873,931,5688,314730,2387253,7.7,12:00
2024,5,2024-05-01,LinkedIn,GamesBR,Games,Imagem,217918,30071,4397,2352,370712,730152,1.47,12:00
2024,5,2024-05-01,YouTube,EducaOnline,Entretenimento,Stories,713102,76733,2571,6328,203533,692520,7.86,18:00
2024,5,2024-05-01,YouTube,EducaOnline,Educação,Imagem,148122,21216,4859,3550,631735,2253322,4.91,12:00
2024,5,2024-05-01,YouTube,ModaHoje,Entretenimento,Carrossel,792405,11182,1518,1357,704358,2134123,8.51,18:00
2024,5,2024-05-01,Instagram,ModaHoje,Entretenimento,Imagem,87225,55399,3446,5027,1010053,1829561,0.83,12:00
2024,5,2024-05-01,TikTok,TechBrasil,Tecnologia,Live,640848,34283,1663,953,868185,1463752,7.32,18:00
2024,5,2024-05-01,Facebook,TechBrasil,Games,Imagem,242204,49938,2121,5108,605445,2310693,10.4,18:00
2024,5,2024-05-01,Facebook,EducaOnline,Games,Stories,818642,9725,3505,4000,1555991,1531894,4.37,21:00
2024,5,2024-05-01,X,TechBrasil,Educação,Live,868675,37887,3935,2725,421114,1231710,9.95,08:00
2024,5,2024-05-01,Facebook,ModaHoje,Games,Live,642137,56939,3648,6433,1459905,2477575,1.89,08:00
2024,5,2024-05-01,Instagram,ModaHoje,Educação,Vídeo,397545,18402,3617,6410,1705106,10407,4.2,21:00
2024,5,2024-05-01,YouTube,EducaOnline,Entretenimento,Stories,710803,29488,1245,7297,1997386,1548825,11.53,08:00
2024,5,2024-05-01,Facebook,GamesBR,Games,Stories,715017,56457,3281,1161,1115864,693089,2.62,08:00
2024,5,2024-05-01,TikTok,GamesBR,Games,Stories,480421,61061,4229,8429,252861,584523,4.12,08:00
2024,5,2024-05-01,Instagram,ModaHoje,Entretenimento,Carrossel,340018,44163,2988,8630,857915,1230638,2.49,18:00
2024,5,2024-05-01,X,EducaOnline,Entretenimento,Stories,467642,52242,4180,6929,1805261,606778,1.31,18:00
2024,6,2024-06-01,Facebook,ModaHoje,Tecnologia,Imagem,967833,46006,4503,5039,1726351,388917,4.64,18:00
2024,6,2024-06-01,Facebook,TechBrasil,Entretenimento,Stories,90542,73236,680,2200,1150464,1416841,0.95,12:00
2024,6,2024-06-01,LinkedIn,TechBrasil,Tecnologia,Carrossel,113125,3159,3010,4416,1867041,1642904,3.33,08:00
2024,6,2024-06-01,Instagram,EducaOnline,Entretenimento,Imagem,909373,67290,2430,3774,1798762,1874622,1.27,08:00
2024,6,2024-06-01,TikTok,ModaHoje,Entretenimento,Vídeo,95718,27020,3786,9733,836268,981557,6.18,21:00
2024,6,2024-06-01,X,GamesBR,Educação,Imagem,179161,69435,3578,5905,1063968,1749086,5.08,21:00
2024,6,2024-06-01,Facebook,GamesBR,Educação,Vídeo,74877,6718,993,8017,933828,637053,10.27,21:00
2024,6,2024-06-01,Instagram,TechBrasil,Educação,Vídeo,977265,55157,1416,4570,675994,1257466,3.19,12:00
2024,6,2024-06-01,LinkedIn,ModaHoje,Games,Carrossel,175109,79627,3842,2475,1573390,2011478,2.56,21:00
2024,6,2024-06-01,Facebook,GamesBR,Educação,Imagem,348314,22422,1027,8186,302882,2164598,3.07,08:00
2024,6,2024-06-01,LinkedIn,ModaHoje,Entretenimento,Live,836272,2673,3631,521,10488,1487746,11.74,21:00
2024,6,2024-06-01,YouTube,TechBrasil,Tecnologia,Live,431654,23427,794,2854,107111,415488,11.98,18:00
2024,6,2024-06-01,LinkedIn,ModaHoje,Games,Carrossel,981337,26442,3955,8801,785812,58782,2.74,08:00
2024,6,2024-06-01,TikTok,ModaHoje,Tecnologia,Vídeo,45688,62931,1268,6667,1633485,1181592,9.06,08:00
2024,6,2024-06-01,YouTube,GamesBR,Games,Vídeo,819079,1492,1421,358,1375543,2371387,1.87,18:00
2024,6,2024-06-01,LinkedIn,EducaOnline,Tecnologia,Live,851933,70023,2313,7738,652044,924546,10.91,21:00
2024,6,2024-06-01,LinkedIn,GamesBR,Entretenimento,Imagem,447691,1949,1383,4547,172388,123182,3.47,08:00
2024,6,2024-06-01,X,TechBrasil,Entretenimento,Stories,563009,60027,834,2569,1341427,1305282,7.18,18:00
2024,6,2024-06-01,X,EducaOnline,Educação,Live,967190,38496,11,7256,440536,2163742,6.59,21:00
2024,6,2024-06-01,YouTube,EducaOnline,Entretenimento,Imagem,688263,34884,1535,1102,453653,2107209,1.49,12:00
2024,6,2024-06-01,X,ModaHoje,Games,Live,1628,59202,595,9336,1920831,1715029,10.25,12:00
2024,6,2024-06-01,Facebook,GamesBR,Tecnologia,Vídeo,379071,61079,4705,4141,753728,2473172,1.54,18:00
2024,6,2024-06-01,YouTube,GamesBR,Entretenimento,Stories,938829,73815,2947,7507,762546,1075161,2.82,21:00
2024,6,2024-06-01,LinkedIn,TechBrasil,Games,Imagem,468436,25765,2165,2144,727111,2189103,8.0,21:00
2024,6,2024-06-01,Instagram,ModaHoje,Tecnologia,Vídeo,397209,46097,3479,3352,1576239,1401940,8.14,21:00
2024,6,2024-06-01,Facebook,TechBrasil,Educação,Vídeo,786090,66329,1043,9735,241499,2464438,8.73,18:00
2024,6,2024-06-01,LinkedIn,EducaOnline,Games,Imagem,937811,25926,229,3179,952191,182560,6.3,18:00
2024,6,2024-06-01,Facebook,GamesBR,Games,Stories,205292,63265,3875,8047,1387295,1461641,0.75,12:00
2024,6,2024-06-01,YouTube,EducaOnline,Educação,Vídeo,505032,77434,91,177,1081982,1700938,11.71,12:00
2024,6,2024-06-01,LinkedIn,EducaOnline,Games,Carrossel,201837,8611,4876,8523,375256,818982,1.26,21:00
2024,6,2024-06-01,Facebook,TechBrasil,Games,Carrossel,605058,26381,2988,8746,1795942,1158704,4.2,12:00
2024,6,2024-06-01,Facebook,TechBrasil,Games,Live,197287,25405,925,3262,1883297,2299112,6.7,18:00
2024,6,2024-06-01,Facebook,ModaHoje,Educação,Imagem,303992,48227,968,5423,99527,268730,7.8,18:00
2024,6,2024-06-01,Instagram,GamesBR,Games,Vídeo,275931,27094,4415,6753,782675,756658,4.3,21:00
2024,6,2024-06-01,Facebook,TechBrasil,Tecnologia,Stories,947693,52326,872,1525,995907,2187012,9.1,08:00
2024,6,2024-06-01,YouTube,GamesBR,Entretenimento,Carrossel,435065,16415,1045,7698,590968,1486360,1.93,18:00
2024,6,2024-06-01,Facebook,EducaOnline,Games,Live,611463,59620,589,2877,226698,2396271,10.45,18:00
2024,7,2024-07-01,Facebook,GamesBR,Entretenimento,Live,694150,4395,1460,2732,1269348,1571302,2.2,21:00
2024,7,2024-07-01,Instagram,GamesBR,Entretenimento,Vídeo,252631,54258,3550,8445,1348018,1358077,2.95,18:00
2024,7,2024-07-01,LinkedIn,TechBrasil,Entretenimento,Stories,963200,28572,3459,920,1347570,2158728,11.26,21:00
2024,7,2024-07-01,Instagram,EducaOnline,Entretenimento,Imagem,929504,42909,4031,1936,768999,122684,1.65,18:00
2024,7,2024-07-01,YouTube,ModaHoje,Entretenimento,Carrossel,769303,63311,2631,5329,180655,158275,5.72,18:00
2024,7,2024-07-01,YouTube,TechBrasil,Entretenimento,Carrossel,574138,26581,3908,6091,1652014,1178814,7.81,08:00
2024,7,2024-07-01,LinkedIn,TechBrasil,Games,Carrossel,708123,62936,1824,8510,1503656,21988,3.96,18:00
2024,7,2024-07-01,Facebook,GamesBR,Tecnologia,Carrossel,613388,63142,2946,7531,242186,1143710,7.01,08:00
2024,7,2024-07-01,LinkedIn,ModaHoje,Entretenimento,Stories,228612,20911,4186,7442,491699,2326449,4.33,08:00
2024,7,2024-07-01,Facebook,TechBrasil,Tecnologia,Live,147414,13431,1142,719,1435717,220475,11.78,08:00
2024,7,2024-07-01,LinkedIn,ModaHoje,Entretenimento,Live,304321,78750,719,9095,831087,1812712,10.31,21:00
2024,7,2024-07-01,YouTube,TechBrasil,Games,Vídeo,734426,66251,4251,9390,1953119,1646519,8.27,12:00
2024,7,2024-07-01,LinkedIn,ModaHoje,Educação,Carrossel,399114,57437,1541,4406,1158243,2174351,3.17,08:00
2024,7,2024-07-01,Facebook,GamesBR,Entretenimento,Imagem,55546,62278,4774,4741,1373048,1950120,2.56,21:00
2024,7,2024-07-01,X,TechBrasil,Games,Carrossel,892402,63171,4136,8168,1812708,1534929,11.43,08:00
2024,7,2024-07-01,LinkedIn,GamesBR,Entretenimento,Live,64395,5016,4511,6844,461198,1186814,8.45,21:00
2024,7,2024-07-01,TikTok,GamesBR,Tecnologia,Stories,947317,34630,305,774,106897,1467473,11.19,18:00
2024,7,2024-07-01,Facebook,EducaOnline,Tecnologia,Imagem,951374,34339,4595,566,490367,1088172,6.12,08:00
2024,7,2024-07-01,Instagram,ModaHoje,Tecnologia,Carrossel,571116,39577,2997,8342,1294884,977533,0.53,21:00
2024,7,2024-07-01,TikTok,ModaHoje,Educação,Imagem,580563,79661,2911,181,559318,1814392,8.29,21:00
2024,7,2024-07-01,Facebook,TechBrasil,Tecnologia,Carrossel,726427,33846,2908,9348,1037754,708465,1.7,21:00
2024,7,2024-07-01,TikTok,TechBrasil,Games,Live,819113,469,882,6572,850873,867509,11.74,21:00
2024,7,2024-07-01,YouTube,GamesBR,Games,Stories,946231,30506,1751,9489,1541901,2218490,3.05,21:00
2024,7,2024-07-01,Facebook,GamesBR,Games,Live,474745,37974,56,970,1285092,1259950,0.87,12:00
2024,7,2024-07-01,TikTok,ModaHoje,Games,Vídeo,60767,55361,1522,2422,702178,746625,7.28,18:00
2024,7,2024-07-01,TikTok,EducaOnline,Educação,Vídeo,469391,32267,4154,1799,1302414,1268951,0.82,08:00
2024,7,2024-07-01,TikTok,ModaHoje,Games,Vídeo,436987,30538,3147,1965,1982381,1522288,8.45,12:00
2024,7,2024-07-01,X,TechBrasil,Games,Carrossel,683202,58701,2410,9205,843874,688002,8.52,12:00
2024,7,2024-07-01,LinkedIn,EducaOnline,Tecnologia,Imagem,513038,43844,3869,5010,1150431,2202320,5.55,12:00
2024,7,2024-07-01,LinkedIn,TechBrasil,Entretenimento,Imagem,262045,15094,1228,8435,699429,395525,2.06,18:00
2024,7,2024-07-01,Facebook,EducaOnline,Educação,Stories,427357,79366,4458,5262,1565337,2279375,5.11,12:00
2024,7,2024-07-01,Facebook,GamesBR,Tecnologia,Stories,777077,26858,2781,2671,1483404,2076534,1.12,12:00
2024,7,2024-07-01,X,ModaHoje,Entretenimento,Live,715366,57628,3158,6445,889179,1391119,2.0,12:00
2024,7,2024-07-01,X,ModaHoje,Educação,Carrossel,131862,46009,2128,6538,1038632,1732940,10.25,18:00
2024,7,2024-07-01,TikTok,ModaHoje,Educação,Vídeo,956351,40583,411,1312,331701,11831,5.6,08:00
2024,7,2024-07-01,Instagram,GamesBR,Entretenimento,Imagem,803350,65682,3161,3267,1404617,1672555,6.6,08:00
2024,7,2024-07-01,Instagram,EducaOnline,Educação,Vídeo,573626,30310,479,1954,1050964,285314,1.47,08:00
2024,8,2024-08-01,LinkedIn,TechBrasil,Tecnologia,Live,117362,36309,3383,9173,1588553,1153445,1.36,18:00
2024,8,2024-08-01,LinkedIn,GamesBR,Educação,Imagem,900523,75345,4668,9899,1630658,823792,11.16,08:00
2024,8,2024-08-01,YouTube,TechBrasil,Educação,Carrossel,955627,27929,883,6945,1056917,1951109,6.36,08:00
2024,8,2024-08-01,TikTok,GamesBR,Tecnologia,Carrossel,892888,47621,418,7489,194031,1633950,11.86,08:00
2024,8,2024-08-01,X,ModaHoje,Games,Live,510261,20877,4656,4551,1323419,2222381,9.18,18:00
2024,8,2024-08-01,YouTube,GamesBR,Entretenimento,Imagem,657061,17699,1001,7626,1220403,1676305,1.76,21:00
2024,8,2024-08-01,TikTok,TechBrasil,Tecnologia,Imagem,256143,60544,2347,4965,784042,2350714,1.77,08:00
2024,8,2024-08-01,LinkedIn,ModaHoje,Entretenimento,Vídeo,470771,55823,1178,5928,95553,2454699,5.82,21:00
2024,8,2024-08-01,Facebook,EducaOnline,Games,Live,402013,15080,3769,7075,861645,945629,4.03,12:00
2024,8,2024-08-01,YouTube,GamesBR,Games,Vídeo,484138,29055,4141,3872,1201522,1342189,0.97,21:00
2024,8,2024-08-01,YouTube,EducaOnline,Tecnologia,Vídeo,963748,54628,186,3633,1592384,1727304,4.44,08:00
2024,8,2024-08-01,LinkedIn,TechBrasil,Tecnologia,Stories,498334,15964,2263,6258,1958931,466460,7.32,18:00
2024,8,2024-08-01,TikTok,EducaOnline,Entretenimento,Imagem,752260,23093,597,427,434486,2463060,0.74,18:00
2024,8,2024-08-01,Facebook,EducaOnline,Tecnologia,Carrossel,512931,78112,1944,7997,752758,619697,8.01,12:00
2024,8,2024-08-01,X,ModaHoje,Games,Vídeo,951937,29938,2257,9450,644654,298902,0.98,18:00
2024,8,2024-08-01,YouTube,ModaHoje,Games,Imagem,696655,16984,1969,2470,553352,743086,8.11,21:00
2024,8,2024-08-01,X,ModaHoje,Games,Imagem,152738,26975,3978,8266,825288,173501,11.37,18:00
2024,8,2024-08-01,YouTube,TechBrasil,Entretenimento,Stories,736602,74645,3389,3778,1920817,233048,2.64,18:00
2024,8,2024-08-01,X,EducaOnline,Entretenimento,Stories,62181,49731,3335,5713,741445,1187506,2.31,18:00
2024,8,2024-08-01,LinkedIn,GamesBR,Entretenimento,Imagem,307211,72177,3352,8359,401465,380800,10.01,08:00
2024,8,2024-08-01,YouTube,GamesBR,Educação,Stories,788779,1705,2826,8223,387435,2169450,11.32,18:00
2024,8,2024-08-01,Facebook,EducaOnline,Tecnologia,Carrossel,991612,56919,2907,9862,1465308,445990,11.67,21:00
2024,8,2024-08-01,Instagram,TechBrasil,Educação,Carrossel,883969,52880,4658,6271,513894,315245,7.08,18:00
2024,8,2024-08-01,YouTube,GamesBR,Tecnologia,Vídeo,4198,13619,3394,3136,1003930,1200542,9.03,21:00
2024,8,2024-08-01,TikTok,ModaHoje,Tecnologia,Live,701411,24443,1166,6215,1200920,84839,6.24,18:00
2024,8,2024-08-01,Instagram,TechBrasil,Educação,Live,826068,57358,4352,2271,1373289,1608820,2.07,12:00
2024,8,2024-08-01,X,ModaHoje,Tecnologia,Imagem,165652,33857,3493,2859,1847289,212609,5.27,18:00
2024,8,2024-08-01,LinkedIn,TechBrasil,Tecnologia,Vídeo,267008,78880,3443,9390,1712042,1767697,10.28,21:00
2024,8,2024-08-01,Instagram,GamesBR,Tecnologia,Carrossel,85393,4794,672,8445,167373,2155972,9.68,12:00
2024,8,2024-08-01,YouTube,GamesBR,Educação,Live,284740,24931,2327,3136,66380,1504122,7.34,21:00
2024,8,2024-08-01,Instagram,EducaOnline,Games,Live,725855,50657,1004,3695,1895777,108260,5.86,08:00
2024,8,2024-08-01,Facebook,TechBrasil,Educação,Stories,299384,43521,3983,2029,786348,1983844,11.53,08:00
2024,8,2024-08-01,TikTok,TechBrasil,Educação,Stories,741140,37857,1807,8837,1757277,1097094,2.6,12:00
2024,8,2024-08-01,YouTube,EducaOnline,Educação,Carrossel,874572,38573,1042,5366,1466048,521398,3.27,21:00
2024,8,2024-08-01,TikTok,EducaOnline,Entretenimento,Live,327096,76932,1676,5435,1940824,395470,4.31,08:00
2024,8,2024-08-01,Facebook,TechBrasil,Educação,Imagem,184306,22587,1664,7034,1653675,743444,2.78,18:00
2024,8,2024-08-01,YouTube,EducaOnline,Educação,Stories,662810,26876,1790,5173,1401274,1936814,8.03,08:00
2024,9,2024-09-01,Instagram,GamesBR,Tecnologia,Stories,674589,52041,3879,2136,209155,1656095,6.89,12:00
2024,9,2024-09-01,X,EducaOnline,Games,Imagem,433353,10033,218,3578,1145217,653287,6.74,08:00
2024,9,2024-09-01,Facebook,EducaOnline,Games,Vídeo,963329,70193,342,4486,1854884,706395,6.83,21:00
2024,9,2024-09-01,X,TechBrasil,Games,Imagem,355264,47272,3954,1040,318560,1617411,2.29,21:00
2024,9,2024-09-01,Instagram,GamesBR,Entretenimento,Stories,516576,24523,2893,7886,1332905,1715079,5.79,21:00
2024,9,2024-09-01,LinkedIn,EducaOnline,Games,Live,700660,20145,1072,6406,782741,462498,2.56,08:00
2024,9,2024-09-01,Instagram,EducaOnline,Games,Stories,865331,1949,2925,6867,838560,1255106,6.08,18:00
2024,9,2024-09-01,TikTok,GamesBR,Games,Vídeo,987141,7915,3778,4183,750704,125103,8.6,18:00
2024,9,2024-09-01,TikTok,ModaHoje,Games,Vídeo,662128,38970,1289,3952,1055892,2436077,4.25,12:00
2024,9,2024-09-01,Facebook,GamesBR,Educação,Imagem,654847,63160,4335,8034,1311867,2473290,4.89,08:00
2024,9,2024-09-01,Instagram,TechBrasil,Educação,Live,559039,54980,1128,3024,185512,372249,0.67,21:00
2024,9,2024-09-01,Instagram,GamesBR,Games,Live,34547,72912,4091,5608,959644,1056802,7.64,12:00
2024,9,2024-09-01,Instagram,EducaOnline,Educação,Vídeo,710052,74371,4311,2244,162924,2052339,0.94,08:00
2024,9,2024-09-01,Instagram,GamesBR,Educação,Stories,687323,67041,3206,7829,1506729,1092419,2.37,18:00
2024,9,2024-09-01,Facebook,ModaHoje,Tecnologia,Carrossel,712661,70065,3886,7081,1217219,519207,3.95,21:00
2024,9,2024-09-01,Instagram,TechBrasil,Tecnologia,Imagem,931094,21672,3970,7256,1044507,2123017,9.76,21:00
2024,9,2024-09-01,YouTube,EducaOnline,Tecnologia,Carrossel,834435,3586,2509,2098,1141807,1293313,3.86,18:00
2024,9,2024-09-01,TikTok,EducaOnline,Entretenimento,Carrossel,413798,5802,616,7346,905425,1074905,2.99,08:00
2024,9,2024-09-01,TikTok,ModaHoje,Educação,Imagem,332479,10773,2128,5727,1604616,1498413,3.09,18:00
2024,9,2024-09-01,X,GamesBR,Entretenimento,Live,288064,11647,1216,2563,959727,2478365,2.72,08:00
2024,9,2024-09-01,Facebook,EducaOnline,Educação,Imagem,602683,31421,4253,9629,1004896,737260,9.39,18:00
2024,9,2024-09-01,Instagram,TechBrasil,Educação,Vídeo,571005,2734,3039,4557,933495,169733,3.01,08:00
2024,9,2024-09-01,LinkedIn,ModaHoje,Games,Carrossel,749554,76466,3008,9494,240129,77830,10.95,18:00
2024,9,2024-09-01,LinkedIn,GamesBR,Games,Vídeo,65622,21021,1433,7005,1254162,1948483,1.21,08:00
2024,9,2024-09-01,X,GamesBR,Tecnologia,Vídeo,640273,65092,2286,8068,1747580,54089,6.21,08:00
2024,9,2024-09-01,LinkedIn,TechBrasil,Games,Imagem,276897,2897,2774,7991,1629531,242286,10.79,18:00
2024,9,2024-09-01,Facebook,ModaHoje,Games,Carrossel,440563,35791,2578,9014,1374550,126343,6.67,12:00
2024,9,2024-09-01,Facebook,TechBrasil,Educação,Carrossel,877463,30031,1703,769,1566621,2157077,11.13,08:00
2024,9,2024-09-01,X,GamesBR,Games,Vídeo,791136,50775,3966,1893,1838433,460821,6.59,12:00
2024,9,2024-09-01,LinkedIn,ModaHoje,Educação,Stories,497338,35856,2018,1109,1570253,2209228,9.02,08:00
2024,9,2024-09-01,LinkedIn,GamesBR,Educação,Imagem,249125,75780,1618,2798,139939,444285,0.86,18:00
2024,9,2024-09-01,YouTube,ModaHoje,Tecnologia,Live,729578,41382,666,4483,865531,2200230,4.6,18:00
2024,9,2024-09-01,YouTube,GamesBR,Educação,Stories,496407,39122,1785,6885,85050,2382171,7.76,21:00
2024,9,2024-09-01,TikTok,TechBrasil,Educação,Live,62052,78237,2394,6095,228254,1942961,8.33,08:00
2024,9,2024-09-01,X,ModaHoje,Entretenimento,Stories,425746,68403,4940,4042,1933122,331850,4.27,21:00
2024,9,2024-09-01,Facebook,TechBrasil,Tecnologia,Vídeo,751703,20924,2863,9813,884656,2364827,11.91,18:00
2024,9,2024-09-01,YouTube,ModaHoje,Educação,Vídeo,287578,28764,958,5146,95816,1095156,6.11,18:00
2024,10,2024-10-01,Facebook,TechBrasil,Entretenimento,Carrossel,912965,17168,32,3566,251260,227885,2.67,18:00
2024,10,2024-10-01,TikTok,EducaOnline,Entretenimento,Live,368960,21816,2949,7662,774659,147833,2.45,12:00
2024,10,2024-10-01,X,EducaOnline,Games,Carrossel,721603,32814,3957,6580,290091,1910181,8.85,21:00
2024,10,2024-10-01,TikTok,ModaHoje,Educação,Imagem,537657,15680,4010,9262,865751,1949461,11.8,08:00
2024,10,2024-10-01,TikTok,ModaHoje,Tecnologia,Vídeo,952735,66682,4597,9573,1234020,1333256,11.96,21:00
2024,10,2024-10-01,YouTube,EducaOnline,Educação,Stories,727242,11927,4889,415,746660,294771,11.6,18:00
2024,10,2024-10-01,Facebook,ModaHoje,Educação,Live,63629,33216,3679,6172,821621,2396632,5.84,21:00
2024,10,2024-10-01,YouTube,GamesBR,Tecnologia,Vídeo,931338,23825,4519,4091,1959242,1476715,1.45,21:00
2024,10,2024-10-01,X,TechBrasil,Tecnologia,Imagem,808189,13467,3782,7151,302569,2416140,8.83,12:00
2024,10,2024-10-01,Facebook,ModaHoje,Tecnologia,Imagem,618412,54711,4264,8471,15263,1054561,3.93,18:00
2024,10,2024-10-01,Facebook,EducaOnline,Tecnologia,Live,646759,20012,1370,8712,688454,30717,1.44,08:00
2024,10,2024-10-01,YouTube,GamesBR,Tecnologia,Vídeo,304344,38428,1437,1986,373816,2178632,8.02,21:00
2024,10,2024-10-01,X,TechBrasil,Tecnologia,Live,118384,77757,4188,5318,1142823,1588105,7.25,08:00
2024,10,2024-10-01,YouTube,TechBrasil,Tecnologia,Carrossel,448257,34816,1068,2249,161718,579716,2.7,12:00
2024,10,2024-10-01,TikTok,ModaHoje,Tecnologia,Vídeo,874554,59777,1369,4733,847603,696382,5.28,21:00
2024,10,2024-10-01,Facebook,TechBrasil,Tecnologia,Live,256307,38458,2544,5058,1969369,328190,7.94,12:00
2024,10,2024-10-01,Facebook,TechBrasil,Tecnologia,Carrossel,694090,39479,3875,6239,1697955,2345683,6.49,12:00
2024,10,2024-10-01,Facebook,ModaHoje,Educação,Live,703633,51542,1926,9504,1665642,145281,2.99,12:00
2024,10,2024-10-01,Facebook,EducaOnline,Tecnologia,Carrossel,853265,66159,1552,2030,454132,1648308,6.94,18:00
2024,10,2024-10-01,YouTube,EducaOnline,Entretenimento,Live,703945,48222,4708,5868,1836614,522575,8.89,08:00
2024,10,2024-10-01,YouTube,EducaOnline,Tecnologia,Vídeo,701198,72567,1459,5338,895957,1374032,4.99,12:00
2024,10,2024-10-01,Instagram,ModaHoje,Tecnologia,Vídeo,300648,44566,931,5005,1908584,548252,3.47,18:00
2024,10,2024-10-01,YouTube,GamesBR,Educação,Live,631927,37045,2524,9413,1472620,702562,10.71,18:00
2024,10,2024-10-01,Instagram,GamesBR,Games,Carrossel,658351,41095,2162,5432,1701184,267422,11.27,08:00
2024,10,2024-10-01,Instagram,EducaOnline,Educação,Carrossel,700083,3745,3384,3936,1757546,1201873,6.87,08:00
2024,10,2024-10-01,Facebook,ModaHoje,Games,Live,762689,16231,4260,4536,1405436,1318418,4.37,21:00
2024,10,2024-10-01,LinkedIn,GamesBR,Entretenimento,Carrossel,9183,19107,3818,2803,97580,2202160,2.68,18:00
2024,10,2024-10-01,YouTube,GamesBR,Educação,Stories,869493,48586,1864,2529,702021,1837462,8.89,18:00
2024,10,2024-10-01,TikTok,TechBrasil,Tecnologia,Live,908863,75688,2505,4558,941256,1030344,7.65,08:00
2024,10,2024-10-01,Facebook,TechBrasil,Games,Imagem,938098,51178,4748,8452,728607,1601917,9.45,08:00
2024,10,2024-10-01,Instagram,GamesBR,Games,Stories,770001,48455,2577,1280,1969608,999834,11.46,21:00
2024,10,2024-10-01,TikTok,ModaHoje,Tecnologia,Live,708018,53130,1673,6541,758749,2122967,1.55,18:00
2024,10,2024-10-01,TikTok,TechBrasil,Entretenimento,Stories,792504,74784,4448,882,1183295,1968713,0.64,18:00
2024,10,2024-10-01,X,EducaOnline,Educação,Vídeo,439850,28796,4284,9823,1841152,1951020,6.99,21:00
2024,10,2024-10-01,LinkedIn,TechBrasil,Games,Stories,818592,8027,3046,612,828240,1909475,8.31,08:00
2024,10,2024-10-01,YouTube,EducaOnline,Entretenimento,Stories,130251,41473,20,4510,1940732,2018802,7.37,12:00
2024,10,2024-10-01,TikTok,EducaOnline,Games,Imagem,746042,11767,591,5081,1895471,244266,11.1,18:00
2024,11,2024-11-01,X,GamesBR,Tecnologia,Carrossel,44336,26593,490,567,1703232,2005041,9.2,21:00
2024,11,2024-11-01,YouTube,ModaHoje,Tecnologia,Live,287637,72431,2247,7247,1324417,1071643,4.05,21:00
2024,11,2024-11-01,Instagram,TechBrasil,Educação,Carrossel,327442,59741,4332,7519,1900204,2495303,11.5,12:00
2024,11,2024-11-01,LinkedIn,EducaOnline,Entretenimento,Imagem,105279,6998,1312,6310,870459,2083411,8.12,18:00
2024,11,2024-11-01,Facebook,ModaHoje,Tecnologia,Carrossel,599800,77670,3715,7293,1529671,1057664,7.13,18:00
2024,11,2024-11-01,LinkedIn,TechBrasil,Tecnologia,Live,538750,32939,1005,1206,1737621,2356001,3.15,08:00
2024,11,2024-11-01,X,EducaOnline,Educação,Stories,406189,78592,3199,7447,1323741,1937243,7.9,12:00
2024,11,2024-11-01,Facebook,TechBrasil,Entretenimento,Imagem,528372,21340,713,3208,1438032,1917426,2.1,18:00
2024,11,2024-11-01,Facebook,TechBrasil,Educação,Live,667579,76198,4296,7363,1019740,1151114,8.47,18:00
2024,11,2024-11-01,YouTube,TechBrasil,Tecnologia,Live,129879,46312,4993,3935,1548509,1319813,5.77,08:00
2024,11,2024-11-01,Instagram,TechBrasil,Entretenimento,Live,829587,56318,2533,4474,11956,574894,11.35,18:00
2024,11,2024-11-01,YouTube,EducaOnline,Tecnologia,Imagem,627418,42995,2719,5544,1893446,566479,10.3,08:00
2024,11,2024-11-01,LinkedIn,EducaOnline,Games,Imagem,448529,12478,1862,1644,599721,1454554,8.61,21:00
2024,11,2024-11-01,Facebook,EducaOnline,Entretenimento,Stories,328452,69665,3779,2543,378259,1025583,6.42,12:00
2024,11,2024-11-01,Facebook,EducaOnline,Games,Carrossel,335062,74860,1878,1712,1053850,663038,5.59,12:00
2024,11,2024-11-01,LinkedIn,GamesBR,Entretenimento,Live,630534,28958,2732,624,926170,1841082,4.13,18:00
2024,11,2024-11-01,X,TechBrasil,Educação,Imagem,883458,33800,1670,6791,636202,2290846,4.42,08:00
2024,11,2024-11-01,LinkedIn,TechBrasil,Tecnologia,Live,442968,4386,3441,642,696846,1161246,2.74,21:00
2024,11,2024-11-01,YouTube,ModaHoje,Games,Imagem,945144,55449,3165,1846,1541970,1307761,11.27,08:00
2024,11,2024-11-01,Facebook,GamesBR,Tecnologia,Live,128338,50785,2668,9516,586118,1257296,5.35,21:00
2024,11,2024-11-01,X,TechBrasil,Educação,Stories,782850,15211,4520,113,710571,2306327,9.8,08:00
2024,11,2024-11-01,TikTok,EducaOnline,Entretenimento,Imagem,663557,58834,4920,5648,55851,2452450,5.85,12:00
2024,11,2024-11-01,X,TechBrasil,Entretenimento,Live,830482,35072,3177,5331,1920077,1841852,11.49,21:00
2024,11,2024-11-01,Facebook,ModaHoje,Games,Carrossel,447244,60620,89,8195,301811,2270794,10.49,12:00
2024,11,2024-11-01,Instagram,TechBrasil,Entretenimento,Carrossel,601541,13446,891,3939,29045,1315782,1.26,18:00
2024,11,2024-11-01,X,ModaHoje,Games,Carrossel,153124,78248,2300,1818,1509099,27175,1.98,08:00
2024,11,2024-11-01,LinkedIn,ModaHoje,Games,Imagem,852294,65120,1733,6895,199597,320984,7.09,12:00
2024,11,2024-11-01,Instagram,TechBrasil,Tecnologia,Carrossel,674988,11417,2823,7936,80448,1769278,9.4,18:00
2024,11,2024-11-01,X,GamesBR,Games,Imagem,636845,21534,594,9393,1436297,1407105,6.31,08:00
2024,11,2024-11-01,Instagram,EducaOnline,Educação,Imagem,565473,16240,1483,9883,1682972,1763945,4.78,12:00
2024,11,2024-11-01,LinkedIn,ModaHoje,Tecnologia,Stories,735325,71763,2391,7822,913814,1224275,2.83,12:00
2024,11,2024-11-01,YouTube,ModaHoje,Educação,Carrossel,434350,36989,1560,5712,226878,1001131,5.12,12:00
2024,11,2024-11-01,YouTube,EducaOnline,Entretenimento,Vídeo,526487,60403,4551,3999,1053323,1340973,2.09,21:00
2024,11,2024-11-01,Instagram,TechBrasil,Educação,Stories,99518,11179,3723,4357,1651001,1097621,9.08,08:00
2024,11,2024-11-01,LinkedIn,ModaHoje,Entretenimento,Stories,415699,6896,2141,265,813073,1603687,5.88,08:00
2024,11,2024-11-01,LinkedIn,EducaOnline,Games,Vídeo,261587,9381,2176,4636,1234293,1372237,6.78,21:00
2024,11,2024-11-01,X,GamesBR,Entretenimento,Carrossel,363269,62370,884,3945,25815,751066,2.77,12:00
2024,12,2024-12-01,LinkedIn,EducaOnline,Entretenimento,Live,246455,9577,4019,7319,1389874,1244664,0.97,21:00
2024,12,2024-12-01,TikTok,TechBrasil,Games,Carrossel,455049,79942,382,9610,200901,2034884,2.81,21:00
2024,12,2024-12-01,X,TechBrasil,Tecnologia,Imagem,565098,14467,2678,9237,690617,1615190,8.57,21:00
2024,12,2024-12-01,Instagram,EducaOnline,Educação,Carrossel,919282,22674,1429,5262,1226702,12187,8.11,12:00
2024,12,2024-12-01,LinkedIn,GamesBR,Entretenimento,Carrossel,941614,29189,1488,3850,1819882,1170792,3.8,18:00
2024,12,2024-12-01,Instagram,EducaOnline,Educação,Carrossel,380223,65225,4928,2650,551875,2004040,3.61,21:00
2024,12,2024-12-01,Facebook,ModaHoje,Entretenimento,Stories,439808,71805,2265,2045,779034,982236,10.44,21:00
2024,12,2024-12-01,TikTok,GamesBR,Tecnologia,Live,782574,22406,1111,5665,1828953,1366314,3.1,18:00
2024,12,2024-12-01,TikTok,TechBrasil,Educação,Carrossel,130691,43028,4262,4060,137043,2153595,11.5,21:00
2024,12,2024-12-01,Facebook,GamesBR,Entretenimento,Live,566027,35622,527,2818,663957,496602,10.51,12:00
2024,12,2024-12-01,Instagram,EducaOnline,Educação,Vídeo,479859,56963,957,9851,1439283,1226139,7.91,12:00
2024,12,2024-12-01,Instagram,GamesBR,Games,Stories,205257,43785,2270,9097,205619,1703724,6.52,08:00
2024,12,2024-12-01,LinkedIn,EducaOnline,Tecnologia,Imagem,730426,53508,3483,7720,682580,1880369,8.9,08:00
2024,12,2024-12-01,Instagram,GamesBR,Games,Vídeo,137021,72685,4383,8812,667153,2299552,3.53,08:00
2024,12,2024-12-01,TikTok,EducaOnline,Entretenimento,Live,103314,67599,199,3844,1377324,1845236,4.89,21:00
2024,12,2024-12-01,Instagram,ModaHoje,Entretenimento,Vídeo,478817,56529,4211,1809,409827,1536964,2.37,08:00
2024,12,2024-12-01,YouTube,ModaHoje,Entretenimento,Stories,544264,71709,1599,7590,1368798,2221645,1.13,08:00
2024,12,2024-12-01,LinkedIn,GamesBR,Tecnologia,Imagem,315042,40118,4541,6646,1170259,304390,2.95,08:00
2024,12,2024-12-01,YouTube,ModaHoje,Tecnologia,Imagem,893994,63391,2078,7388,544150,397444,9.87,08:00
2024,12,2024-12-01,YouTube,EducaOnline,Educação,Carrossel,745801,19620,4003,8631,1339626,734428,5.61,08:00
2024,12,2024-12-01,LinkedIn,GamesBR,Entretenimento,Stories,533738,75918,4962,5342,1727261,1773106,10.62,18:00
2024,12,2024-12-01,YouTube,EducaOnline,Tecnologia,Vídeo,248877,42974,1099,2290,289599,346575,10.45,08:00
2024,12,2024-12-01,TikTok,ModaHoje,Educação,Vídeo,970028,33362,1611,119,130249,868747,7.88,08:00
2024,12,2024-12-01,Instagram,GamesBR,Entretenimento,Vídeo,218108,37905,4357,9626,1461291,311810,11.27,12:00
2024,12,2024-12-01,Facebook,TechBrasil,Tecnologia,Stories,495816,62057,3308,6973,339300,251360,1.78,08:00
2024,12,2024-12-01,LinkedIn,TechBrasil,Entretenimento,Vídeo,510269,3466,2221,6674,175442,1659864,6.29,12:00
2024,12,2024-12-01,Facebook,ModaHoje,Tecnologia,Imagem,776077,13593,439,2254,1519080,1823422,4.32,08:00
2024,12,2024-12-01,LinkedIn,TechBrasil,Educação,Carrossel,930942,20620,257,384,693759,1734178,10.47,12:00
2024,12,2024-12-01,Facebook,EducaOnline,Educação,Stories,733995,3962,3013,2548,1823844,1237595,9.8,18:00
2024,12,2024-12-01,Facebook,TechBrasil,Tecnologia,Imagem,589120,13107,3328,5417,56923,1352817,0.57,18:00
2024,12,2024-12-01,TikTok,EducaOnline,Educação,Carrossel,65247,65539,178,8888,464885,1825612,10.55,21:00
2024,12,2024-12-01,YouTube,EducaOnline,Games,Stories,978205,54792,856,3875,308652,147440,4.52,21:00
2024,12,2024-12-01,TikTok,EducaOnline,Tecnologia,Live,866079,45564,1693,2155,1834134,1407092,5.21,21:00
2024,12,2024-12-01,YouTube,GamesBR,Entretenimento,Live,74461,58643,3266,6964,4903,2044047,8.51,12:00
2024,12,2024-12-01,TikTok,EducaOnline,Tecnologia,Vídeo,981941,40792,3935,3972,937798,1761215,1.85,12:00
2024,12,2024-12-01,LinkedIn,TechBrasil,Games,Vídeo,271013,28565,3758,905,910799,1694266,1.82,08:00
2024,12,2024-12-01,Instagram,GamesBR,Games,Vídeo,185294,16847,4994,3309,309016,1443184,11.7,08:00
